2026/08/10 14:25:45.796, 0, 4261, 0
2026/08/10 14:25:45.800, 1, 8813, 0
2026/08/10 14:25:46.841, 0, 4261, 0
2026/08/10 14:25:46.844, 1, 8813, 0
2026/08/10 14:25:47.889, 0, 4261, 0
2026/08/10 14:25:47.893, 1, 9097, 0
2026/08/10 14:25:48.932, 0, 4590, 0
2026/08/10 14:25:48.934, 1, 9097, 0
2026/08/10 14:25:49.973, 0, 4590, 0
2026/08/10 14:25:49.975, 1, 9097, 0
2026/08/10 14:25:51.015, 0, 4622, 0
2026/08/10 14:25:51.017, 1, 9097, 0
2026/08/10 14:25:52.056, 0, 457, 17
2026/08/10 14:25:52.058, 1, 301, 0
2026/08/10 14:25:53.096, 0, 457, 0
2026/08/10 14:25:53.098, 1, 301, 0
2026/08/10 14:25:54.136, 0, 457, 0
2026/08/10 14:25:54.138, 1, 301, 0
2026/08/10 14:25:55.177, 0, 457, 0
2026/08/10 14:25:55.179, 1, 301, 0
2026/08/10 14:25:56.217, 0, 457, 0
2026/08/10 14:25:56.219, 1, 301, 0
2026/08/10 14:25:57.258, 0, 457, 0
2026/08/10 14:25:57.260, 1, 301, 0
2026/08/10 14:25:58.297, 0, 489, 0
2026/08/10 14:25:58.299, 1, 301, 0
2026/08/10 14:25:59.338, 0, 489, 0
2026/08/10 14:25:59.340, 1, 301, 0
2026/08/10 14:26:00.375, 0, 491, 0
2026/08/10 14:26:00.377, 1, 369, 0
2026/08/10 14:26:01.413, 0, 491, 0
2026/08/10 14:26:01.415, 1, 401, 0
2026/08/10 14:26:02.452, 0, 491, 0
2026/08/10 14:26:02.454, 1, 401, 0
2026/08/10 14:26:03.490, 0, 491, 0
2026/08/10 14:26:03.492, 1, 401, 0
2026/08/10 14:26:04.531, 0, 491, 0
2026/08/10 14:26:04.533, 1, 401, 0
2026/08/10 14:26:05.568, 0, 491, 0
2026/08/10 14:26:05.570, 1, 401, 0
2026/08/10 14:26:06.609, 0, 491, 0
2026/08/10 14:26:06.611, 1, 401, 0
2026/08/10 14:26:07.648, 0, 491, 0
2026/08/10 14:26:07.650, 1, 401, 0
2026/08/10 14:26:08.690, 0, 491, 0
2026/08/10 14:26:08.692, 1, 433, 0
2026/08/10 14:26:09.731, 0, 491, 0
2026/08/10 14:26:09.733, 1, 435, 0
2026/08/10 14:26:10.771, 0, 491, 0
2026/08/10 14:26:10.774, 1, 475, 0
2026/08/10 14:26:11.815, 0, 491, 0
2026/08/10 14:26:11.817, 1, 1087, 0
2026/08/10 14:26:12.857, 0, 491, 0
2026/08/10 14:26:12.859, 1, 1309, 34
2026/08/10 14:26:13.900, 0, 491, 0
2026/08/10 14:26:13.902, 1, 1683, 14
2026/08/10 14:26:14.944, 0, 491, 0
2026/08/10 14:26:14.946, 1, 1683, 29
2026/08/10 14:26:15.989, 0, 491, 0
2026/08/10 14:26:15.992, 1, 1683, 19
2026/08/10 14:26:17.039, 0, 491, 0
2026/08/10 14:26:17.043, 1, 1683, 27
2026/08/10 14:26:18.091, 0, 491, 0
2026/08/10 14:26:18.098, 1, 1685, 27
2026/08/10 14:26:19.142, 0, 491, 0
2026/08/10 14:26:19.148, 1, 1685, 30
2026/08/10 14:26:20.193, 0, 491, 0
2026/08/10 14:26:20.199, 1, 1685, 29
2026/08/10 14:26:21.245, 0, 491, 0
2026/08/10 14:26:21.250, 1, 1685, 27
2026/08/10 14:26:22.294, 0, 491, 0
2026/08/10 14:26:22.298, 1, 1685, 16
2026/08/10 14:26:23.344, 0, 491, 0
2026/08/10 14:26:23.348, 1, 1685, 24
2026/08/10 14:26:24.395, 0, 491, 0
2026/08/10 14:26:24.400, 1, 1685, 28
2026/08/10 14:26:25.445, 0, 491, 0
2026/08/10 14:26:25.449, 1, 1685, 32
2026/08/10 14:26:26.495, 0, 491, 0
2026/08/10 14:26:26.499, 1, 1685, 28
2026/08/10 14:26:27.542, 0, 491, 0
2026/08/10 14:26:27.546, 1, 1685, 27
2026/08/10 14:26:28.588, 0, 491, 0
2026/08/10 14:26:28.592, 1, 1685, 26
2026/08/10 14:26:29.635, 0, 491, 0
2026/08/10 14:26:29.639, 1, 1685, 28
2026/08/10 14:26:30.682, 0, 491, 0
2026/08/10 14:26:30.686, 1, 1685, 27
2026/08/10 14:26:31.731, 0, 491, 0
2026/08/10 14:26:31.735, 1, 1685, 0
2026/08/10 14:26:32.780, 0, 491, 0
2026/08/10 14:26:32.784, 1, 1685, 27
2026/08/10 14:26:33.828, 0, 491, 0
2026/08/10 14:26:33.832, 1, 1685, 29
2026/08/10 14:26:34.876, 0, 491, 0
2026/08/10 14:26:34.880, 1, 1685, 27
2026/08/10 14:26:35.925, 0, 491, 0
2026/08/10 14:26:35.929, 1, 1685, 25
2026/08/10 14:26:36.974, 0, 491, 0
2026/08/10 14:26:36.978, 1, 1685, 27
2026/08/10 14:26:38.033, 0, 491, 0
2026/08/10 14:26:38.037, 1, 1685, 26
2026/08/10 14:26:39.086, 0, 491, 0
2026/08/10 14:26:39.090, 1, 1685, 0
2026/08/10 14:26:40.137, 0, 491, 0
2026/08/10 14:26:40.141, 1, 1685, 25
2026/08/10 14:26:41.189, 0, 491, 0
2026/08/10 14:26:41.193, 1, 1685, 30
2026/08/10 14:26:42.238, 0, 491, 0
2026/08/10 14:26:42.242, 1, 1685, 31
2026/08/10 14:26:43.283, 0, 491, 0
2026/08/10 14:26:43.288, 1, 1685, 27
2026/08/10 14:26:44.331, 0, 491, 0
2026/08/10 14:26:44.335, 1, 1685, 29
2026/08/10 14:26:45.385, 0, 491, 0
2026/08/10 14:26:45.391, 1, 1685, 25
2026/08/10 14:26:46.439, 0, 491, 0
2026/08/10 14:26:46.444, 1, 1685, 23
2026/08/10 14:26:47.489, 0, 491, 0
2026/08/10 14:26:47.493, 1, 1685, 24
2026/08/10 14:26:48.539, 0, 491, 0
2026/08/10 14:26:48.543, 1, 1685, 24
2026/08/10 14:26:49.589, 0, 491, 0
2026/08/10 14:26:49.593, 1, 1685, 21
2026/08/10 14:26:50.639, 0, 491, 0
2026/08/10 14:26:50.643, 1, 1685, 23
2026/08/10 14:26:51.691, 0, 491, 0
2026/08/10 14:26:51.695, 1, 1685, 25
2026/08/10 14:26:52.744, 0, 491, 0
2026/08/10 14:26:52.747, 1, 1685, 27
2026/08/10 14:26:53.795, 0, 491, 0
2026/08/10 14:26:53.799, 1, 1685, 29
2026/08/10 14:26:54.856, 0, 491, 0
2026/08/10 14:26:54.862, 1, 1685, 25
2026/08/10 14:26:55.907, 0, 491, 0
2026/08/10 14:26:55.911, 1, 1685, 0
2026/08/10 14:26:56.955, 0, 491, 0
2026/08/10 14:26:56.959, 1, 1685, 26
2026/08/10 14:26:58.002, 0, 491, 0
2026/08/10 14:26:58.005, 1, 1685, 29
2026/08/10 14:26:59.054, 0, 491, 0
2026/08/10 14:26:59.057, 1, 1685, 29
2026/08/10 14:27:00.105, 0, 491, 0
2026/08/10 14:27:00.110, 1, 1685, 24
2026/08/10 14:27:01.162, 0, 491, 0
2026/08/10 14:27:01.166, 1, 1685, 30
2026/08/10 14:27:02.214, 0, 491, 0
2026/08/10 14:27:02.218, 1, 1685, 29
2026/08/10 14:27:03.267, 0, 491, 0
2026/08/10 14:27:03.271, 1, 1685, 24
2026/08/10 14:27:04.320, 0, 491, 0
2026/08/10 14:27:04.324, 1, 1685, 26
2026/08/10 14:27:05.375, 0, 491, 0
2026/08/10 14:27:05.379, 1, 1685, 27
2026/08/10 14:27:06.429, 0, 491, 0
2026/08/10 14:27:06.434, 1, 1685, 5
2026/08/10 14:27:07.481, 0, 491, 0
2026/08/10 14:27:07.485, 1, 1685, 26
2026/08/10 14:27:08.536, 0, 491, 0
2026/08/10 14:27:08.541, 1, 1685, 30
2026/08/10 14:27:09.603, 0, 491, 0
2026/08/10 14:27:09.609, 1, 1685, 25
2026/08/10 14:27:10.658, 0, 491, 0
2026/08/10 14:27:10.665, 1, 1685, 28
2026/08/10 14:27:11.709, 0, 491, 0
2026/08/10 14:27:11.713, 1, 1685, 27
2026/08/10 14:27:12.764, 0, 491, 0
2026/08/10 14:27:12.771, 1, 1685, 28
2026/08/10 14:27:13.817, 0, 491, 0
2026/08/10 14:27:13.826, 1, 1685, 28
2026/08/10 14:27:14.872, 0, 491, 0
2026/08/10 14:27:14.879, 1, 1685, 33
2026/08/10 14:27:15.923, 0, 491, 0
2026/08/10 14:27:15.931, 1, 1685, 17
2026/08/10 14:27:16.978, 0, 491, 0
2026/08/10 14:27:16.985, 1, 1685, 30
2026/08/10 14:27:18.031, 0, 491, 0
2026/08/10 14:27:18.039, 1, 1685, 29
2026/08/10 14:27:19.082, 0, 491, 0
2026/08/10 14:27:19.090, 1, 1685, 31
2026/08/10 14:27:20.134, 0, 491, 0
2026/08/10 14:27:20.141, 1, 1685, 25
2026/08/10 14:27:21.185, 0, 491, 0
2026/08/10 14:27:21.194, 1, 1685, 31
2026/08/10 14:27:22.242, 0, 491, 0
2026/08/10 14:27:22.247, 1, 1685, 29
2026/08/10 14:27:23.295, 0, 491, 0
2026/08/10 14:27:23.299, 1, 1685, 30
2026/08/10 14:27:24.347, 0, 491, 0
2026/08/10 14:27:24.351, 1, 1685, 0
2026/08/10 14:27:25.398, 0, 491, 0
2026/08/10 14:27:25.402, 1, 1685, 28
2026/08/10 14:27:26.451, 0, 491, 0
2026/08/10 14:27:26.454, 1, 1685, 23
2026/08/10 14:27:27.502, 0, 491, 0
2026/08/10 14:27:27.505, 1, 1685, 20
2026/08/10 14:27:28.557, 0, 491, 0
2026/08/10 14:27:28.561, 1, 1685, 24
2026/08/10 14:27:29.607, 0, 491, 0
2026/08/10 14:27:29.611, 1, 1685, 30
2026/08/10 14:27:30.657, 0, 491, 0
2026/08/10 14:27:30.660, 1, 1685, 20
2026/08/10 14:27:31.707, 0, 491, 0
2026/08/10 14:27:31.710, 1, 1685, 23
2026/08/10 14:27:32.759, 0, 491, 0
2026/08/10 14:27:32.763, 1, 1685, 14
2026/08/10 14:27:33.808, 0, 491, 0
2026/08/10 14:27:33.812, 1, 1685, 24
2026/08/10 14:27:34.857, 0, 491, 0
2026/08/10 14:27:34.861, 1, 1685, 21
2026/08/10 14:27:35.903, 0, 491, 0
2026/08/10 14:27:35.906, 1, 1685, 27
2026/08/10 14:27:36.955, 0, 491, 0
2026/08/10 14:27:36.959, 1, 1685, 0
2026/08/10 14:27:38.004, 0, 491, 0
2026/08/10 14:27:38.008, 1, 1685, 25
2026/08/10 14:27:39.052, 0, 491, 0
2026/08/10 14:27:39.056, 1, 1685, 30
2026/08/10 14:27:40.100, 0, 491, 0
2026/08/10 14:27:40.104, 1, 1685, 27
2026/08/10 14:27:41.151, 0, 491, 0
2026/08/10 14:27:41.155, 1, 1685, 29
2026/08/10 14:27:42.199, 0, 491, 0
2026/08/10 14:27:42.203, 1, 1685, 28
2026/08/10 14:27:43.247, 0, 491, 0
2026/08/10 14:27:43.250, 1, 1685, 27
2026/08/10 14:27:44.296, 0, 491, 0
2026/08/10 14:27:44.300, 1, 1685, 27
2026/08/10 14:27:45.342, 0, 491, 0
2026/08/10 14:27:45.346, 1, 1685, 26
2026/08/10 14:27:46.391, 0, 491, 0
2026/08/10 14:27:46.395, 1, 1685, 26
2026/08/10 14:27:47.441, 0, 491, 0
2026/08/10 14:27:47.445, 1, 1685, 0
2026/08/10 14:27:48.491, 0, 491, 0
2026/08/10 14:27:48.494, 1, 1685, 27
2026/08/10 14:27:49.539, 0, 491, 0
2026/08/10 14:27:49.543, 1, 1685, 18
2026/08/10 14:27:50.590, 0, 491, 0
2026/08/10 14:27:50.593, 1, 1685, 28
2026/08/10 14:27:51.639, 0, 491, 0
2026/08/10 14:27:51.642, 1, 1685, 30
2026/08/10 14:27:52.686, 0, 491, 0
2026/08/10 14:27:52.690, 1, 1685, 26
2026/08/10 14:27:53.737, 0, 491, 0
2026/08/10 14:27:53.741, 1, 1685, 28
2026/08/10 14:27:54.787, 0, 491, 0
2026/08/10 14:27:54.791, 1, 1685, 27
2026/08/10 14:27:55.839, 0, 491, 0
2026/08/10 14:27:55.842, 1, 1685, 26
2026/08/10 14:27:56.891, 0, 491, 0
2026/08/10 14:27:56.895, 1, 1685, 0
2026/08/10 14:27:57.942, 0, 491, 0
2026/08/10 14:27:57.946, 1, 1685, 28
2026/08/10 14:27:58.997, 0, 491, 0
2026/08/10 14:27:59.001, 1, 1685, 28
2026/08/10 14:28:00.051, 0, 491, 0
2026/08/10 14:28:00.055, 1, 1685, 28
2026/08/10 14:28:01.104, 0, 491, 0
2026/08/10 14:28:01.108, 1, 1685, 28
2026/08/10 14:28:02.155, 0, 491, 0
2026/08/10 14:28:02.159, 1, 1685, 28
2026/08/10 14:28:03.205, 0, 491, 0
2026/08/10 14:28:03.208, 1, 1685, 24
2026/08/10 14:28:04.256, 0, 491, 0
2026/08/10 14:28:04.259, 1, 1685, 26
2026/08/10 14:28:05.306, 0, 491, 0
2026/08/10 14:28:05.309, 1, 1685, 26
2026/08/10 14:28:06.357, 0, 491, 0
2026/08/10 14:28:06.362, 1, 1685, 27
2026/08/10 14:28:07.408, 0, 491, 0
2026/08/10 14:28:07.412, 1, 1685, 0
2026/08/10 14:28:08.457, 0, 491, 0
2026/08/10 14:28:08.460, 1, 1685, 26
2026/08/10 14:28:09.508, 0, 491, 0
2026/08/10 14:28:09.511, 1, 1685, 0
2026/08/10 14:28:10.556, 0, 491, 0
2026/08/10 14:28:10.559, 1, 1685, 21
2026/08/10 14:28:11.603, 0, 491, 0
2026/08/10 14:28:11.607, 1, 1685, 5
2026/08/10 14:28:12.655, 0, 491, 0
2026/08/10 14:28:12.658, 1, 1685, 22
2026/08/10 14:28:13.707, 0, 491, 0
2026/08/10 14:28:13.711, 1, 1685, 24
2026/08/10 14:28:14.757, 0, 491, 0
2026/08/10 14:28:14.761, 1, 1685, 21
2026/08/10 14:28:15.808, 0, 491, 0
2026/08/10 14:28:15.812, 1, 1685, 21
2026/08/10 14:28:16.859, 0, 491, 0
2026/08/10 14:28:16.863, 1, 1685, 23
2026/08/10 14:28:17.909, 0, 491, 0
2026/08/10 14:28:17.912, 1, 1685, 21
2026/08/10 14:28:18.961, 0, 491, 0
2026/08/10 14:28:18.965, 1, 1685, 23
2026/08/10 14:28:20.012, 0, 491, 0
2026/08/10 14:28:20.015, 1, 1685, 22
2026/08/10 14:28:21.063, 0, 491, 0
2026/08/10 14:28:21.066, 1, 1685, 24
2026/08/10 14:28:22.109, 0, 491, 0
2026/08/10 14:28:22.112, 1, 1685, 19
2026/08/10 14:28:23.155, 0, 491, 0
2026/08/10 14:28:23.163, 1, 1685, 22
2026/08/10 14:28:24.206, 0, 491, 0
2026/08/10 14:28:24.212, 1, 1685, 24
2026/08/10 14:28:25.260, 0, 491, 0
2026/08/10 14:28:25.268, 1, 1685, 23
2026/08/10 14:28:26.314, 0, 491, 0
2026/08/10 14:28:26.321, 1, 1685, 22
2026/08/10 14:28:27.368, 0, 491, 0
2026/08/10 14:28:27.378, 1, 1685, 21
2026/08/10 14:28:28.425, 0, 491, 0
2026/08/10 14:28:28.433, 1, 1685, 0
2026/08/10 14:28:29.480, 0, 491, 0
2026/08/10 14:28:29.485, 1, 1685, 20
2026/08/10 14:28:30.536, 0, 491, 0
2026/08/10 14:28:30.545, 1, 1685, 3
2026/08/10 14:28:31.593, 0, 491, 0
2026/08/10 14:28:31.601, 1, 1685, 24
2026/08/10 14:28:32.644, 0, 491, 0
2026/08/10 14:28:32.652, 1, 1685, 22
2026/08/10 14:28:33.695, 0, 491, 0
2026/08/10 14:28:33.703, 1, 1685, 26
2026/08/10 14:28:34.746, 0, 491, 0
2026/08/10 14:28:34.754, 1, 1685, 22
2026/08/10 14:28:35.798, 0, 491, 0
2026/08/10 14:28:35.806, 1, 1685, 25
2026/08/10 14:28:36.850, 0, 491, 0
2026/08/10 14:28:36.858, 1, 1685, 23
2026/08/10 14:28:37.903, 0, 491, 0
2026/08/10 14:28:37.907, 1, 1685, 25
2026/08/10 14:28:38.948, 0, 491, 0
2026/08/10 14:28:38.955, 1, 1685, 26
2026/08/10 14:28:40.000, 0, 491, 0
2026/08/10 14:28:40.008, 1, 1685, 26
2026/08/10 14:28:41.052, 0, 491, 0
2026/08/10 14:28:41.060, 1, 1685, 23
2026/08/10 14:28:42.107, 0, 491, 0
2026/08/10 14:28:42.114, 1, 1685, 22
2026/08/10 14:28:43.161, 0, 491, 0
2026/08/10 14:28:43.170, 1, 1685, 25
2026/08/10 14:28:44.218, 0, 491, 0
2026/08/10 14:28:44.226, 1, 1685, 20
2026/08/10 14:28:45.270, 0, 491, 0
2026/08/10 14:28:45.277, 1, 1685, 0
2026/08/10 14:28:46.326, 0, 491, 0
2026/08/10 14:28:46.334, 1, 1685, 19
2026/08/10 14:28:47.380, 0, 491, 0
2026/08/10 14:28:47.386, 1, 1685, 0
2026/08/10 14:28:48.433, 0, 491, 0
2026/08/10 14:28:48.441, 1, 1685, 23
2026/08/10 14:28:49.489, 0, 491, 0
2026/08/10 14:28:49.495, 1, 1685, 0
2026/08/10 14:28:50.540, 0, 491, 0
2026/08/10 14:28:50.546, 1, 1685, 19
2026/08/10 14:28:51.593, 0, 491, 0
2026/08/10 14:28:51.599, 1, 1685, 3
2026/08/10 14:28:52.647, 0, 491, 0
2026/08/10 14:28:52.656, 1, 1685, 21
2026/08/10 14:28:53.700, 0, 491, 0
2026/08/10 14:28:53.708, 1, 1685, 25
2026/08/10 14:28:54.755, 0, 491, 0
2026/08/10 14:28:54.761, 1, 1685, 22
2026/08/10 14:28:55.807, 0, 491, 0
2026/08/10 14:28:55.814, 1, 1685, 22
2026/08/10 14:28:56.860, 0, 491, 0
2026/08/10 14:28:56.869, 1, 1685, 22
2026/08/10 14:28:57.925, 0, 491, 0
2026/08/10 14:28:57.932, 1, 1685, 22
2026/08/10 14:28:58.981, 0, 491, 0
2026/08/10 14:28:58.990, 1, 1685, 24
2026/08/10 14:29:00.039, 0, 491, 0
2026/08/10 14:29:00.048, 1, 1685, 27
2026/08/10 14:29:01.097, 0, 491, 0
2026/08/10 14:29:01.105, 1, 1685, 24
2026/08/10 14:29:02.153, 0, 491, 0
2026/08/10 14:29:02.162, 1, 1685, 25
2026/08/10 14:29:03.208, 0, 491, 0
2026/08/10 14:29:03.215, 1, 1685, 21
2026/08/10 14:29:04.261, 0, 491, 0
2026/08/10 14:29:04.267, 1, 1685, 23
2026/08/10 14:29:05.317, 0, 491, 0
2026/08/10 14:29:05.321, 1, 1685, 22
2026/08/10 14:29:06.368, 0, 491, 0
2026/08/10 14:29:06.377, 1, 1685, 25
2026/08/10 14:29:07.422, 0, 491, 0
2026/08/10 14:29:07.428, 1, 1685, 22
2026/08/10 14:29:08.476, 0, 491, 0
2026/08/10 14:29:08.484, 1, 1685, 26
2026/08/10 14:29:09.531, 0, 491, 0
2026/08/10 14:29:09.537, 1, 1685, 22
2026/08/10 14:29:10.584, 0, 491, 0
2026/08/10 14:29:10.593, 1, 1685, 0
2026/08/10 14:29:11.638, 0, 491, 0
2026/08/10 14:29:11.645, 1, 1685, 21
2026/08/10 14:29:12.692, 0, 491, 0
2026/08/10 14:29:12.697, 1, 1685, 5
2026/08/10 14:29:13.745, 0, 491, 0
2026/08/10 14:29:13.756, 1, 1685, 23
2026/08/10 14:29:14.802, 0, 491, 0
2026/08/10 14:29:14.810, 1, 1685, 23
2026/08/10 14:29:15.856, 0, 491, 0
2026/08/10 14:29:15.861, 1, 1685, 25
2026/08/10 14:29:16.918, 0, 491, 0
2026/08/10 14:29:16.925, 1, 1685, 21
2026/08/10 14:29:17.971, 0, 491, 0
2026/08/10 14:29:17.977, 1, 1685, 27
2026/08/10 14:29:19.025, 0, 491, 0
2026/08/10 14:29:19.032, 1, 1685, 23
2026/08/10 14:29:20.083, 0, 491, 0
2026/08/10 14:29:20.086, 1, 1685, 22
2026/08/10 14:29:21.131, 0, 491, 0
2026/08/10 14:29:21.135, 1, 1685, 25
2026/08/10 14:29:22.178, 0, 491, 0
2026/08/10 14:29:22.186, 1, 1685, 22
2026/08/10 14:29:23.236, 0, 491, 0
2026/08/10 14:29:23.240, 1, 1685, 21
2026/08/10 14:29:24.282, 0, 491, 0
2026/08/10 14:29:24.291, 1, 1685, 24
2026/08/10 14:29:25.334, 0, 491, 0
2026/08/10 14:29:25.343, 1, 1685, 26
2026/08/10 14:29:26.388, 0, 491, 0
2026/08/10 14:29:26.395, 1, 1685, 23
2026/08/10 14:29:27.439, 0, 491, 0
2026/08/10 14:29:27.447, 1, 1685, 26
2026/08/10 14:29:28.491, 0, 491, 0
2026/08/10 14:29:28.498, 1, 1685, 25
2026/08/10 14:29:29.543, 0, 491, 0
2026/08/10 14:29:29.558, 1, 1685, 0
2026/08/10 14:29:30.617, 0, 491, 0
2026/08/10 14:29:30.621, 1, 1685, 25
2026/08/10 14:29:31.668, 0, 491, 0
2026/08/10 14:29:31.672, 1, 1685, 7
2026/08/10 14:29:32.724, 0, 491, 0
2026/08/10 14:29:32.727, 1, 1685, 25
2026/08/10 14:29:33.775, 0, 491, 0
2026/08/10 14:29:33.779, 1, 1685, 30
2026/08/10 14:29:34.822, 0, 491, 0
2026/08/10 14:29:34.830, 1, 1685, 26
2026/08/10 14:29:35.871, 0, 491, 0
2026/08/10 14:29:35.881, 1, 1685, 28
2026/08/10 14:29:36.927, 0, 491, 0
2026/08/10 14:29:36.933, 1, 1685, 25
2026/08/10 14:29:37.980, 0, 491, 0
2026/08/10 14:29:37.988, 1, 1685, 31
2026/08/10 14:29:39.037, 0, 491, 0
2026/08/10 14:29:39.043, 1, 1685, 23
2026/08/10 14:29:40.091, 0, 491, 0
2026/08/10 14:29:40.100, 1, 1685, 29
2026/08/10 14:29:41.153, 0, 491, 0
2026/08/10 14:29:41.156, 1, 1685, 28
2026/08/10 14:29:42.205, 0, 491, 0
2026/08/10 14:29:42.208, 1, 1685, 0
2026/08/10 14:29:43.251, 0, 491, 0
2026/08/10 14:29:43.259, 1, 1685, 29
2026/08/10 14:29:44.310, 0, 491, 0
2026/08/10 14:29:44.314, 1, 1685, 33
2026/08/10 14:29:45.360, 0, 491, 0
2026/08/10 14:29:45.363, 1, 1685, 27
2026/08/10 14:29:46.406, 0, 491, 0
2026/08/10 14:29:46.414, 1, 1685, 31
2026/08/10 14:29:47.456, 0, 491, 0
2026/08/10 14:29:47.463, 1, 1685, 30
2026/08/10 14:29:48.510, 0, 491, 0
2026/08/10 14:29:48.521, 1, 1685, 28
2026/08/10 14:29:49.564, 0, 491, 0
2026/08/10 14:29:49.572, 1, 1685, 22
2026/08/10 14:29:50.619, 0, 491, 0
2026/08/10 14:29:50.623, 1, 1685, 26
2026/08/10 14:29:51.674, 0, 491, 0
2026/08/10 14:29:51.677, 1, 1685, 26
2026/08/10 14:29:52.721, 0, 491, 0
2026/08/10 14:29:52.725, 1, 1685, 27
2026/08/10 14:29:53.769, 0, 491, 0
2026/08/10 14:29:53.777, 1, 1685, 20
2026/08/10 14:29:54.833, 0, 491, 0
2026/08/10 14:29:54.837, 1, 1685, 27
2026/08/10 14:29:55.886, 0, 491, 0
2026/08/10 14:29:55.890, 1, 1685, 16
2026/08/10 14:29:56.932, 0, 491, 0
2026/08/10 14:29:56.940, 1, 1685, 32
2026/08/10 14:29:57.982, 0, 491, 0
2026/08/10 14:29:57.990, 1, 1685, 32
2026/08/10 14:29:59.033, 0, 491, 0
2026/08/10 14:29:59.040, 1, 1685, 26
2026/08/10 14:30:00.085, 0, 491, 0
2026/08/10 14:30:00.094, 1, 1685, 24
2026/08/10 14:30:01.140, 0, 491, 0
2026/08/10 14:30:01.146, 1, 1685, 23
2026/08/10 14:30:02.196, 0, 491, 0
2026/08/10 14:30:02.205, 1, 1685, 33
2026/08/10 14:30:03.247, 0, 491, 0
2026/08/10 14:30:03.252, 1, 1685, 28
2026/08/10 14:30:04.301, 0, 491, 0
2026/08/10 14:30:04.309, 1, 1685, 32
2026/08/10 14:30:05.355, 0, 491, 0
2026/08/10 14:30:05.364, 1, 1685, 29
2026/08/10 14:30:06.406, 0, 491, 0
2026/08/10 14:30:06.411, 1, 1685, 26
2026/08/10 14:30:07.462, 0, 491, 0
2026/08/10 14:30:07.467, 1, 1685, 25
2026/08/10 14:30:08.514, 0, 491, 0
2026/08/10 14:30:08.521, 1, 1685, 29
2026/08/10 14:30:09.569, 0, 491, 0
2026/08/10 14:30:09.577, 1, 1685, 28
2026/08/10 14:30:10.621, 0, 491, 0
2026/08/10 14:30:10.628, 1, 1685, 28
2026/08/10 14:30:11.672, 0, 491, 0
2026/08/10 14:30:11.680, 1, 1685, 25
2026/08/10 14:30:12.726, 0, 491, 0
2026/08/10 14:30:12.730, 1, 1685, 24
2026/08/10 14:30:13.777, 0, 491, 0
2026/08/10 14:30:13.780, 1, 1685, 26
2026/08/10 14:30:14.824, 0, 491, 0
2026/08/10 14:30:14.827, 1, 1685, 26
2026/08/10 14:30:15.875, 0, 491, 0
2026/08/10 14:30:15.879, 1, 1685, 26
2026/08/10 14:30:16.925, 0, 491, 0
2026/08/10 14:30:16.929, 1, 1685, 24
2026/08/10 14:30:17.973, 0, 491, 0
2026/08/10 14:30:17.977, 1, 1685, 27
2026/08/10 14:30:19.021, 0, 491, 0
2026/08/10 14:30:19.025, 1, 1685, 29
2026/08/10 14:30:20.069, 0, 491, 0
2026/08/10 14:30:20.077, 1, 1685, 15
2026/08/10 14:30:21.118, 0, 491, 0
2026/08/10 14:30:21.126, 1, 1685, 0
2026/08/10 14:30:22.171, 0, 491, 0
2026/08/10 14:30:22.177, 1, 1685, 24
2026/08/10 14:30:23.226, 0, 491, 0
2026/08/10 14:30:23.230, 1, 1685, 30
2026/08/10 14:30:24.278, 0, 491, 0
2026/08/10 14:30:24.282, 1, 1685, 25
2026/08/10 14:30:25.328, 0, 491, 0
2026/08/10 14:30:25.332, 1, 1685, 32
2026/08/10 14:30:26.382, 0, 491, 0
2026/08/10 14:30:26.386, 1, 1685, 25
2026/08/10 14:30:27.434, 0, 491, 0
2026/08/10 14:30:27.438, 1, 1685, 30
2026/08/10 14:30:28.483, 0, 491, 0
2026/08/10 14:30:28.488, 1, 1685, 25
2026/08/10 14:30:29.533, 0, 491, 0
2026/08/10 14:30:29.537, 1, 1685, 25
2026/08/10 14:30:30.582, 0, 491, 0
2026/08/10 14:30:30.588, 1, 1685, 0
2026/08/10 14:30:31.632, 0, 491, 0
2026/08/10 14:30:31.637, 1, 1685, 27
2026/08/10 14:30:32.688, 0, 491, 0
2026/08/10 14:30:32.694, 1, 1685, 27
2026/08/10 14:30:33.739, 0, 491, 0
2026/08/10 14:30:33.745, 1, 1685, 26
2026/08/10 14:30:34.791, 0, 491, 0
2026/08/10 14:30:34.795, 1, 1685, 27
2026/08/10 14:30:35.841, 0, 491, 0
2026/08/10 14:30:35.845, 1, 1685, 28
2026/08/10 14:30:36.891, 0, 491, 0
2026/08/10 14:30:36.895, 1, 1685, 28
2026/08/10 14:30:37.943, 0, 491, 0
2026/08/10 14:30:37.948, 1, 1685, 24
2026/08/10 14:30:38.992, 0, 491, 0
2026/08/10 14:30:38.998, 1, 1685, 27
2026/08/10 14:30:40.044, 0, 491, 0
2026/08/10 14:30:40.048, 1, 1685, 28
2026/08/10 14:30:41.094, 0, 491, 0
2026/08/10 14:30:41.098, 1, 1685, 27
2026/08/10 14:30:42.143, 0, 491, 0
2026/08/10 14:30:42.146, 1, 1685, 28
2026/08/10 14:30:43.190, 0, 491, 0
2026/08/10 14:30:43.196, 1, 1685, 13
2026/08/10 14:30:44.239, 0, 491, 0
2026/08/10 14:30:44.243, 1, 1685, 26
2026/08/10 14:30:45.290, 0, 491, 0
2026/08/10 14:30:45.297, 1, 1685, 27
2026/08/10 14:30:46.342, 0, 491, 0
2026/08/10 14:30:46.347, 1, 1685, 25
2026/08/10 14:30:47.394, 0, 491, 0
2026/08/10 14:30:47.401, 1, 1685, 27
2026/08/10 14:30:48.447, 0, 491, 0
2026/08/10 14:30:48.452, 1, 1685, 22
2026/08/10 14:30:49.499, 0, 491, 0
2026/08/10 14:30:49.504, 1, 1685, 2
2026/08/10 14:30:50.549, 0, 491, 0
2026/08/10 14:30:50.554, 1, 1685, 21
2026/08/10 14:30:51.607, 0, 491, 0
2026/08/10 14:30:51.612, 1, 1685, 0
2026/08/10 14:30:52.661, 0, 491, 0
2026/08/10 14:30:52.665, 1, 1685, 22
2026/08/10 14:30:53.715, 0, 491, 0
2026/08/10 14:30:53.719, 1, 1685, 18
2026/08/10 14:30:54.770, 0, 491, 0
2026/08/10 14:30:54.774, 1, 1685, 24
2026/08/10 14:30:55.823, 0, 491, 0
2026/08/10 14:30:55.828, 1, 1685, 24
2026/08/10 14:30:56.879, 0, 491, 0
2026/08/10 14:30:56.883, 1, 1685, 23
2026/08/10 14:30:57.934, 0, 491, 0
2026/08/10 14:30:57.940, 1, 1685, 25
2026/08/10 14:30:58.988, 0, 491, 0
2026/08/10 14:30:58.992, 1, 1685, 25
2026/08/10 14:31:00.040, 0, 491, 0
2026/08/10 14:31:00.045, 1, 1685, 24
2026/08/10 14:31:01.094, 0, 491, 0
2026/08/10 14:31:01.099, 1, 1685, 23
2026/08/10 14:31:02.147, 0, 491, 0
2026/08/10 14:31:02.151, 1, 1685, 24
2026/08/10 14:31:03.202, 0, 491, 0
2026/08/10 14:31:03.207, 1, 1685, 21
2026/08/10 14:31:04.256, 0, 491, 0
2026/08/10 14:31:04.260, 1, 1685, 24
2026/08/10 14:31:05.316, 0, 491, 0
2026/08/10 14:31:05.322, 1, 1685, 21
2026/08/10 14:31:06.371, 0, 491, 0
2026/08/10 14:31:06.375, 1, 1685, 0
2026/08/10 14:31:07.426, 0, 491, 0
2026/08/10 14:31:07.430, 1, 1685, 25
2026/08/10 14:31:08.480, 0, 491, 0
2026/08/10 14:31:08.484, 1, 1685, 0
2026/08/10 14:31:09.531, 0, 491, 0
2026/08/10 14:31:09.536, 1, 1685, 26
2026/08/10 14:31:10.583, 0, 491, 0
2026/08/10 14:31:10.588, 1, 1685, 34
2026/08/10 14:31:11.648, 0, 523, 0
2026/08/10 14:31:11.654, 1, 1941, 29
2026/08/10 14:31:12.707, 0, 1681, 60
2026/08/10 14:31:12.713, 1, 2843, 3
2026/08/10 14:31:13.766, 0, 1523, 81
2026/08/10 14:31:13.768, 1, 2907, 67
2026/08/10 14:31:14.810, 0, 1875, 44
2026/08/10 14:31:14.812, 1, 3355, 58
2026/08/10 14:31:15.853, 0, 2675, 51
2026/08/10 14:31:15.855, 1, 3835, 88
2026/08/10 14:31:16.925, 0, 2323, 69
2026/08/10 14:31:16.932, 1, 3389, 39
2026/08/10 14:31:17.995, 0, 2131, 90
2026/08/10 14:31:17.998, 1, 3549, 90
2026/08/10 14:31:19.081, 0, 2131, 98
2026/08/10 14:31:19.088, 1, 3357, 69
2026/08/10 14:31:20.130, 0, 2131, 100
2026/08/10 14:31:20.132, 1, 3389, 77
2026/08/10 14:31:21.196, 0, 2131, 100
2026/08/10 14:31:21.199, 1, 3389, 8
2026/08/10 14:31:22.240, 0, 2131, 25
2026/08/10 14:31:22.242, 1, 3785, 8
2026/08/10 14:31:23.283, 0, 2131, 54
2026/08/10 14:31:23.286, 1, 3945, 0
2026/08/10 14:31:24.325, 0, 1779, 81
2026/08/10 14:31:24.327, 1, 3529, 72
2026/08/10 14:31:25.366, 0, 1939, 36
2026/08/10 14:31:25.368, 1, 4073, 36
2026/08/10 14:31:26.412, 0, 2355, 5
2026/08/10 14:31:26.415, 1, 4041, 7
2026/08/10 14:31:27.471, 0, 2131, 72
2026/08/10 14:31:27.473, 1, 3817, 55
2026/08/10 14:31:28.544, 0, 2739, 94
2026/08/10 14:31:28.546, 1, 3945, 80
2026/08/10 14:31:29.615, 0, 4307, 98
2026/08/10 14:31:29.617, 1, 4329, 100
2026/08/10 14:31:30.656, 0, 3091, 68
2026/08/10 14:31:30.658, 1, 4713, 94
2026/08/10 14:31:31.702, 0, 3443, 87
2026/08/10 14:31:31.705, 1, 5609, 91
2026/08/10 14:31:32.747, 0, 3891, 98
2026/08/10 14:31:32.750, 1, 3913, 13
2026/08/10 14:31:33.813, 0, 3603, 56
2026/08/10 14:31:33.816, 1, 6249, 99
2026/08/10 14:31:34.871, 0, 3347, 86
2026/08/10 14:31:34.874, 1, 3945, 100
2026/08/10 14:31:35.949, 0, 2899, 91
2026/08/10 14:31:35.956, 1, 4137, 59
2026/08/10 14:31:37.025, 0, 2867, 100
2026/08/10 14:31:37.028, 1, 4873, 100
2026/08/10 14:31:38.086, 0, 4947, 29
2026/08/10 14:31:38.091, 1, 4649, 100
2026/08/10 14:31:39.140, 0, 4851, 100
2026/08/10 14:31:39.143, 1, 4873, 85
2026/08/10 14:31:40.194, 0, 2611, 69
2026/08/10 14:31:40.198, 1, 5673, 54
2026/08/10 14:31:41.260, 0, 2835, 98
2026/08/10 14:31:41.268, 1, 4777, 87
2026/08/10 14:31:42.326, 0, 3347, 100
2026/08/10 14:31:42.329, 1, 4137, 97
2026/08/10 14:31:43.401, 0, 2419, 22
2026/08/10 14:31:43.404, 1, 4009, 81
2026/08/10 14:31:44.486, 0, 4755, 67
2026/08/10 14:31:44.494, 1, 5289, 100
2026/08/10 14:31:45.551, 0, 2835, 98
2026/08/10 14:31:45.554, 1, 5481, 3
2026/08/10 14:31:46.608, 0, 4083, 87
2026/08/10 14:31:46.610, 1, 6601, 79
2026/08/10 14:31:47.656, 0, 4371, 0
2026/08/10 14:31:47.659, 1, 4937, 100
2026/08/10 14:31:48.703, 0, 4531, 96
2026/08/10 14:31:48.706, 1, 5417, 64
2026/08/10 14:31:49.749, 0, 4819, 83
2026/08/10 14:31:49.752, 1, 7241, 93
2026/08/10 14:31:50.815, 0, 3987, 97
2026/08/10 14:31:50.818, 1, 6409, 45
2026/08/10 14:31:51.881, 0, 4307, 100
2026/08/10 14:31:51.885, 1, 6665, 99
2026/08/10 14:31:52.930, 0, 3475, 79
2026/08/10 14:31:52.932, 1, 5129, 100
2026/08/10 14:31:53.975, 0, 6227, 70
2026/08/10 14:31:53.979, 1, 4329, 18
2026/08/10 14:31:55.040, 0, 3763, 97
2026/08/10 14:31:55.044, 1, 4713, 97
2026/08/10 14:31:56.100, 0, 3827, 91
2026/08/10 14:31:56.103, 1, 5225, 88
2026/08/10 14:31:57.160, 0, 5139, 97
2026/08/10 14:31:57.163, 1, 7145, 91
2026/08/10 14:31:58.257, 0, 4787, 99
2026/08/10 14:31:58.261, 1, 4361, 72
2026/08/10 14:31:59.332, 0, 6419, 90
2026/08/10 14:31:59.337, 1, 6281, 80
2026/08/10 14:32:00.394, 0, 2707, 96
2026/08/10 14:32:00.396, 1, 4713, 4
2026/08/10 14:32:01.451, 0, 7155, 66
2026/08/10 14:32:01.455, 1, 8297, 99
2026/08/10 14:32:02.535, 0, 3763, 91
2026/08/10 14:32:02.545, 1, 4777, 75
2026/08/10 14:32:03.625, 0, 4275, 82
2026/08/10 14:32:03.631, 1, 5897, 100
2026/08/10 14:32:04.703, 0, 4435, 90
2026/08/10 14:32:04.707, 1, 5513, 85
2026/08/10 14:32:05.769, 0, 3731, 51
2026/08/10 14:32:05.771, 1, 5577, 100
2026/08/10 14:32:06.823, 0, 5171, 89
2026/08/10 14:32:06.826, 1, 4873, 7
2026/08/10 14:32:07.893, 0, 6675, 81
2026/08/10 14:32:07.902, 1, 6537, 97
2026/08/10 14:32:08.972, 0, 6195, 86
2026/08/10 14:32:08.975, 1, 4969, 13
2026/08/10 14:32:10.036, 0, 5235, 75
2026/08/10 14:32:10.039, 1, 4553, 59
2026/08/10 14:32:11.097, 0, 7155, 89
2026/08/10 14:32:11.100, 1, 7145, 76
2026/08/10 14:32:12.157, 0, 6643, 100
2026/08/10 14:32:12.167, 1, 5961, 90
2026/08/10 14:32:13.239, 0, 4243, 91
2026/08/10 14:32:13.250, 1, 7401, 54
2026/08/10 14:32:14.316, 0, 5427, 94
2026/08/10 14:32:14.322, 1, 7305, 39
2026/08/10 14:32:15.400, 0, 4883, 97
2026/08/10 14:32:15.403, 1, 6825, 10
2026/08/10 14:32:16.459, 0, 5875, 100
2026/08/10 14:32:16.462, 1, 7049, 100
2026/08/10 14:32:17.517, 0, 9107, 78
2026/08/10 14:32:17.523, 1, 6569, 86
2026/08/10 14:32:18.604, 0, 3731, 74
2026/08/10 14:32:18.607, 1, 6537, 100
2026/08/10 14:32:19.660, 0, 5075, 69
2026/08/10 14:32:19.662, 1, 12361, 83
2026/08/10 14:32:20.712, 0, 5267, 79
2026/08/10 14:32:20.715, 1, 8201, 98
2026/08/10 14:32:21.784, 0, 3347, 100
2026/08/10 14:32:21.792, 1, 7369, 93
2026/08/10 14:32:22.851, 0, 4851, 100
2026/08/10 14:32:22.855, 1, 7561, 24
2026/08/10 14:32:23.918, 0, 6099, 100
2026/08/10 14:32:23.921, 1, 6345, 100
2026/08/10 14:32:24.983, 0, 4755, 100
2026/08/10 14:32:24.988, 1, 6313, 83
2026/08/10 14:32:26.062, 0, 5235, 74
2026/08/10 14:32:26.069, 1, 6665, 78
2026/08/10 14:32:27.168, 0, 4819, 84
2026/08/10 14:32:27.172, 1, 8329, 61
2026/08/10 14:32:28.236, 0, 2771, 66
2026/08/10 14:32:28.239, 1, 4937, 74
2026/08/10 14:32:29.295, 0, 9875, 72
2026/08/10 14:32:29.298, 1, 9289, 95
2026/08/10 14:32:30.378, 0, 6067, 100
2026/08/10 14:32:30.382, 1, 8425, 76
2026/08/10 14:32:31.443, 0, 5939, 80
2026/08/10 14:32:31.453, 1, 6345, 44
2026/08/10 14:32:32.556, 0, 4307, 89
2026/08/10 14:32:32.564, 1, 6377, 73
2026/08/10 14:32:33.643, 0, 4563, 56
2026/08/10 14:32:33.647, 1, 6473, 88
2026/08/10 14:32:34.730, 0, 5171, 97
2026/08/10 14:32:34.733, 1, 6121, 73
2026/08/10 14:32:35.818, 0, 4659, 99
2026/08/10 14:32:35.826, 1, 4457, 88
2026/08/10 14:32:36.916, 0, 5619, 65
2026/08/10 14:32:36.924, 1, 6665, 57
2026/08/10 14:32:38.012, 0, 3987, 42
2026/08/10 14:32:38.020, 1, 8425, 58
2026/08/10 14:32:39.102, 0, 2931, 71
2026/08/10 14:32:39.106, 1, 5225, 87
2026/08/10 14:32:40.199, 0, 3219, 91
2026/08/10 14:32:40.205, 1, 6377, 62
2026/08/10 14:32:41.283, 0, 3123, 87
2026/08/10 14:32:41.287, 1, 5993, 65
2026/08/10 14:32:42.364, 0, 5427, 88
2026/08/10 14:32:42.370, 1, 5641, 100
2026/08/10 14:32:43.429, 0, 4627, 62
2026/08/10 14:32:43.432, 1, 4937, 88
2026/08/10 14:32:44.489, 0, 3635, 98
2026/08/10 14:32:44.496, 1, 5545, 96
2026/08/10 14:32:45.552, 0, 2867, 63
2026/08/10 14:32:45.556, 1, 4265, 83
2026/08/10 14:32:46.645, 0, 3571, 80
2026/08/10 14:32:46.652, 1, 6217, 55
2026/08/10 14:32:47.722, 0, 2643, 87
2026/08/10 14:32:47.725, 1, 8393, 84
2026/08/10 14:32:48.792, 0, 4371, 0
2026/08/10 14:32:48.795, 1, 9065, 95
2026/08/10 14:32:49.889, 0, 2899, 0
2026/08/10 14:32:49.896, 1, 4393, 99
2026/08/10 14:32:50.984, 0, 3123, 58
2026/08/10 14:32:50.987, 1, 4361, 80
2026/08/10 14:32:52.062, 0, 3923, 62
2026/08/10 14:32:52.070, 1, 8073, 64
2026/08/10 14:32:53.176, 0, 5299, 77
2026/08/10 14:32:53.179, 1, 6281, 77
2026/08/10 14:32:54.264, 0, 3987, 63
2026/08/10 14:32:54.269, 1, 5737, 80
2026/08/10 14:32:55.346, 0, 3731, 83
2026/08/10 14:32:55.352, 1, 6569, 56
2026/08/10 14:32:56.435, 0, 8851, 46
2026/08/10 14:32:56.440, 1, 4585, 97
2026/08/10 14:32:57.536, 0, 3475, 92
2026/08/10 14:32:57.541, 1, 6089, 94
2026/08/10 14:32:58.625, 0, 11283, 87
2026/08/10 14:32:58.631, 1, 10281, 100
2026/08/10 14:32:59.684, 0, 5427, 68
2026/08/10 14:32:59.688, 1, 10153, 96
2026/08/10 14:33:00.781, 0, 4595, 68
2026/08/10 14:33:00.787, 1, 5161, 37
2026/08/10 14:33:01.873, 0, 4915, 95
2026/08/10 14:33:01.882, 1, 5161, 38
2026/08/10 14:33:02.949, 0, 3955, 76
2026/08/10 14:33:02.959, 1, 5257, 89
2026/08/10 14:33:04.030, 0, 4051, 88
2026/08/10 14:33:04.033, 1, 6985, 81
2026/08/10 14:33:05.116, 0, 4787, 73
2026/08/10 14:33:05.120, 1, 5385, 94
2026/08/10 14:33:06.187, 0, 3923, 62
2026/08/10 14:33:06.192, 1, 5321, 74
2026/08/10 14:33:07.270, 0, 3731, 86
2026/08/10 14:33:07.275, 1, 8105, 83
2026/08/10 14:33:08.344, 0, 5843, 100
2026/08/10 14:33:08.347, 1, 7273, 92
2026/08/10 14:33:09.428, 0, 8595, 100
2026/08/10 14:33:09.436, 1, 5289, 100
2026/08/10 14:33:10.497, 0, 9555, 86
2026/08/10 14:33:10.500, 1, 7433, 100
2026/08/10 14:33:11.572, 0, 3443, 98
2026/08/10 14:33:11.576, 1, 4041, 87
2026/08/10 14:33:12.672, 0, 2259, 83
2026/08/10 14:33:12.675, 1, 3913, 40
2026/08/10 14:33:13.768, 0, 2803, 88
2026/08/10 14:33:13.772, 1, 5801, 84
2026/08/10 14:33:14.854, 0, 4531, 65
2026/08/10 14:33:14.862, 1, 5833, 87
2026/08/10 14:33:15.949, 0, 2675, 88
2026/08/10 14:33:15.951, 1, 3945, 84
2026/08/10 14:33:17.026, 0, 2323, 83
2026/08/10 14:33:17.029, 1, 7273, 69
2026/08/10 14:33:18.083, 0, 2707, 100
2026/08/10 14:33:18.085, 1, 3913, 92
2026/08/10 14:33:19.144, 0, 8275, 79
2026/08/10 14:33:19.149, 1, 6729, 100
2026/08/10 14:33:20.229, 0, 2451, 90
2026/08/10 14:33:20.232, 1, 6153, 38
2026/08/10 14:33:21.328, 0, 4339, 62
2026/08/10 14:33:21.337, 1, 5321, 91
2026/08/10 14:33:22.430, 0, 3123, 55
2026/08/10 14:33:22.433, 1, 4457, 38
2026/08/10 14:33:23.547, 0, 4499, 91
2026/08/10 14:33:23.560, 1, 7049, 88
2026/08/10 14:33:24.641, 0, 4371, 100
2026/08/10 14:33:24.645, 1, 7529, 94
2026/08/10 14:33:25.715, 0, 2803, 83
2026/08/10 14:33:25.725, 1, 8905, 39
2026/08/10 14:33:26.787, 0, 3987, 67
2026/08/10 14:33:26.789, 1, 8041, 68
2026/08/10 14:33:27.861, 0, 3539, 88
2026/08/10 14:33:27.866, 1, 5225, 94
2026/08/10 14:33:28.928, 0, 9171, 87
2026/08/10 14:33:28.932, 1, 7369, 20
2026/08/10 14:33:29.992, 0, 4467, 90
2026/08/10 14:33:29.994, 1, 6633, 69
2026/08/10 14:33:31.062, 0, 2707, 72
2026/08/10 14:33:31.067, 1, 4457, 74
2026/08/10 14:33:32.156, 0, 4499, 86
2026/08/10 14:33:32.165, 1, 4777, 83
2026/08/10 14:33:33.241, 0, 5779, 91
2026/08/10 14:33:33.244, 1, 5193, 69
2026/08/10 14:33:34.341, 0, 2419, 44
2026/08/10 14:33:34.348, 1, 5065, 52
2026/08/10 14:33:35.440, 0, 3443, 26
2026/08/10 14:33:35.444, 1, 8937, 46
2026/08/10 14:33:36.507, 0, 5363, 82
2026/08/10 14:33:36.510, 1, 7337, 93
2026/08/10 14:33:37.614, 0, 5235, 85
2026/08/10 14:33:37.621, 1, 5129, 100
2026/08/10 14:33:38.687, 0, 4563, 87
2026/08/10 14:33:38.694, 1, 5129, 78
2026/08/10 14:33:39.775, 0, 3123, 64
2026/08/10 14:33:39.783, 1, 6985, 50
2026/08/10 14:33:40.848, 0, 2963, 80
2026/08/10 14:33:40.855, 1, 10121, 68
2026/08/10 14:33:41.936, 0, 4723, 66
2026/08/10 14:33:41.941, 1, 6377, 91
2026/08/10 14:33:43.019, 0, 4723, 69
2026/08/10 14:33:43.022, 1, 3721, 52
2026/08/10 14:33:44.104, 0, 5875, 82
2026/08/10 14:33:44.107, 1, 5321, 86
2026/08/10 14:33:45.183, 0, 2547, 74
2026/08/10 14:33:45.189, 1, 4297, 87
2026/08/10 14:33:46.246, 0, 3059, 61
2026/08/10 14:33:46.250, 1, 3977, 64
2026/08/10 14:33:47.317, 0, 3443, 39
2026/08/10 14:33:47.319, 1, 6441, 97
2026/08/10 14:33:48.384, 0, 2259, 66
2026/08/10 14:33:48.390, 1, 4137, 86
2026/08/10 14:33:49.482, 0, 4915, 88
2026/08/10 14:33:49.486, 1, 6825, 7
2026/08/10 14:33:50.548, 0, 2611, 46
2026/08/10 14:33:50.551, 1, 4713, 95
2026/08/10 14:33:51.643, 0, 3187, 73
2026/08/10 14:33:51.647, 1, 4105, 67
2026/08/10 14:33:52.714, 0, 3827, 94
2026/08/10 14:33:52.720, 1, 4393, 0
2026/08/10 14:33:53.792, 0, 4851, 99
2026/08/10 14:33:53.796, 1, 7977, 67
2026/08/10 14:33:54.868, 0, 3507, 90
2026/08/10 14:33:54.878, 1, 7561, 89
2026/08/10 14:33:55.977, 0, 4147, 55
2026/08/10 14:33:55.980, 1, 4937, 9
2026/08/10 14:33:57.090, 0, 4467, 80
2026/08/10 14:33:57.099, 1, 5321, 71
2026/08/10 14:33:58.173, 0, 4435, 48
2026/08/10 14:33:58.179, 1, 5929, 75
2026/08/10 14:33:59.291, 0, 2291, 78
2026/08/10 14:33:59.297, 1, 5193, 48
2026/08/10 14:34:00.376, 0, 3059, 63
2026/08/10 14:34:00.379, 1, 6121, 100
2026/08/10 14:34:01.453, 0, 2867, 40
2026/08/10 14:34:01.459, 1, 3817, 71
2026/08/10 14:34:02.550, 0, 7123, 68
2026/08/10 14:34:02.557, 1, 5641, 41
2026/08/10 14:34:03.646, 0, 3091, 76
2026/08/10 14:34:03.649, 1, 4233, 73
2026/08/10 14:34:04.717, 0, 5843, 97
2026/08/10 14:34:04.720, 1, 5225, 9
2026/08/10 14:34:05.811, 0, 3507, 95
2026/08/10 14:34:05.813, 1, 7273, 0
2026/08/10 14:34:06.888, 0, 3379, 68
2026/08/10 14:34:06.899, 1, 7145, 85
2026/08/10 14:34:07.974, 0, 5203, 81
2026/08/10 14:34:07.980, 1, 3849, 0
2026/08/10 14:34:09.058, 0, 3443, 83
2026/08/10 14:34:09.061, 1, 5065, 66
2026/08/10 14:34:10.164, 0, 2579, 100
2026/08/10 14:34:10.166, 1, 5065, 22
2026/08/10 14:34:11.253, 0, 3027, 82
2026/08/10 14:34:11.257, 1, 6025, 6
2026/08/10 14:34:12.341, 0, 2579, 43
2026/08/10 14:34:12.343, 1, 3753, 74
2026/08/10 14:34:13.452, 0, 3091, 62
2026/08/10 14:34:13.455, 1, 5929, 37
2026/08/10 14:34:14.511, 0, 7155, 0
2026/08/10 14:34:14.514, 1, 4617, 97
2026/08/10 14:34:15.609, 0, 3475, 84
2026/08/10 14:34:15.615, 1, 6057, 76
2026/08/10 14:34:16.698, 0, 3987, 100
2026/08/10 14:34:16.704, 1, 5033, 8
2026/08/10 14:34:17.805, 0, 9203, 80
2026/08/10 14:34:17.813, 1, 5961, 100
2026/08/10 14:34:18.883, 0, 5907, 90
2026/08/10 14:34:18.885, 1, 5961, 57
2026/08/10 14:34:19.982, 0, 5107, 77
2026/08/10 14:34:19.988, 1, 5289, 86
2026/08/10 14:34:21.094, 0, 2803, 55
2026/08/10 14:34:21.097, 1, 5897, 60
2026/08/10 14:34:22.186, 0, 2867, 90
2026/08/10 14:34:22.189, 1, 6025, 32
2026/08/10 14:34:23.258, 0, 2611, 40
2026/08/10 14:34:23.265, 1, 4617, 84
2026/08/10 14:34:24.364, 0, 3123, 87
2026/08/10 14:34:24.367, 1, 4393, 90
2026/08/10 14:34:25.466, 0, 3315, 99
2026/08/10 14:34:25.469, 1, 4873, 70
2026/08/10 14:34:26.553, 0, 2611, 49
2026/08/10 14:34:26.558, 1, 6185, 88
2026/08/10 14:34:27.635, 0, 4339, 62
2026/08/10 14:34:27.641, 1, 4969, 87
2026/08/10 14:34:28.697, 0, 4691, 19
2026/08/10 14:34:28.700, 1, 6537, 79
2026/08/10 14:34:29.791, 0, 2643, 78
2026/08/10 14:34:29.797, 1, 5929, 44
2026/08/10 14:34:30.878, 0, 2899, 89
2026/08/10 14:34:30.889, 1, 4745, 80
2026/08/10 14:34:31.982, 0, 4563, 90
2026/08/10 14:34:31.986, 1, 4521, 42
2026/08/10 14:34:33.067, 0, 2483, 84
2026/08/10 14:34:33.069, 1, 3817, 93
2026/08/10 14:34:34.158, 0, 5363, 41
2026/08/10 14:34:34.162, 1, 6121, 99
2026/08/10 14:34:35.261, 0, 3347, 82
2026/08/10 14:34:35.269, 1, 6761, 11
2026/08/10 14:34:36.353, 0, 2483, 85
2026/08/10 14:34:36.359, 1, 4265, 53
2026/08/10 14:34:37.429, 0, 4979, 87
2026/08/10 14:34:37.434, 1, 6697, 100
2026/08/10 14:34:38.523, 0, 5107, 100
2026/08/10 14:34:38.526, 1, 4585, 19
2026/08/10 14:34:39.602, 0, 3923, 58
2026/08/10 14:34:39.607, 1, 6089, 0
2026/08/10 14:34:40.697, 0, 3123, 86
2026/08/10 14:34:40.700, 1, 4521, 93
2026/08/10 14:34:41.795, 0, 5363, 0
2026/08/10 14:34:41.803, 1, 4937, 79
2026/08/10 14:34:42.876, 0, 2867, 86
2026/08/10 14:34:42.885, 1, 5001, 70
2026/08/10 14:34:43.956, 0, 5427, 99
2026/08/10 14:34:43.962, 1, 6793, 88
2026/08/10 14:34:45.037, 0, 3539, 80
2026/08/10 14:34:45.041, 1, 6537, 88
2026/08/10 14:34:46.122, 0, 4947, 92
2026/08/10 14:34:46.125, 1, 6569, 93
2026/08/10 14:34:47.210, 0, 5011, 87
2026/08/10 14:34:47.213, 1, 5129, 75
2026/08/10 14:34:48.298, 0, 7539, 81
2026/08/10 14:34:48.302, 1, 4649, 80
2026/08/10 14:34:49.376, 0, 4531, 90
2026/08/10 14:34:49.383, 1, 5161, 65
2026/08/10 14:34:50.480, 0, 2675, 87
2026/08/10 14:34:50.486, 1, 5481, 64
2026/08/10 14:34:51.583, 0, 4339, 89
2026/08/10 14:34:51.590, 1, 5385, 83
2026/08/10 14:34:52.687, 0, 5107, 77
2026/08/10 14:34:52.691, 1, 7113, 48
2026/08/10 14:34:53.771, 0, 3667, 93
2026/08/10 14:34:53.775, 1, 4809, 100
2026/08/10 14:34:54.846, 0, 4243, 66
2026/08/10 14:34:54.850, 1, 5737, 78
2026/08/10 14:34:55.909, 0, 7155, 57
2026/08/10 14:34:55.913, 1, 6697, 95
2026/08/10 14:34:56.965, 0, 3667, 83
2026/08/10 14:34:56.969, 1, 6505, 100
2026/08/10 14:34:58.044, 0, 4755, 81
2026/08/10 14:34:58.051, 1, 5033, 87
2026/08/10 14:34:59.121, 0, 5331, 46
2026/08/10 14:34:59.127, 1, 4169, 85
2026/08/10 14:35:00.204, 0, 3411, 91
2026/08/10 14:35:00.208, 1, 4265, 100
2026/08/10 14:35:01.313, 0, 3155, 68
2026/08/10 14:35:01.321, 1, 5993, 61
2026/08/10 14:35:02.428, 0, 3635, 81
2026/08/10 14:35:02.439, 1, 4553, 75
2026/08/10 14:35:03.529, 0, 3475, 90
2026/08/10 14:35:03.532, 1, 5161, 94
2026/08/10 14:35:04.627, 0, 3219, 100
2026/08/10 14:35:04.630, 1, 6057, 87
2026/08/10 14:35:05.709, 0, 5427, 87
2026/08/10 14:35:05.712, 1, 4777, 71
2026/08/10 14:35:06.791, 0, 3411, 93
2026/08/10 14:35:06.799, 1, 6377, 92
2026/08/10 14:35:07.907, 0, 5235, 94
2026/08/10 14:35:07.913, 1, 6825, 100
2026/08/10 14:35:08.980, 0, 5043, 100
2026/08/10 14:35:08.984, 1, 6921, 95
2026/08/10 14:35:10.070, 0, 4083, 92
2026/08/10 14:35:10.076, 1, 4809, 96
2026/08/10 14:35:11.148, 0, 4563, 87
2026/08/10 14:35:11.154, 1, 8841, 98
2026/08/10 14:35:12.242, 0, 3571, 92
2026/08/10 14:35:12.245, 1, 5449, 97
2026/08/10 14:35:13.343, 0, 3571, 84
2026/08/10 14:35:13.349, 1, 4617, 64
2026/08/10 14:35:14.435, 0, 2515, 77
2026/08/10 14:35:14.440, 1, 4713, 89
2026/08/10 14:35:15.522, 0, 3571, 74
2026/08/10 14:35:15.529, 1, 4681, 88
2026/08/10 14:35:16.617, 0, 3059, 87
2026/08/10 14:35:16.624, 1, 4105, 36
2026/08/10 14:35:17.686, 0, 2611, 100
2026/08/10 14:35:17.689, 1, 5065, 88
2026/08/10 14:35:18.764, 0, 2835, 86
2026/08/10 14:35:18.770, 1, 4681, 100
2026/08/10 14:35:19.867, 0, 4819, 100
2026/08/10 14:35:19.873, 1, 5577, 3
2026/08/10 14:35:20.935, 0, 4179, 100
2026/08/10 14:35:20.939, 1, 7625, 0
2026/08/10 14:35:22.007, 0, 6515, 100
2026/08/10 14:35:22.011, 1, 7625, 100
2026/08/10 14:35:23.073, 0, 5843, 93
2026/08/10 14:35:23.077, 1, 4297, 11
2026/08/10 14:35:24.174, 0, 3507, 92
2026/08/10 14:35:24.176, 1, 6665, 82
2026/08/10 14:35:25.230, 0, 4339, 51
2026/08/10 14:35:25.233, 1, 4809, 84
2026/08/10 14:35:26.296, 0, 3603, 88
2026/08/10 14:35:26.299, 1, 4393, 66
2026/08/10 14:35:27.373, 0, 3539, 99
2026/08/10 14:35:27.376, 1, 7849, 97
2026/08/10 14:35:28.437, 0, 4883, 95
2026/08/10 14:35:28.440, 1, 6377, 99
2026/08/10 14:35:29.526, 0, 3379, 86
2026/08/10 14:35:29.534, 1, 5385, 82
2026/08/10 14:35:30.604, 0, 4339, 87
2026/08/10 14:35:30.608, 1, 5929, 79
2026/08/10 14:35:31.712, 0, 2611, 93
2026/08/10 14:35:31.721, 1, 5417, 69
2026/08/10 14:35:32.836, 0, 2707, 61
2026/08/10 14:35:32.842, 1, 4201, 92
2026/08/10 14:35:33.911, 0, 2355, 99
2026/08/10 14:35:33.921, 1, 5097, 55
2026/08/10 14:35:35.009, 0, 2483, 87
2026/08/10 14:35:35.022, 1, 6025, 96
2026/08/10 14:35:36.101, 0, 3699, 74
2026/08/10 14:35:36.105, 1, 5033, 75
2026/08/10 14:35:37.199, 0, 4659, 65
2026/08/10 14:35:37.207, 1, 4489, 78
2026/08/10 14:35:38.279, 0, 5683, 79
2026/08/10 14:35:38.282, 1, 4873, 91
2026/08/10 14:35:39.377, 0, 2515, 44
2026/08/10 14:35:39.380, 1, 4425, 100
2026/08/10 14:35:40.472, 0, 4435, 27
2026/08/10 14:35:40.481, 1, 5225, 76
2026/08/10 14:35:41.607, 0, 3795, 52
2026/08/10 14:35:41.615, 1, 4905, 66
2026/08/10 14:35:42.707, 0, 3667, 73
2026/08/10 14:35:42.714, 1, 5097, 87
2026/08/10 14:35:43.800, 0, 2419, 75
2026/08/10 14:35:43.803, 1, 6857, 34
2026/08/10 14:35:44.871, 0, 2899, 70
2026/08/10 14:35:44.877, 1, 8137, 91
2026/08/10 14:35:45.995, 0, 2675, 86
2026/08/10 14:35:46.004, 1, 3849, 63
2026/08/10 14:35:47.110, 0, 2547, 92
2026/08/10 14:35:47.113, 1, 5161, 79
2026/08/10 14:35:48.212, 0, 2579, 43
2026/08/10 14:35:48.217, 1, 6281, 84
2026/08/10 14:35:49.305, 0, 3251, 49
2026/08/10 14:35:49.314, 1, 4233, 78
2026/08/10 14:35:50.400, 0, 3507, 38
2026/08/10 14:35:50.406, 1, 4233, 88
2026/08/10 14:35:51.494, 0, 2355, 7
2026/08/10 14:35:51.497, 1, 7209, 91
2026/08/10 14:35:52.568, 0, 5619, 47
2026/08/10 14:35:52.572, 1, 7017, 97
2026/08/10 14:35:53.639, 0, 5523, 80
2026/08/10 14:35:53.643, 1, 5193, 95
2026/08/10 14:35:54.727, 0, 4659, 61
2026/08/10 14:35:54.736, 1, 4745, 69
2026/08/10 14:35:55.822, 0, 2419, 85
2026/08/10 14:35:55.826, 1, 5929, 100
2026/08/10 14:35:56.877, 0, 2771, 56
2026/08/10 14:35:56.880, 1, 5481, 100
2026/08/10 14:35:57.959, 0, 2867, 75
2026/08/10 14:35:57.962, 1, 8521, 100
2026/08/10 14:35:59.047, 0, 3187, 79
2026/08/10 14:35:59.049, 1, 7273, 29
2026/08/10 14:36:00.106, 0, 2771, 99
2026/08/10 14:36:00.109, 1, 5193, 100
2026/08/10 14:36:01.167, 0, 3187, 100
2026/08/10 14:36:01.174, 1, 5577, 14
2026/08/10 14:36:02.276, 0, 5203, 95
2026/08/10 14:36:02.282, 1, 5321, 89
2026/08/10 14:36:03.371, 0, 3155, 76
2026/08/10 14:36:03.378, 1, 5129, 75
2026/08/10 14:36:04.459, 0, 3539, 89
2026/08/10 14:36:04.467, 1, 5481, 92
2026/08/10 14:36:05.556, 0, 2355, 6
2026/08/10 14:36:05.563, 1, 4553, 70
2026/08/10 14:36:06.672, 0, 4531, 57
2026/08/10 14:36:06.677, 1, 4649, 72
2026/08/10 14:36:07.761, 0, 3027, 86
2026/08/10 14:36:07.765, 1, 4553, 94
2026/08/10 14:36:08.852, 0, 4531, 93
2026/08/10 14:36:08.857, 1, 9417, 97
2026/08/10 14:36:09.934, 0, 4531, 70
2026/08/10 14:36:09.937, 1, 7209, 80
2026/08/10 14:36:11.001, 0, 3219, 98
2026/08/10 14:36:11.004, 1, 8329, 55
2026/08/10 14:36:12.077, 0, 6259, 81
2026/08/10 14:36:12.083, 1, 7081, 96
2026/08/10 14:36:13.150, 0, 3123, 96
2026/08/10 14:36:13.157, 1, 6217, 88
2026/08/10 14:36:14.264, 0, 4691, 86
2026/08/10 14:36:14.267, 1, 4585, 89
2026/08/10 14:36:15.343, 0, 3827, 79
2026/08/10 14:36:15.346, 1, 5385, 92
2026/08/10 14:36:16.420, 0, 4275, 52
2026/08/10 14:36:16.423, 1, 3913, 76
2026/08/10 14:36:17.491, 0, 4659, 100
2026/08/10 14:36:17.497, 1, 4809, 76
2026/08/10 14:36:18.573, 0, 5363, 89
2026/08/10 14:36:18.577, 1, 4137, 71
2026/08/10 14:36:19.641, 0, 3027, 82
2026/08/10 14:36:19.650, 1, 4361, 58
2026/08/10 14:36:20.731, 0, 2995, 83
2026/08/10 14:36:20.737, 1, 6505, 77
2026/08/10 14:36:21.852, 0, 4051, 92
2026/08/10 14:36:21.855, 1, 7977, 95
2026/08/10 14:36:22.933, 0, 3059, 83
2026/08/10 14:36:22.939, 1, 4521, 100
2026/08/10 14:36:24.006, 0, 5555, 85
2026/08/10 14:36:24.009, 1, 5993, 43
2026/08/10 14:36:25.057, 0, 6739, 90
2026/08/10 14:36:25.060, 1, 5193, 92
2026/08/10 14:36:26.133, 0, 4275, 1
2026/08/10 14:36:26.141, 1, 4649, 50
2026/08/10 14:36:27.213, 0, 3283, 87
2026/08/10 14:36:27.215, 1, 4137, 96
2026/08/10 14:36:28.270, 0, 5651, 71
2026/08/10 14:36:28.273, 1, 7561, 82
2026/08/10 14:36:29.355, 0, 2963, 80
2026/08/10 14:36:29.361, 1, 6985, 80
2026/08/10 14:36:30.445, 0, 5267, 75
2026/08/10 14:36:30.448, 1, 5193, 98
2026/08/10 14:36:31.504, 0, 5299, 88
2026/08/10 14:36:31.508, 1, 5417, 81
2026/08/10 14:36:32.567, 0, 4659, 67
2026/08/10 14:36:32.576, 1, 5385, 88
2026/08/10 14:36:33.632, 0, 5139, 91
2026/08/10 14:36:33.636, 1, 5929, 95
2026/08/10 14:36:34.686, 0, 3667, 87
2026/08/10 14:36:34.690, 1, 6793, 85
2026/08/10 14:36:35.769, 0, 3379, 81
2026/08/10 14:36:35.773, 1, 4457, 62
2026/08/10 14:36:36.863, 0, 3123, 77
2026/08/10 14:36:36.867, 1, 4521, 58
2026/08/10 14:36:37.924, 0, 4243, 44
2026/08/10 14:36:37.927, 1, 6825, 63
2026/08/10 14:36:39.004, 0, 4979, 100
2026/08/10 14:36:39.011, 1, 4649, 67
2026/08/10 14:36:40.106, 0, 4115, 100
2026/08/10 14:36:40.111, 1, 6921, 96
2026/08/10 14:36:41.203, 0, 3891, 55
2026/08/10 14:36:41.209, 1, 4329, 23
2026/08/10 14:36:42.280, 0, 4947, 96
2026/08/10 14:36:42.288, 1, 5705, 98
2026/08/10 14:36:43.383, 0, 3731, 93
2026/08/10 14:36:43.390, 1, 4425, 93
2026/08/10 14:36:44.475, 0, 4915, 72
2026/08/10 14:36:44.479, 1, 5353, 59
2026/08/10 14:36:45.538, 0, 2515, 66
2026/08/10 14:36:45.540, 1, 4937, 100
2026/08/10 14:36:46.640, 0, 3155, 84
2026/08/10 14:36:46.645, 1, 4937, 80
2026/08/10 14:36:47.703, 0, 6803, 83
2026/08/10 14:36:47.706, 1, 6377, 90
2026/08/10 14:36:48.757, 0, 5043, 55
2026/08/10 14:36:48.759, 1, 5705, 100
2026/08/10 14:36:49.825, 0, 3859, 57
2026/08/10 14:36:49.833, 1, 7017, 71
2026/08/10 14:36:50.907, 0, 4883, 69
2026/08/10 14:36:50.913, 1, 4553, 90
2026/08/10 14:36:51.978, 0, 2451, 96
2026/08/10 14:36:51.984, 1, 4681, 48
2026/08/10 14:36:53.090, 0, 2867, 6
2026/08/10 14:36:53.093, 1, 5225, 94
2026/08/10 14:36:54.178, 0, 2483, 77
2026/08/10 14:36:54.184, 1, 6057, 88
2026/08/10 14:36:55.268, 0, 3635, 29
2026/08/10 14:36:55.271, 1, 5097, 86
2026/08/10 14:36:56.332, 0, 6867, 86
2026/08/10 14:36:56.335, 1, 6505, 100
2026/08/10 14:36:57.391, 0, 2387, 48
2026/08/10 14:36:57.395, 1, 5417, 84
2026/08/10 14:36:58.458, 0, 3667, 82
2026/08/10 14:36:58.464, 1, 4873, 83
2026/08/10 14:36:59.560, 0, 3059, 98
2026/08/10 14:36:59.564, 1, 4937, 85
2026/08/10 14:37:00.626, 0, 4339, 27
2026/08/10 14:37:00.629, 1, 6825, 92
2026/08/10 14:37:01.713, 0, 3379, 73
2026/08/10 14:37:01.716, 1, 7337, 65
2026/08/10 14:37:02.803, 0, 5843, 86
2026/08/10 14:37:02.810, 1, 7657, 64
2026/08/10 14:37:03.873, 0, 2323, 90
2026/08/10 14:37:03.877, 1, 4553, 99
2026/08/10 14:37:04.968, 0, 2419, 97
2026/08/10 14:37:04.975, 1, 6537, 87
2026/08/10 14:37:06.075, 0, 2579, 100
2026/08/10 14:37:06.085, 1, 4681, 91
2026/08/10 14:37:07.162, 0, 3859, 86
2026/08/10 14:37:07.164, 1, 6601, 82
2026/08/10 14:37:08.226, 0, 2899, 100
2026/08/10 14:37:08.233, 1, 4425, 50
2026/08/10 14:37:09.325, 0, 3635, 84
2026/08/10 14:37:09.328, 1, 4681, 94
2026/08/10 14:37:10.412, 0, 5043, 55
2026/08/10 14:37:10.415, 1, 5993, 59
2026/08/10 14:37:11.504, 0, 2867, 76
2026/08/10 14:37:11.509, 1, 4265, 57
2026/08/10 14:37:12.582, 0, 2515, 97
2026/08/10 14:37:12.584, 1, 4201, 65
2026/08/10 14:37:13.684, 0, 2739, 0
2026/08/10 14:37:13.691, 1, 4233, 69
2026/08/10 14:37:14.787, 0, 3347, 90
2026/08/10 14:37:14.797, 1, 4457, 50
2026/08/10 14:37:15.910, 0, 4531, 72
2026/08/10 14:37:15.918, 1, 5609, 100
2026/08/10 14:37:16.990, 0, 2931, 94
2026/08/10 14:37:16.997, 1, 7145, 65
2026/08/10 14:37:18.075, 0, 2931, 100
2026/08/10 14:37:18.086, 1, 7593, 60
2026/08/10 14:37:19.153, 0, 2899, 82
2026/08/10 14:37:19.161, 1, 8809, 67
2026/08/10 14:37:20.259, 0, 3091, 100
2026/08/10 14:37:20.262, 1, 6345, 92
2026/08/10 14:37:21.345, 0, 5715, 78
2026/08/10 14:37:21.348, 1, 8617, 57
2026/08/10 14:37:22.429, 0, 2643, 63
2026/08/10 14:37:22.432, 1, 5801, 92
2026/08/10 14:37:23.506, 0, 2483, 100
2026/08/10 14:37:23.513, 1, 5865, 94
2026/08/10 14:37:24.594, 0, 2835, 97
2026/08/10 14:37:24.601, 1, 5705, 0
2026/08/10 14:37:25.697, 0, 4179, 3
2026/08/10 14:37:25.700, 1, 4521, 85
2026/08/10 14:37:26.782, 0, 2771, 92
2026/08/10 14:37:26.785, 1, 5065, 46
2026/08/10 14:37:27.862, 0, 2611, 79
2026/08/10 14:37:27.872, 1, 4489, 78
2026/08/10 14:37:28.972, 0, 2611, 74
2026/08/10 14:37:28.976, 1, 6025, 63
2026/08/10 14:37:30.070, 0, 2611, 64
2026/08/10 14:37:30.072, 1, 4041, 68
2026/08/10 14:37:31.178, 0, 2867, 27
2026/08/10 14:37:31.184, 1, 4617, 57
2026/08/10 14:37:32.294, 0, 2099, 88
2026/08/10 14:37:32.300, 1, 4649, 13
2026/08/10 14:37:33.403, 0, 2547, 74
2026/08/10 14:37:33.406, 1, 6057, 100
2026/08/10 14:37:34.522, 0, 2355, 67
2026/08/10 14:37:34.529, 1, 3849, 81
2026/08/10 14:37:35.600, 0, 5491, 100
2026/08/10 14:37:35.606, 1, 8137, 65
2026/08/10 14:37:36.686, 0, 7251, 26
2026/08/10 14:37:36.691, 1, 6473, 91
2026/08/10 14:37:37.764, 0, 4787, 67
2026/08/10 14:37:37.772, 1, 5225, 100
2026/08/10 14:37:38.860, 0, 4915, 85
2026/08/10 14:37:38.866, 1, 4521, 95
2026/08/10 14:37:39.940, 0, 3091, 83
2026/08/10 14:37:39.944, 1, 5065, 100
2026/08/10 14:37:41.033, 0, 2899, 97
2026/08/10 14:37:41.035, 1, 6345, 7
2026/08/10 14:37:42.128, 0, 7091, 95
2026/08/10 14:37:42.135, 1, 4425, 51
2026/08/10 14:37:43.229, 0, 2323, 87
2026/08/10 14:37:43.238, 1, 4265, 70
2026/08/10 14:37:44.313, 0, 5395, 77
2026/08/10 14:37:44.317, 1, 5065, 92
2026/08/10 14:37:45.407, 0, 2899, 97
2026/08/10 14:37:45.410, 1, 5257, 79
2026/08/10 14:37:46.478, 0, 3187, 58
2026/08/10 14:37:46.482, 1, 6985, 72
2026/08/10 14:37:47.553, 0, 6163, 100
2026/08/10 14:37:47.557, 1, 7209, 65
2026/08/10 14:37:48.628, 0, 3539, 93
2026/08/10 14:37:48.630, 1, 7305, 95
2026/08/10 14:37:49.698, 0, 4499, 93
2026/08/10 14:37:49.702, 1, 7209, 98
2026/08/10 14:37:50.762, 0, 3123, 80
2026/08/10 14:37:50.765, 1, 5641, 93
2026/08/10 14:37:51.822, 0, 5363, 82
2026/08/10 14:37:51.825, 1, 4489, 0
2026/08/10 14:37:52.894, 0, 7187, 100
2026/08/10 14:37:52.898, 1, 10537, 31
2026/08/10 14:37:53.962, 0, 7027, 74
2026/08/10 14:37:53.972, 1, 6761, 96
2026/08/10 14:37:55.061, 0, 4723, 76
2026/08/10 14:37:55.065, 1, 4457, 93
2026/08/10 14:37:56.158, 0, 2739, 6
2026/08/10 14:37:56.164, 1, 4617, 97
2026/08/10 14:37:57.264, 0, 4819, 98
2026/08/10 14:37:57.268, 1, 5481, 67
2026/08/10 14:37:58.356, 0, 2643, 77
2026/08/10 14:37:58.359, 1, 6281, 70
2026/08/10 14:37:59.422, 0, 2739, 0
2026/08/10 14:37:59.429, 1, 5289, 93
2026/08/10 14:38:00.491, 0, 4339, 68
2026/08/10 14:38:00.499, 1, 6441, 100
2026/08/10 14:38:01.564, 0, 7315, 44
2026/08/10 14:38:01.566, 1, 8617, 100
2026/08/10 14:38:02.623, 0, 2387, 91
2026/08/10 14:38:02.629, 1, 6505, 61
2026/08/10 14:38:03.705, 0, 2835, 89
2026/08/10 14:38:03.712, 1, 4873, 100
2026/08/10 14:38:04.784, 0, 3315, 93
2026/08/10 14:38:04.787, 1, 8201, 76
2026/08/10 14:38:05.855, 0, 3795, 100
2026/08/10 14:38:05.859, 1, 4713, 23
2026/08/10 14:38:06.924, 0, 4563, 100
2026/08/10 14:38:06.928, 1, 6729, 100
2026/08/10 14:38:07.985, 0, 7507, 61
2026/08/10 14:38:07.987, 1, 4201, 87
2026/08/10 14:38:09.071, 0, 7795, 0
2026/08/10 14:38:09.073, 1, 9065, 86
2026/08/10 14:38:10.119, 0, 7795, 21
2026/08/10 14:38:10.121, 1, 5577, 47
2026/08/10 14:38:11.166, 0, 2355, 0
2026/08/10 14:38:11.169, 1, 4265, 92
2026/08/10 14:38:12.242, 0, 2771, 71
2026/08/10 14:38:12.252, 1, 4201, 88
2026/08/10 14:38:13.315, 0, 3059, 77
2026/08/10 14:38:13.318, 1, 4169, 80
2026/08/10 14:38:14.396, 0, 4691, 74
2026/08/10 14:38:14.404, 1, 9033, 100
2026/08/10 14:38:15.475, 0, 5619, 35
2026/08/10 14:38:15.481, 1, 9449, 94
2026/08/10 14:38:16.575, 0, 4083, 78
2026/08/10 14:38:16.581, 1, 3913, 45
2026/08/10 14:38:17.690, 0, 3219, 71
2026/08/10 14:38:17.697, 1, 5705, 100
2026/08/10 14:38:18.784, 0, 2195, 100
2026/08/10 14:38:18.792, 1, 4809, 93
2026/08/10 14:38:19.870, 0, 2995, 82
2026/08/10 14:38:19.877, 1, 4905, 83
2026/08/10 14:38:20.942, 0, 3091, 95
2026/08/10 14:38:20.945, 1, 4617, 88
2026/08/10 14:38:22.039, 0, 4819, 94
2026/08/10 14:38:22.043, 1, 5001, 66
2026/08/10 14:38:23.111, 0, 2675, 81
2026/08/10 14:38:23.114, 1, 4105, 74
2026/08/10 14:38:24.198, 0, 2163, 98
2026/08/10 14:38:24.203, 1, 5961, 70
2026/08/10 14:38:25.271, 0, 5715, 71
2026/08/10 14:38:25.274, 1, 8969, 61
2026/08/10 14:38:26.330, 0, 2771, 28
2026/08/10 14:38:26.335, 1, 4649, 75
2026/08/10 14:38:27.421, 0, 3411, 78
2026/08/10 14:38:27.423, 1, 4233, 79
2026/08/10 14:38:28.521, 0, 3027, 91
2026/08/10 14:38:28.525, 1, 6889, 81
2026/08/10 14:38:29.600, 0, 5203, 95
2026/08/10 14:38:29.607, 1, 6185, 68
2026/08/10 14:38:30.693, 0, 2611, 73
2026/08/10 14:38:30.698, 1, 7209, 66
2026/08/10 14:38:31.788, 0, 2515, 43
2026/08/10 14:38:31.794, 1, 4041, 78
2026/08/10 14:38:32.908, 0, 3859, 70
2026/08/10 14:38:32.915, 1, 4937, 100
2026/08/10 14:38:33.990, 0, 7155, 85
2026/08/10 14:38:33.997, 1, 7209, 100
2026/08/10 14:38:35.069, 0, 4787, 97
2026/08/10 14:38:35.072, 1, 8649, 84
2026/08/10 14:38:36.154, 0, 3923, 82
2026/08/10 14:38:36.161, 1, 6249, 77
2026/08/10 14:38:37.260, 0, 2515, 89
2026/08/10 14:38:37.267, 1, 4713, 84
2026/08/10 14:38:38.377, 0, 3763, 100
2026/08/10 14:38:38.382, 1, 6217, 100
2026/08/10 14:38:39.440, 0, 5139, 92
2026/08/10 14:38:39.443, 1, 8457, 99
2026/08/10 14:38:40.513, 0, 3507, 87
2026/08/10 14:38:40.517, 1, 7209, 96
2026/08/10 14:38:41.581, 0, 7827, 83
2026/08/10 14:38:41.584, 1, 9097, 95
2026/08/10 14:38:42.655, 0, 4723, 45
2026/08/10 14:38:42.660, 1, 10025, 51
2026/08/10 14:38:43.727, 0, 3763, 80
2026/08/10 14:38:43.730, 1, 5481, 100
2026/08/10 14:38:44.805, 0, 4531, 73
2026/08/10 14:38:44.808, 1, 7657, 100
2026/08/10 14:38:45.862, 0, 3987, 93
2026/08/10 14:38:45.865, 1, 7017, 99
2026/08/10 14:38:46.934, 0, 2931, 100
2026/08/10 14:38:46.940, 1, 5001, 64
2026/08/10 14:38:48.017, 0, 3699, 59
2026/08/10 14:38:48.021, 1, 4361, 100
2026/08/10 14:38:49.072, 0, 6195, 80
2026/08/10 14:38:49.075, 1, 4553, 82
2026/08/10 14:38:50.125, 0, 3443, 92
2026/08/10 14:38:50.128, 1, 6953, 100
2026/08/10 14:38:51.175, 0, 5299, 97
2026/08/10 14:38:51.177, 1, 5097, 100
2026/08/10 14:38:52.230, 0, 4723, 92
2026/08/10 14:38:52.234, 1, 7049, 92
2026/08/10 14:38:53.290, 0, 5907, 100
2026/08/10 14:38:53.294, 1, 8745, 80
2026/08/10 14:38:54.378, 0, 2611, 98
2026/08/10 14:38:54.387, 1, 5161, 87
2026/08/10 14:38:55.455, 0, 6579, 66
2026/08/10 14:38:55.458, 1, 9801, 100
2026/08/10 14:38:56.514, 0, 5491, 100
2026/08/10 14:38:56.519, 1, 4425, 69
2026/08/10 14:38:57.576, 0, 5875, 100
2026/08/10 14:38:57.580, 1, 7017, 100
2026/08/10 14:38:58.649, 0, 3059, 83
2026/08/10 14:38:58.655, 1, 6281, 97
2026/08/10 14:38:59.723, 0, 5075, 46
2026/08/10 14:38:59.726, 1, 4905, 97
2026/08/10 14:39:00.789, 0, 3443, 100
2026/08/10 14:39:00.793, 1, 4937, 100
2026/08/10 14:39:01.849, 0, 5235, 30
2026/08/10 14:39:01.851, 1, 8169, 100
2026/08/10 14:39:02.912, 0, 4275, 100
2026/08/10 14:39:02.914, 1, 5577, 97
2026/08/10 14:39:03.963, 0, 4947, 94
2026/08/10 14:39:03.966, 1, 4649, 96
2026/08/10 14:39:05.056, 0, 2803, 2
2026/08/10 14:39:05.059, 1, 4745, 77
2026/08/10 14:39:06.134, 0, 5427, 90
2026/08/10 14:39:06.138, 1, 5481, 95
2026/08/10 14:39:07.205, 0, 3059, 47
2026/08/10 14:39:07.211, 1, 7049, 71
2026/08/10 14:39:08.263, 0, 5843, 92
2026/08/10 14:39:08.266, 1, 9577, 55
2026/08/10 14:39:09.314, 0, 3187, 100
2026/08/10 14:39:09.318, 1, 9705, 8
2026/08/10 14:39:10.373, 0, 4563, 94
2026/08/10 14:39:10.376, 1, 5577, 100
2026/08/10 14:39:11.431, 0, 6739, 73
2026/08/10 14:39:11.435, 1, 5129, 0
2026/08/10 14:39:12.514, 0, 6291, 86
2026/08/10 14:39:12.521, 1, 5225, 93
2026/08/10 14:39:13.586, 0, 3155, 100
2026/08/10 14:39:13.592, 1, 4073, 96
2026/08/10 14:39:14.691, 0, 6675, 90
2026/08/10 14:39:14.695, 1, 4265, 51
2026/08/10 14:39:15.757, 0, 4083, 77
2026/08/10 14:39:15.764, 1, 5481, 32
2026/08/10 14:39:16.832, 0, 3411, 86
2026/08/10 14:39:16.840, 1, 6953, 100
2026/08/10 14:39:17.935, 0, 5875, 100
2026/08/10 14:39:17.943, 1, 5033, 100
2026/08/10 14:39:19.044, 0, 4627, 57
2026/08/10 14:39:19.051, 1, 6473, 96
2026/08/10 14:39:20.112, 0, 5907, 94
2026/08/10 14:39:20.116, 1, 4905, 68
2026/08/10 14:39:21.192, 0, 3859, 73
2026/08/10 14:39:21.197, 1, 4233, 85
2026/08/10 14:39:22.304, 0, 4499, 90
2026/08/10 14:39:22.310, 1, 5897, 13
2026/08/10 14:39:23.422, 0, 5491, 97
2026/08/10 14:39:23.430, 1, 6537, 99
2026/08/10 14:39:24.509, 0, 3859, 3
2026/08/10 14:39:24.512, 1, 6281, 100
2026/08/10 14:39:25.568, 0, 4019, 60
2026/08/10 14:39:25.571, 1, 5097, 97
2026/08/10 14:39:26.650, 0, 7827, 100
2026/08/10 14:39:26.653, 1, 6793, 100
2026/08/10 14:39:27.712, 0, 5779, 99
2026/08/10 14:39:27.718, 1, 5001, 43
2026/08/10 14:39:28.807, 0, 4307, 40
2026/08/10 14:39:28.811, 1, 7305, 77
2026/08/10 14:39:29.874, 0, 5043, 99
2026/08/10 14:39:29.877, 1, 5961, 100
2026/08/10 14:39:30.930, 0, 6163, 66
2026/08/10 14:39:30.934, 1, 6313, 64
2026/08/10 14:39:32.017, 0, 6547, 80
2026/08/10 14:39:32.024, 1, 7913, 76
2026/08/10 14:39:33.109, 0, 3859, 66
2026/08/10 14:39:33.115, 1, 4617, 27
2026/08/10 14:39:34.177, 0, 8947, 72
2026/08/10 14:39:34.181, 1, 8969, 83
2026/08/10 14:39:35.232, 0, 2771, 87
2026/08/10 14:39:35.235, 1, 4841, 87
2026/08/10 14:39:36.301, 0, 5747, 100
2026/08/10 14:39:36.307, 1, 6089, 100
2026/08/10 14:39:37.392, 0, 3635, 96
2026/08/10 14:39:37.399, 1, 4233, 71
2026/08/10 14:39:38.477, 0, 5139, 60
2026/08/10 14:39:38.481, 1, 7081, 62
2026/08/10 14:39:39.536, 0, 5075, 100
2026/08/10 14:39:39.539, 1, 5033, 99
2026/08/10 14:39:40.583, 0, 2931, 96
2026/08/10 14:39:40.585, 1, 4841, 82
2026/08/10 14:39:41.630, 0, 3187, 74
2026/08/10 14:39:41.633, 1, 6537, 84
2026/08/10 14:39:42.692, 0, 3379, 56
2026/08/10 14:39:42.696, 1, 4425, 39
2026/08/10 14:39:43.761, 0, 5875, 100
2026/08/10 14:39:43.764, 1, 7753, 79
2026/08/10 14:39:44.865, 0, 4883, 100
2026/08/10 14:39:44.869, 1, 4649, 91
2026/08/10 14:39:45.936, 0, 2963, 70
2026/08/10 14:39:45.939, 1, 4489, 100
2026/08/10 14:39:46.989, 0, 3155, 31
2026/08/10 14:39:46.992, 1, 4649, 100
2026/08/10 14:39:48.061, 0, 2899, 88
2026/08/10 14:39:48.066, 1, 5609, 99
2026/08/10 14:39:49.136, 0, 4147, 81
2026/08/10 14:39:49.142, 1, 6985, 100
2026/08/10 14:39:50.232, 0, 3923, 99
2026/08/10 14:39:50.238, 1, 5481, 91
2026/08/10 14:39:51.330, 0, 4755, 0
2026/08/10 14:39:51.340, 1, 7849, 94
2026/08/10 14:39:52.408, 0, 4883, 46
2026/08/10 14:39:52.411, 1, 8617, 85
2026/08/10 14:39:53.469, 0, 4275, 100
2026/08/10 14:39:53.474, 1, 5705, 86
2026/08/10 14:39:54.532, 0, 7859, 1
2026/08/10 14:39:54.534, 1, 8297, 100
2026/08/10 14:39:55.584, 0, 5875, 100
2026/08/10 14:39:55.587, 1, 6697, 87
2026/08/10 14:39:56.646, 0, 3123, 29
2026/08/10 14:39:56.649, 1, 4585, 100
2026/08/10 14:39:57.700, 0, 3667, 57
2026/08/10 14:39:57.703, 1, 4841, 93
2026/08/10 14:39:58.753, 0, 3187, 94
2026/08/10 14:39:58.756, 1, 4745, 80
2026/08/10 14:39:59.813, 0, 2995, 53
2026/08/10 14:39:59.816, 1, 4297, 83
2026/08/10 14:40:00.894, 0, 5075, 93
2026/08/10 14:40:00.897, 1, 8105, 85
2026/08/10 14:40:01.942, 0, 4339, 0
2026/08/10 14:40:01.945, 1, 5801, 20
2026/08/10 14:40:02.991, 0, 4915, 60
2026/08/10 14:40:02.994, 1, 8425, 53
2026/08/10 14:40:04.047, 0, 2675, 92
2026/08/10 14:40:04.050, 1, 5065, 99
2026/08/10 14:40:05.100, 0, 4147, 73
2026/08/10 14:40:05.104, 1, 4457, 92
2026/08/10 14:40:06.151, 0, 3315, 97
2026/08/10 14:40:06.154, 1, 7593, 72
2026/08/10 14:40:07.247, 0, 2995, 57
2026/08/10 14:40:07.254, 1, 4617, 87
2026/08/10 14:40:08.351, 0, 2707, 100
2026/08/10 14:40:08.357, 1, 4105, 10
2026/08/10 14:40:09.467, 0, 3219, 92
2026/08/10 14:40:09.473, 1, 5801, 88
2026/08/10 14:40:10.560, 0, 3059, 100
2026/08/10 14:40:10.566, 1, 6377, 72
2026/08/10 14:40:11.639, 0, 3475, 66
2026/08/10 14:40:11.643, 1, 5033, 80
2026/08/10 14:40:12.700, 0, 2803, 100
2026/08/10 14:40:12.705, 1, 4489, 74
2026/08/10 14:40:13.757, 0, 3443, 45
2026/08/10 14:40:13.760, 1, 4265, 47
2026/08/10 14:40:14.810, 0, 5459, 100
2026/08/10 14:40:14.812, 1, 5257, 12
2026/08/10 14:40:15.861, 0, 2579, 86
2026/08/10 14:40:15.864, 1, 4009, 71
2026/08/10 14:40:16.944, 0, 2963, 83
2026/08/10 14:40:16.951, 1, 4233, 100
2026/08/10 14:40:18.040, 0, 2547, 41
2026/08/10 14:40:18.044, 1, 4137, 100
2026/08/10 14:40:19.132, 0, 2707, 49
2026/08/10 14:40:19.138, 1, 4041, 95
2026/08/10 14:40:20.198, 0, 2675, 94
2026/08/10 14:40:20.200, 1, 5097, 98
2026/08/10 14:40:21.262, 0, 2739, 68
2026/08/10 14:40:21.265, 1, 4905, 100
2026/08/10 14:40:22.310, 0, 3955, 59
2026/08/10 14:40:22.313, 1, 4617, 100
2026/08/10 14:40:23.363, 0, 3603, 41
2026/08/10 14:40:23.366, 1, 4521, 98
2026/08/10 14:40:24.418, 0, 3251, 100
2026/08/10 14:40:24.421, 1, 4265, 89
2026/08/10 14:40:25.469, 0, 4659, 35
2026/08/10 14:40:25.474, 1, 4297, 94
2026/08/10 14:40:26.558, 0, 2707, 96
2026/08/10 14:40:26.562, 1, 4233, 87
2026/08/10 14:40:27.632, 0, 3411, 88
2026/08/10 14:40:27.636, 1, 4617, 82
2026/08/10 14:40:28.725, 0, 3219, 48
2026/08/10 14:40:28.733, 1, 4393, 94
2026/08/10 14:40:29.801, 0, 3347, 100
2026/08/10 14:40:29.804, 1, 4937, 54
2026/08/10 14:40:30.880, 0, 3091, 100
2026/08/10 14:40:30.884, 1, 6217, 100
2026/08/10 14:40:31.967, 0, 5555, 100
2026/08/10 14:40:31.970, 1, 4585, 100
2026/08/10 14:40:33.049, 0, 2835, 92
2026/08/10 14:40:33.059, 1, 5481, 79
2026/08/10 14:40:34.136, 0, 2867, 70
2026/08/10 14:40:34.139, 1, 4873, 49
2026/08/10 14:40:35.236, 0, 4691, 72
2026/08/10 14:40:35.241, 1, 8201, 100
2026/08/10 14:40:36.303, 0, 5523, 63
2026/08/10 14:40:36.306, 1, 5353, 68
2026/08/10 14:40:37.367, 0, 2643, 100
2026/08/10 14:40:37.370, 1, 4009, 89
2026/08/10 14:40:38.456, 0, 4851, 9
2026/08/10 14:40:38.459, 1, 5513, 92
2026/08/10 14:40:39.550, 0, 3283, 51
2026/08/10 14:40:39.553, 1, 4169, 15
2026/08/10 14:40:40.641, 0, 2835, 76
2026/08/10 14:40:40.644, 1, 4105, 66
2026/08/10 14:40:41.703, 0, 7283, 88
2026/08/10 14:40:41.707, 1, 5737, 73
2026/08/10 14:40:42.770, 0, 4019, 98
2026/08/10 14:40:42.778, 1, 5161, 96
2026/08/10 14:40:43.881, 0, 3635, 33
2026/08/10 14:40:43.888, 1, 5001, 100
2026/08/10 14:40:44.987, 0, 4787, 51
2026/08/10 14:40:44.992, 1, 7785, 93
2026/08/10 14:40:46.065, 0, 3091, 19
2026/08/10 14:40:46.068, 1, 5449, 82
2026/08/10 14:40:47.181, 0, 2419, 98
2026/08/10 14:40:47.187, 1, 4009, 79
2026/08/10 14:40:48.300, 0, 3667, 76
2026/08/10 14:40:48.307, 1, 5897, 57
2026/08/10 14:40:49.380, 0, 3251, 81
2026/08/10 14:40:49.384, 1, 4905, 95
2026/08/10 14:40:50.460, 0, 4947, 52
2026/08/10 14:40:50.470, 1, 4489, 99
2026/08/10 14:40:51.551, 0, 3123, 100
2026/08/10 14:40:51.555, 1, 5929, 64
2026/08/10 14:40:52.604, 0, 5203, 74
2026/08/10 14:40:52.608, 1, 6793, 52
2026/08/10 14:40:53.675, 0, 3315, 100
2026/08/10 14:40:53.677, 1, 3977, 55
2026/08/10 14:40:54.769, 0, 5331, 81
2026/08/10 14:40:54.772, 1, 6281, 88
2026/08/10 14:40:55.871, 0, 4179, 95
2026/08/10 14:40:55.877, 1, 4137, 88
2026/08/10 14:40:56.973, 0, 3027, 100
2026/08/10 14:40:56.977, 1, 4009, 70
2026/08/10 14:40:58.053, 0, 2451, 95
2026/08/10 14:40:58.056, 1, 3977, 87
2026/08/10 14:40:59.150, 0, 3187, 100
2026/08/10 14:40:59.153, 1, 6633, 74
2026/08/10 14:41:00.213, 0, 5619, 82
2026/08/10 14:41:00.216, 1, 8169, 87
2026/08/10 14:41:01.278, 0, 4595, 90
2026/08/10 14:41:01.281, 1, 4649, 91
2026/08/10 14:41:02.388, 0, 5555, 78
2026/08/10 14:41:02.392, 1, 6089, 100
2026/08/10 14:41:03.450, 0, 4691, 38
2026/08/10 14:41:03.454, 1, 5673, 99
2026/08/10 14:41:04.506, 0, 2675, 72
2026/08/10 14:41:04.509, 1, 4393, 79
2026/08/10 14:41:05.576, 0, 3347, 100
2026/08/10 14:41:05.580, 1, 6857, 20
2026/08/10 14:41:06.649, 0, 7379, 67
2026/08/10 14:41:06.655, 1, 5609, 86
2026/08/10 14:41:07.721, 0, 4083, 100
2026/08/10 14:41:07.724, 1, 5161, 78
2026/08/10 14:41:08.801, 0, 3347, 66
2026/08/10 14:41:08.806, 1, 5065, 94
2026/08/10 14:41:09.892, 0, 5907, 98
2026/08/10 14:41:09.895, 1, 9097, 100
2026/08/10 14:41:10.950, 0, 5011, 100
2026/08/10 14:41:10.957, 1, 4873, 15
2026/08/10 14:41:12.024, 0, 3955, 98
2026/08/10 14:41:12.027, 1, 7881, 84
2026/08/10 14:41:13.101, 0, 3251, 63
2026/08/10 14:41:13.104, 1, 4809, 39
2026/08/10 14:41:14.169, 0, 4019, 65
2026/08/10 14:41:14.171, 1, 5993, 99
2026/08/10 14:41:15.218, 0, 2707, 78
2026/08/10 14:41:15.221, 1, 4809, 98
2026/08/10 14:41:16.272, 0, 3315, 93
2026/08/10 14:41:16.275, 1, 9225, 74
2026/08/10 14:41:17.325, 0, 5683, 100
2026/08/10 14:41:17.327, 1, 6665, 93
2026/08/10 14:41:18.390, 0, 10259, 100
2026/08/10 14:41:18.394, 1, 7177, 14
2026/08/10 14:41:19.463, 0, 5075, 86
2026/08/10 14:41:19.472, 1, 4457, 66
2026/08/10 14:41:20.530, 0, 5139, 100
2026/08/10 14:41:20.533, 1, 8265, 100
2026/08/10 14:41:21.581, 0, 5395, 56
2026/08/10 14:41:21.584, 1, 5385, 85
2026/08/10 14:41:22.662, 0, 3763, 57
2026/08/10 14:41:22.666, 1, 5641, 29
2026/08/10 14:41:23.723, 0, 5651, 3
2026/08/10 14:41:23.726, 1, 4873, 70
2026/08/10 14:41:24.805, 0, 9171, 54
2026/08/10 14:41:24.811, 1, 4937, 100
2026/08/10 14:41:25.945, 0, 3187, 100
2026/08/10 14:41:25.953, 1, 4937, 72
2026/08/10 14:41:27.018, 0, 4979, 54
2026/08/10 14:41:27.026, 1, 6121, 56
2026/08/10 14:41:28.124, 0, 3219, 66
2026/08/10 14:41:28.127, 1, 8457, 58
2026/08/10 14:41:29.190, 0, 3987, 88
2026/08/10 14:41:29.193, 1, 10281, 86
2026/08/10 14:41:30.283, 0, 3027, 87
2026/08/10 14:41:30.287, 1, 5865, 95
2026/08/10 14:41:31.382, 0, 3571, 72
2026/08/10 14:41:31.386, 1, 7017, 73
2026/08/10 14:41:32.489, 0, 3091, 83
2026/08/10 14:41:32.496, 1, 5865, 77
2026/08/10 14:41:33.565, 0, 8947, 51
2026/08/10 14:41:33.567, 1, 9993, 100
2026/08/10 14:41:34.622, 0, 2899, 65
2026/08/10 14:41:34.629, 1, 4393, 63
2026/08/10 14:41:35.712, 0, 4531, 97
2026/08/10 14:41:35.718, 1, 4617, 96
2026/08/10 14:41:36.780, 0, 4371, 93
2026/08/10 14:41:36.783, 1, 6313, 94
2026/08/10 14:41:37.831, 0, 3347, 88
2026/08/10 14:41:37.834, 1, 7369, 79
2026/08/10 14:41:38.882, 0, 3635, 21
2026/08/10 14:41:38.885, 1, 5609, 38
2026/08/10 14:41:39.945, 0, 3219, 57
2026/08/10 14:41:39.948, 1, 4425, 46
2026/08/10 14:41:40.996, 0, 3955, 95
2026/08/10 14:41:41.000, 1, 10761, 46
2026/08/10 14:41:42.068, 0, 5459, 69
2026/08/10 14:41:42.072, 1, 6921, 75
2026/08/10 14:41:43.125, 0, 4691, 82
2026/08/10 14:41:43.129, 1, 5065, 100
2026/08/10 14:41:44.204, 0, 4403, 100
2026/08/10 14:41:44.211, 1, 4745, 100
2026/08/10 14:41:45.281, 0, 3059, 93
2026/08/10 14:41:45.293, 1, 4041, 78
2026/08/10 14:41:46.402, 0, 4851, 90
2026/08/10 14:41:46.410, 1, 4361, 100
2026/08/10 14:41:47.482, 0, 5299, 65
2026/08/10 14:41:47.485, 1, 5577, 95
2026/08/10 14:41:48.544, 0, 7411, 13
2026/08/10 14:41:48.548, 1, 5161, 90
2026/08/10 14:41:49.602, 0, 3059, 91
2026/08/10 14:41:49.604, 1, 6793, 82
2026/08/10 14:41:50.685, 0, 3315, 92
2026/08/10 14:41:50.688, 1, 4329, 80
2026/08/10 14:41:51.761, 0, 5619, 95
2026/08/10 14:41:51.770, 1, 4073, 76
2026/08/10 14:41:52.820, 0, 5203, 95
2026/08/10 14:41:52.823, 1, 8585, 80
2026/08/10 14:41:53.892, 0, 3443, 95
2026/08/10 14:41:53.899, 1, 5353, 83
2026/08/10 14:41:54.965, 0, 4467, 86
2026/08/10 14:41:54.968, 1, 6921, 42
2026/08/10 14:41:56.026, 0, 3603, 100
2026/08/10 14:41:56.033, 1, 6409, 100
2026/08/10 14:41:57.145, 0, 5939, 80
2026/08/10 14:41:57.151, 1, 5993, 59
2026/08/10 14:41:58.218, 0, 5267, 26
2026/08/10 14:41:58.220, 1, 7241, 71
2026/08/10 14:41:59.289, 0, 2515, 72
2026/08/10 14:41:59.293, 1, 5001, 97
2026/08/10 14:42:00.368, 0, 4531, 100
2026/08/10 14:42:00.375, 1, 4873, 98
2026/08/10 14:42:01.451, 0, 4531, 100
2026/08/10 14:42:01.457, 1, 5417, 62
2026/08/10 14:42:02.557, 0, 4947, 84
2026/08/10 14:42:02.562, 1, 7817, 100
2026/08/10 14:42:03.625, 0, 4851, 0
2026/08/10 14:42:03.627, 1, 8073, 97
2026/08/10 14:42:04.695, 0, 4979, 50
2026/08/10 14:42:04.698, 1, 5321, 83
2026/08/10 14:42:05.752, 0, 2643, 25
2026/08/10 14:42:05.756, 1, 8233, 100
2026/08/10 14:42:06.835, 0, 4211, 100
2026/08/10 14:42:06.842, 1, 4713, 98
2026/08/10 14:42:07.943, 0, 3155, 93
2026/08/10 14:42:07.946, 1, 6025, 100
2026/08/10 14:42:09.013, 0, 4083, 100
2026/08/10 14:42:09.016, 1, 6825, 98
2026/08/10 14:42:10.061, 0, 5395, 65
2026/08/10 14:42:10.064, 1, 4969, 89
2026/08/10 14:42:11.125, 0, 2835, 83
2026/08/10 14:42:11.129, 1, 4521, 92
2026/08/10 14:42:12.194, 0, 4755, 85
2026/08/10 14:42:12.197, 1, 6345, 83
2026/08/10 14:42:13.244, 0, 7027, 84
2026/08/10 14:42:13.247, 1, 4809, 70
2026/08/10 14:42:14.294, 0, 5971, 23
2026/08/10 14:42:14.297, 1, 4553, 11
2026/08/10 14:42:15.352, 0, 4243, 100
2026/08/10 14:42:15.356, 1, 7497, 100
2026/08/10 14:42:16.405, 0, 5907, 84
2026/08/10 14:42:16.408, 1, 7241, 4
2026/08/10 14:42:17.460, 0, 4819, 100
2026/08/10 14:42:17.464, 1, 6921, 87
2026/08/10 14:42:18.512, 0, 5043, 100
2026/08/10 14:42:18.516, 1, 9737, 71
2026/08/10 14:42:19.576, 0, 3923, 96
2026/08/10 14:42:19.583, 1, 6569, 100
2026/08/10 14:42:20.675, 0, 3315, 100
2026/08/10 14:42:20.679, 1, 7529, 100
2026/08/10 14:42:21.744, 0, 5651, 100
2026/08/10 14:42:21.748, 1, 6249, 88
2026/08/10 14:42:22.869, 0, 3155, 94
2026/08/10 14:42:22.878, 1, 7017, 99
2026/08/10 14:42:23.957, 0, 5683, 38
2026/08/10 14:42:23.960, 1, 6697, 98
2026/08/10 14:42:25.014, 0, 7091, 99
2026/08/10 14:42:25.021, 1, 7305, 70
2026/08/10 14:42:26.073, 0, 9779, 99
2026/08/10 14:42:26.075, 1, 8265, 80
2026/08/10 14:42:27.148, 0, 4595, 45
2026/08/10 14:42:27.157, 1, 5449, 86
2026/08/10 14:42:28.236, 0, 4531, 75
2026/08/10 14:42:28.239, 1, 6377, 83
2026/08/10 14:42:29.299, 0, 4499, 72
2026/08/10 14:42:29.305, 1, 7625, 69
2026/08/10 14:42:30.433, 0, 3091, 100
2026/08/10 14:42:30.441, 1, 4809, 87
2026/08/10 14:42:31.510, 0, 7411, 100
2026/08/10 14:42:31.513, 1, 7593, 62
2026/08/10 14:42:32.569, 0, 4371, 97
2026/08/10 14:42:32.573, 1, 7753, 100
2026/08/10 14:42:33.623, 0, 3635, 100
2026/08/10 14:42:33.626, 1, 6825, 100
2026/08/10 14:42:34.704, 0, 4403, 17
2026/08/10 14:42:34.712, 1, 4809, 89
2026/08/10 14:42:35.775, 0, 4755, 64
2026/08/10 14:42:35.779, 1, 4425, 88
2026/08/10 14:42:36.852, 0, 6131, 100
2026/08/10 14:42:36.854, 1, 9065, 98
2026/08/10 14:42:37.948, 0, 2291, 70
2026/08/10 14:42:37.954, 1, 4233, 56
2026/08/10 14:42:39.024, 0, 5235, 90
2026/08/10 14:42:39.028, 1, 6057, 84
2026/08/10 14:42:40.084, 0, 5811, 76
2026/08/10 14:42:40.087, 1, 10313, 52
2026/08/10 14:42:41.152, 0, 5395, 100
2026/08/10 14:42:41.158, 1, 5033, 97
2026/08/10 14:42:42.241, 0, 3827, 96
2026/08/10 14:42:42.244, 1, 5513, 100
2026/08/10 14:42:43.288, 0, 2739, 16
2026/08/10 14:42:43.290, 1, 6953, 38
2026/08/10 14:42:44.356, 0, 4403, 96
2026/08/10 14:42:44.367, 1, 6281, 73
2026/08/10 14:42:45.424, 0, 3859, 58
2026/08/10 14:42:45.429, 1, 5225, 82
2026/08/10 14:42:46.501, 0, 2771, 100
2026/08/10 14:42:46.505, 1, 4425, 82
2026/08/10 14:42:47.553, 0, 8339, 100
2026/08/10 14:42:47.555, 1, 11881, 77
2026/08/10 14:42:48.614, 0, 3283, 100
2026/08/10 14:42:48.620, 1, 5577, 56
2026/08/10 14:42:49.697, 0, 4467, 72
2026/08/10 14:42:49.702, 1, 7561, 95
2026/08/10 14:42:50.798, 0, 4787, 90
2026/08/10 14:42:50.808, 1, 4137, 99
2026/08/10 14:42:51.896, 0, 4979, 77
2026/08/10 14:42:51.904, 1, 5993, 100
2026/08/10 14:42:52.988, 0, 4051, 100
2026/08/10 14:42:52.991, 1, 8809, 89
2026/08/10 14:42:54.047, 0, 3411, 100
2026/08/10 14:42:54.050, 1, 5033, 87
2026/08/10 14:42:55.122, 0, 4659, 100
2026/08/10 14:42:55.125, 1, 5929, 82
2026/08/10 14:42:56.205, 0, 5139, 78
2026/08/10 14:42:56.209, 1, 6217, 89
2026/08/10 14:42:57.278, 0, 2419, 97
2026/08/10 14:42:57.284, 1, 4329, 100
2026/08/10 14:42:58.374, 0, 2899, 54
2026/08/10 14:42:58.382, 1, 4265, 69
2026/08/10 14:42:59.483, 0, 3315, 74
2026/08/10 14:42:59.490, 1, 5481, 45
2026/08/10 14:43:00.578, 0, 5171, 0
2026/08/10 14:43:00.580, 1, 4233, 91
2026/08/10 14:43:01.648, 0, 2899, 14
2026/08/10 14:43:01.650, 1, 7337, 100
2026/08/10 14:43:02.701, 0, 4819, 54
2026/08/10 14:43:02.705, 1, 6953, 18
2026/08/10 14:43:03.751, 0, 5427, 97
2026/08/10 14:43:03.754, 1, 12521, 76
2026/08/10 14:43:04.816, 0, 6291, 99
2026/08/10 14:43:04.824, 1, 6729, 34
2026/08/10 14:43:05.877, 0, 4563, 100
2026/08/10 14:43:05.880, 1, 5289, 99
2026/08/10 14:43:06.925, 0, 5075, 93
2026/08/10 14:43:06.927, 1, 4713, 29
2026/08/10 14:43:08.005, 0, 2835, 12
2026/08/10 14:43:08.008, 1, 4137, 94
2026/08/10 14:43:09.074, 0, 3347, 100
2026/08/10 14:43:09.079, 1, 7273, 82
2026/08/10 14:43:10.180, 0, 6899, 88
2026/08/10 14:43:10.188, 1, 4041, 95
2026/08/10 14:43:11.254, 0, 5427, 91
2026/08/10 14:43:11.260, 1, 8553, 100
2026/08/10 14:43:12.324, 0, 7571, 80
2026/08/10 14:43:12.327, 1, 6185, 79
2026/08/10 14:43:13.406, 0, 3795, 92
2026/08/10 14:43:13.412, 1, 5289, 90
2026/08/10 14:43:14.460, 0, 3923, 67
2026/08/10 14:43:14.463, 1, 7369, 98
2026/08/10 14:43:15.511, 0, 3827, 27
2026/08/10 14:43:15.514, 1, 7305, 100
2026/08/10 14:43:16.584, 0, 4211, 100
2026/08/10 14:43:16.587, 1, 4873, 5
2026/08/10 14:43:17.652, 0, 4883, 91
2026/08/10 14:43:17.659, 1, 6473, 17
2026/08/10 14:43:18.778, 0, 5971, 90
2026/08/10 14:43:18.784, 1, 4649, 100
2026/08/10 14:43:19.866, 0, 6963, 86
2026/08/10 14:43:19.869, 1, 8841, 89
2026/08/10 14:43:20.935, 0, 4243, 93
2026/08/10 14:43:20.938, 1, 5225, 84
2026/08/10 14:43:21.987, 0, 5427, 71
2026/08/10 14:43:21.990, 1, 5865, 54
2026/08/10 14:43:23.054, 0, 3603, 0
2026/08/10 14:43:23.059, 1, 4553, 96
2026/08/10 14:43:24.149, 0, 3315, 78
2026/08/10 14:43:24.159, 1, 4713, 97
2026/08/10 14:43:25.249, 0, 2867, 93
2026/08/10 14:43:25.253, 1, 4137, 82
2026/08/10 14:43:26.364, 0, 3507, 100
2026/08/10 14:43:26.370, 1, 5801, 86
2026/08/10 14:43:27.434, 0, 5523, 82
2026/08/10 14:43:27.441, 1, 6121, 11
2026/08/10 14:43:28.525, 0, 5715, 100
2026/08/10 14:43:28.528, 1, 7337, 100
2026/08/10 14:43:29.600, 0, 4307, 96
2026/08/10 14:43:29.607, 1, 4681, 94
2026/08/10 14:43:30.701, 0, 3987, 69
2026/08/10 14:43:30.709, 1, 5833, 73
2026/08/10 14:43:31.777, 0, 5715, 97
2026/08/10 14:43:31.780, 1, 7273, 100
2026/08/10 14:43:32.825, 0, 2803, 67
2026/08/10 14:43:32.828, 1, 4585, 78
2026/08/10 14:43:33.874, 0, 3955, 100
2026/08/10 14:43:33.877, 1, 5417, 100
2026/08/10 14:43:34.921, 0, 5619, 100
2026/08/10 14:43:34.924, 1, 7657, 82
2026/08/10 14:43:35.970, 0, 4339, 58
2026/08/10 14:43:35.973, 1, 4553, 88
2026/08/10 14:43:37.041, 0, 3955, 100
2026/08/10 14:43:37.045, 1, 4457, 99
2026/08/10 14:43:38.130, 0, 6867, 81
2026/08/10 14:43:38.135, 1, 6281, 84
2026/08/10 14:43:39.238, 0, 2931, 91
2026/08/10 14:43:39.242, 1, 5321, 98
2026/08/10 14:43:40.301, 0, 7443, 100
2026/08/10 14:43:40.305, 1, 6153, 100
2026/08/10 14:43:41.365, 0, 6099, 100
2026/08/10 14:43:41.368, 1, 5481, 63
2026/08/10 14:43:42.463, 0, 3315, 87
2026/08/10 14:43:42.472, 1, 4777, 97
2026/08/10 14:43:43.563, 0, 3955, 0
2026/08/10 14:43:43.570, 1, 7209, 76
2026/08/10 14:43:44.666, 0, 5139, 100
2026/08/10 14:43:44.674, 1, 7625, 52
2026/08/10 14:43:45.748, 0, 4627, 57
2026/08/10 14:43:45.752, 1, 4521, 94
2026/08/10 14:43:46.822, 0, 6195, 100
2026/08/10 14:43:46.826, 1, 7305, 100
2026/08/10 14:43:47.902, 0, 5843, 97
2026/08/10 14:43:47.906, 1, 5609, 92
2026/08/10 14:43:48.955, 0, 5331, 70
2026/08/10 14:43:48.958, 1, 11113, 97
2026/08/10 14:43:50.023, 0, 2803, 47
2026/08/10 14:43:50.027, 1, 4809, 48
2026/08/10 14:43:51.105, 0, 4627, 92
2026/08/10 14:43:51.107, 1, 6345, 91
2026/08/10 14:43:52.168, 0, 4979, 77
2026/08/10 14:43:52.171, 1, 7625, 100
2026/08/10 14:43:53.218, 0, 4883, 86
2026/08/10 14:43:53.221, 1, 7049, 92
2026/08/10 14:43:54.266, 0, 3091, 100
2026/08/10 14:43:54.269, 1, 4713, 100
2026/08/10 14:43:55.316, 0, 5363, 92
2026/08/10 14:43:55.319, 1, 4809, 91
2026/08/10 14:43:56.371, 0, 3763, 94
2026/08/10 14:43:56.374, 1, 5289, 100
2026/08/10 14:43:57.423, 0, 2963, 85
2026/08/10 14:43:57.426, 1, 4777, 75
2026/08/10 14:43:58.472, 0, 3763, 73
2026/08/10 14:43:58.474, 1, 7817, 89
2026/08/10 14:43:59.520, 0, 2515, 7
2026/08/10 14:43:59.523, 1, 6633, 71
2026/08/10 14:44:00.567, 0, 4211, 97
2026/08/10 14:44:00.570, 1, 5353, 100
2026/08/10 14:44:01.617, 0, 6099, 63
2026/08/10 14:44:01.619, 1, 5001, 93
2026/08/10 14:44:02.682, 0, 2803, 1
2026/08/10 14:44:02.690, 1, 4233, 100
2026/08/10 14:44:03.771, 0, 2387, 1
2026/08/10 14:44:03.774, 1, 4105, 100
2026/08/10 14:44:04.862, 0, 3123, 94
2026/08/10 14:44:04.868, 1, 4713, 96
2026/08/10 14:44:05.955, 0, 3059, 100
2026/08/10 14:44:05.960, 1, 6665, 99
2026/08/10 14:44:07.019, 0, 3635, 54
2026/08/10 14:44:07.021, 1, 5097, 100
2026/08/10 14:44:08.069, 0, 2579, 0
2026/08/10 14:44:08.072, 1, 4905, 95
2026/08/10 14:44:09.117, 0, 3347, 87
2026/08/10 14:44:09.119, 1, 5001, 86
2026/08/10 14:44:10.163, 0, 2707, 81
2026/08/10 14:44:10.165, 1, 4969, 99
2026/08/10 14:44:11.211, 0, 3699, 87
2026/08/10 14:44:11.214, 1, 6281, 100
2026/08/10 14:44:12.261, 0, 3219, 100
2026/08/10 14:44:12.265, 1, 4553, 100
2026/08/10 14:44:13.307, 0, 2867, 99
2026/08/10 14:44:13.310, 1, 4713, 100
2026/08/10 14:44:14.351, 0, 3987, 21
2026/08/10 14:44:14.353, 1, 5449, 84
2026/08/10 14:44:15.398, 0, 4147, 98
2026/08/10 14:44:15.401, 1, 5097, 99
2026/08/10 14:44:16.447, 0, 3443, 100
2026/08/10 14:44:16.450, 1, 6281, 100
2026/08/10 14:44:17.493, 0, 3475, 100
2026/08/10 14:44:17.495, 1, 6409, 100
2026/08/10 14:44:18.538, 0, 3027, 94
2026/08/10 14:44:18.541, 1, 5961, 79
2026/08/10 14:44:19.584, 0, 3187, 76
2026/08/10 14:44:19.587, 1, 5449, 83
2026/08/10 14:44:20.632, 0, 2963, 48
2026/08/10 14:44:20.635, 1, 4521, 89
2026/08/10 14:44:21.678, 0, 5139, 90
2026/08/10 14:44:21.680, 1, 6857, 100
2026/08/10 14:44:22.724, 0, 3251, 95
2026/08/10 14:44:22.727, 1, 6633, 37
2026/08/10 14:44:23.777, 0, 3763, 99
2026/08/10 14:44:23.780, 1, 6953, 100
2026/08/10 14:44:24.830, 0, 3891, 95
2026/08/10 14:44:24.833, 1, 7657, 100
2026/08/10 14:44:25.897, 0, 2739, 73
2026/08/10 14:44:25.901, 1, 4649, 35
2026/08/10 14:44:26.965, 0, 5331, 79
2026/08/10 14:44:26.967, 1, 7401, 100
2026/08/10 14:44:28.021, 0, 3379, 84
2026/08/10 14:44:28.029, 1, 4777, 70
2026/08/10 14:44:29.082, 0, 4915, 69
2026/08/10 14:44:29.084, 1, 6153, 89
2026/08/10 14:44:30.157, 0, 2771, 2
2026/08/10 14:44:30.160, 1, 4329, 45
2026/08/10 14:44:31.212, 0, 5139, 100
2026/08/10 14:44:31.216, 1, 5961, 100
2026/08/10 14:44:32.268, 0, 7347, 86
2026/08/10 14:44:32.272, 1, 6025, 80
2026/08/10 14:44:33.337, 0, 4403, 100
2026/08/10 14:44:33.341, 1, 7241, 53
2026/08/10 14:44:34.392, 0, 4531, 100
2026/08/10 14:44:34.394, 1, 8201, 100
2026/08/10 14:44:35.440, 0, 4659, 99
2026/08/10 14:44:35.443, 1, 7337, 100
2026/08/10 14:44:36.498, 0, 2803, 98
2026/08/10 14:44:36.502, 1, 4521, 96
2026/08/10 14:44:37.565, 0, 3987, 52
2026/08/10 14:44:37.569, 1, 5801, 100
2026/08/10 14:44:38.619, 0, 2963, 9
2026/08/10 14:44:38.623, 1, 3849, 97
2026/08/10 14:44:39.695, 0, 3283, 88
2026/08/10 14:44:39.701, 1, 4969, 68
2026/08/10 14:44:40.770, 0, 6931, 56
2026/08/10 14:44:40.773, 1, 6761, 95
2026/08/10 14:44:41.829, 0, 8339, 100
2026/08/10 14:44:41.832, 1, 9353, 72
2026/08/10 14:44:42.878, 0, 2611, 0
2026/08/10 14:44:42.882, 1, 4009, 100
2026/08/10 14:44:43.937, 0, 5075, 98
2026/08/10 14:44:43.940, 1, 5033, 97
2026/08/10 14:44:44.998, 0, 3795, 45
2026/08/10 14:44:45.001, 1, 7145, 88
2026/08/10 14:44:46.070, 0, 3219, 100
2026/08/10 14:44:46.074, 1, 5897, 97
2026/08/10 14:44:47.123, 0, 2835, 100
2026/08/10 14:44:47.126, 1, 4265, 67
2026/08/10 14:44:48.171, 0, 3859, 70
2026/08/10 14:44:48.174, 1, 5225, 88
2026/08/10 14:44:49.226, 0, 2963, 72
2026/08/10 14:44:49.229, 1, 4329, 87
2026/08/10 14:44:50.295, 0, 3091, 45
2026/08/10 14:44:50.299, 1, 8201, 100
2026/08/10 14:44:51.391, 0, 6579, 97
2026/08/10 14:44:51.399, 1, 10121, 100
2026/08/10 14:44:52.494, 0, 2995, 94
2026/08/10 14:44:52.504, 1, 4073, 100
2026/08/10 14:44:53.577, 0, 8179, 92
2026/08/10 14:44:53.585, 1, 7465, 100
2026/08/10 14:44:54.666, 0, 5043, 61
2026/08/10 14:44:54.671, 1, 5833, 8
2026/08/10 14:44:55.733, 0, 5875, 70
2026/08/10 14:44:55.737, 1, 7593, 100
2026/08/10 14:44:56.820, 0, 3667, 100
2026/08/10 14:44:56.825, 1, 6025, 100
2026/08/10 14:44:57.932, 0, 5235, 77
2026/08/10 14:44:57.935, 1, 4937, 84
2026/08/10 14:44:58.995, 0, 4147, 99
2026/08/10 14:44:59.003, 1, 4681, 5
2026/08/10 14:45:00.075, 0, 4243, 100
2026/08/10 14:45:00.079, 1, 7305, 92
2026/08/10 14:45:01.162, 0, 5651, 72
2026/08/10 14:45:01.166, 1, 5833, 100
2026/08/10 14:45:02.277, 0, 3603, 100
2026/08/10 14:45:02.287, 1, 4489, 80
2026/08/10 14:45:03.372, 0, 2771, 96
2026/08/10 14:45:03.379, 1, 5129, 100
2026/08/10 14:45:04.456, 0, 5235, 89
2026/08/10 14:45:04.468, 1, 6729, 73
2026/08/10 14:45:05.578, 0, 3059, 0
2026/08/10 14:45:05.581, 1, 4137, 80
2026/08/10 14:45:06.672, 0, 5331, 76
2026/08/10 14:45:06.675, 1, 5801, 100
2026/08/10 14:45:07.731, 0, 6899, 92
2026/08/10 14:45:07.733, 1, 8553, 94
2026/08/10 14:45:08.803, 0, 3187, 76
2026/08/10 14:45:08.807, 1, 4873, 86
2026/08/10 14:45:09.884, 0, 2675, 100
2026/08/10 14:45:09.888, 1, 5161, 99
2026/08/10 14:45:10.964, 0, 5811, 85
2026/08/10 14:45:10.966, 1, 9481, 84
2026/08/10 14:45:12.032, 0, 3411, 88
2026/08/10 14:45:12.035, 1, 5001, 13
2026/08/10 14:45:13.119, 0, 4243, 100
2026/08/10 14:45:13.126, 1, 7113, 89
2026/08/10 14:45:14.186, 0, 4595, 90
2026/08/10 14:45:14.191, 1, 6985, 94
2026/08/10 14:45:15.240, 0, 4307, 75
2026/08/10 14:45:15.242, 1, 10441, 70
2026/08/10 14:45:16.290, 0, 3539, 23
2026/08/10 14:45:16.296, 1, 5769, 100
2026/08/10 14:45:17.355, 0, 4787, 100
2026/08/10 14:45:17.358, 1, 5897, 96
2026/08/10 14:45:18.426, 0, 4979, 28
2026/08/10 14:45:18.433, 1, 6025, 99
2026/08/10 14:45:19.519, 0, 4211, 54
2026/08/10 14:45:19.525, 1, 5289, 96
2026/08/10 14:45:20.606, 0, 3539, 87
2026/08/10 14:45:20.608, 1, 8809, 93
2026/08/10 14:45:21.662, 0, 3315, 72
2026/08/10 14:45:21.669, 1, 4457, 76
2026/08/10 14:45:22.737, 0, 3379, 87
2026/08/10 14:45:22.740, 1, 5673, 100
2026/08/10 14:45:23.823, 0, 2579, 94
2026/08/10 14:45:23.827, 1, 4873, 85
2026/08/10 14:45:24.883, 0, 2931, 100
2026/08/10 14:45:24.886, 1, 7465, 96
2026/08/10 14:45:25.956, 0, 2771, 56
2026/08/10 14:45:25.964, 1, 6505, 25
2026/08/10 14:45:27.028, 0, 4595, 100
2026/08/10 14:45:27.031, 1, 5897, 66
2026/08/10 14:45:28.105, 0, 3187, 0
2026/08/10 14:45:28.108, 1, 4649, 100
2026/08/10 14:45:29.186, 0, 2835, 94
2026/08/10 14:45:29.196, 1, 4713, 96
2026/08/10 14:45:30.295, 0, 3731, 100
2026/08/10 14:45:30.302, 1, 6729, 100
2026/08/10 14:45:31.393, 0, 2483, 100
2026/08/10 14:45:31.401, 1, 4521, 86
2026/08/10 14:45:32.516, 0, 4883, 71
2026/08/10 14:45:32.520, 1, 5033, 98
2026/08/10 14:45:33.571, 0, 2611, 86
2026/08/10 14:45:33.574, 1, 6025, 58
2026/08/10 14:45:34.635, 0, 3827, 63
2026/08/10 14:45:34.641, 1, 4585, 83
2026/08/10 14:45:35.740, 0, 3219, 100
2026/08/10 14:45:35.743, 1, 4585, 83
2026/08/10 14:45:36.827, 0, 2771, 78
2026/08/10 14:45:36.834, 1, 4361, 84
2026/08/10 14:45:37.937, 0, 3347, 6
2026/08/10 14:45:37.947, 1, 4585, 98
2026/08/10 14:45:39.049, 0, 4531, 94
2026/08/10 14:45:39.056, 1, 5417, 68
2026/08/10 14:45:40.153, 0, 2931, 91
2026/08/10 14:45:40.161, 1, 4425, 100
2026/08/10 14:45:41.276, 0, 3347, 95
2026/08/10 14:45:41.280, 1, 4489, 62
2026/08/10 14:45:42.342, 0, 2547, 90
2026/08/10 14:45:42.345, 1, 6185, 48
2026/08/10 14:45:43.426, 0, 5939, 100
2026/08/10 14:45:43.434, 1, 5737, 100
2026/08/10 14:45:44.519, 0, 4243, 32
2026/08/10 14:45:44.529, 1, 7785, 100
2026/08/10 14:45:45.640, 0, 3187, 98
2026/08/10 14:45:45.648, 1, 4969, 68
2026/08/10 14:45:46.733, 0, 3123, 31
2026/08/10 14:45:46.740, 1, 6921, 99
2026/08/10 14:45:47.815, 0, 4659, 93
2026/08/10 14:45:47.825, 1, 6345, 72
2026/08/10 14:45:48.926, 0, 5139, 65
2026/08/10 14:45:48.931, 1, 7497, 81
2026/08/10 14:45:50.007, 0, 4947, 94
2026/08/10 14:45:50.011, 1, 5001, 99
2026/08/10 14:45:51.071, 0, 5043, 74
2026/08/10 14:45:51.077, 1, 4809, 55
2026/08/10 14:45:52.145, 0, 5235, 100
2026/08/10 14:45:52.148, 1, 5833, 26
2026/08/10 14:45:53.201, 0, 3347, 62
2026/08/10 14:45:53.204, 1, 6537, 66
2026/08/10 14:45:54.269, 0, 3379, 94
2026/08/10 14:45:54.277, 1, 4585, 99
2026/08/10 14:45:55.348, 0, 4467, 99
2026/08/10 14:45:55.351, 1, 6377, 99
2026/08/10 14:45:56.411, 0, 2195, 91
2026/08/10 14:45:56.414, 1, 5545, 31
2026/08/10 14:45:57.462, 0, 3219, 90
2026/08/10 14:45:57.464, 1, 4969, 97
2026/08/10 14:45:58.540, 0, 4627, 95
2026/08/10 14:45:58.546, 1, 6537, 78
2026/08/10 14:45:59.610, 0, 6771, 100
2026/08/10 14:45:59.613, 1, 6281, 100
2026/08/10 14:46:00.682, 0, 2835, 85
2026/08/10 14:46:00.686, 1, 4521, 4
2026/08/10 14:46:01.766, 0, 3699, 96
2026/08/10 14:46:01.771, 1, 6057, 76
2026/08/10 14:46:02.824, 0, 3827, 25
2026/08/10 14:46:02.827, 1, 4425, 78
2026/08/10 14:46:03.878, 0, 5075, 44
2026/08/10 14:46:03.881, 1, 7017, 93
2026/08/10 14:46:04.923, 0, 5363, 70
2026/08/10 14:46:04.925, 1, 7785, 92
2026/08/10 14:46:06.002, 0, 2899, 81
2026/08/10 14:46:06.006, 1, 4745, 57
2026/08/10 14:46:07.077, 0, 4435, 79
2026/08/10 14:46:07.080, 1, 5577, 97
2026/08/10 14:46:08.143, 0, 4595, 10
2026/08/10 14:46:08.147, 1, 4777, 83
2026/08/10 14:46:09.208, 0, 2899, 81
2026/08/10 14:46:09.211, 1, 4617, 96
2026/08/10 14:46:10.280, 0, 3699, 93
2026/08/10 14:46:10.285, 1, 5193, 100
2026/08/10 14:46:11.371, 0, 2867, 96
2026/08/10 14:46:11.378, 1, 4617, 1
2026/08/10 14:46:12.471, 0, 5171, 27
2026/08/10 14:46:12.474, 1, 5545, 100
2026/08/10 14:46:13.532, 0, 4211, 85
2026/08/10 14:46:13.535, 1, 6633, 100
2026/08/10 14:46:14.598, 0, 4179, 69
2026/08/10 14:46:14.605, 1, 4905, 65
2026/08/10 14:46:15.709, 0, 3571, 100
2026/08/10 14:46:15.728, 1, 5417, 74
2026/08/10 14:46:16.792, 0, 2291, 96
2026/08/10 14:46:16.798, 1, 3977, 93
2026/08/10 14:46:17.916, 0, 5971, 100
2026/08/10 14:46:17.923, 1, 4009, 100
2026/08/10 14:46:19.031, 0, 8723, 99
2026/08/10 14:46:19.038, 1, 4457, 100
2026/08/10 14:46:20.149, 0, 4691, 87
2026/08/10 14:46:20.152, 1, 5833, 79
2026/08/10 14:46:21.220, 0, 3571, 94
2026/08/10 14:46:21.222, 1, 7753, 90
2026/08/10 14:46:22.271, 0, 3603, 28
2026/08/10 14:46:22.275, 1, 6729, 100
2026/08/10 14:46:23.354, 0, 2803, 97
2026/08/10 14:46:23.358, 1, 3977, 62
2026/08/10 14:46:24.444, 0, 5043, 39
2026/08/10 14:46:24.450, 1, 4457, 53
2026/08/10 14:46:25.533, 0, 3379, 72
2026/08/10 14:46:25.536, 1, 6025, 84
2026/08/10 14:46:26.612, 0, 3379, 100
2026/08/10 14:46:26.617, 1, 7721, 50
2026/08/10 14:46:27.680, 0, 3827, 77
2026/08/10 14:46:27.687, 1, 4553, 98
2026/08/10 14:46:28.749, 0, 5171, 71
2026/08/10 14:46:28.752, 1, 6825, 93
2026/08/10 14:46:29.824, 0, 3123, 23
2026/08/10 14:46:29.828, 1, 4425, 100
2026/08/10 14:46:30.903, 0, 4947, 43
2026/08/10 14:46:30.911, 1, 4937, 100
2026/08/10 14:46:31.986, 0, 4499, 99
2026/08/10 14:46:31.989, 1, 4233, 96
2026/08/10 14:46:33.090, 0, 3219, 99
2026/08/10 14:46:33.098, 1, 6089, 76
2026/08/10 14:46:34.169, 0, 2579, 100
2026/08/10 14:46:34.175, 1, 4521, 94
2026/08/10 14:46:35.253, 0, 4563, 94
2026/08/10 14:46:35.259, 1, 7337, 100
2026/08/10 14:46:36.321, 0, 3955, 41
2026/08/10 14:46:36.324, 1, 6761, 91
2026/08/10 14:46:37.368, 0, 3123, 88
2026/08/10 14:46:37.371, 1, 5961, 93
2026/08/10 14:46:38.414, 0, 2963, 71
2026/08/10 14:46:38.417, 1, 5641, 89
2026/08/10 14:46:39.459, 0, 2899, 100
2026/08/10 14:46:39.462, 1, 5161, 100
2026/08/10 14:46:40.512, 0, 5875, 39
2026/08/10 14:46:40.516, 1, 4425, 36
2026/08/10 14:46:41.563, 0, 4659, 1
2026/08/10 14:46:41.565, 1, 8073, 100
2026/08/10 14:46:42.628, 0, 3283, 85
2026/08/10 14:46:42.631, 1, 5257, 86
2026/08/10 14:46:43.729, 0, 4307, 100
2026/08/10 14:46:43.736, 1, 7145, 100
2026/08/10 14:46:44.792, 0, 4787, 73
2026/08/10 14:46:44.796, 1, 6185, 13
2026/08/10 14:46:45.842, 0, 5395, 61
2026/08/10 14:46:45.845, 1, 9129, 82
2026/08/10 14:46:46.889, 0, 4659, 100
2026/08/10 14:46:46.891, 1, 5929, 78
2026/08/10 14:46:47.956, 0, 4691, 88
2026/08/10 14:46:47.963, 1, 4905, 100
2026/08/10 14:46:49.027, 0, 3443, 100
2026/08/10 14:46:49.033, 1, 4233, 98
2026/08/10 14:46:50.122, 0, 3315, 99
2026/08/10 14:46:50.126, 1, 4777, 56
2026/08/10 14:46:51.185, 0, 3507, 100
2026/08/10 14:46:51.188, 1, 4873, 96
2026/08/10 14:46:52.246, 0, 3955, 100
2026/08/10 14:46:52.253, 1, 6985, 45
2026/08/10 14:46:53.302, 0, 6579, 68
2026/08/10 14:46:53.304, 1, 6505, 100
2026/08/10 14:46:54.351, 0, 6451, 100
2026/08/10 14:46:54.354, 1, 4457, 87
2026/08/10 14:46:55.407, 0, 7219, 0
2026/08/10 14:46:55.410, 1, 5449, 91
2026/08/10 14:46:56.473, 0, 3219, 99
2026/08/10 14:46:56.482, 1, 4201, 77
2026/08/10 14:46:57.550, 0, 4723, 96
2026/08/10 14:46:57.552, 1, 9641, 99
2026/08/10 14:46:58.606, 0, 2899, 81
2026/08/10 14:46:58.609, 1, 5993, 89
2026/08/10 14:46:59.654, 0, 3315, 87
2026/08/10 14:46:59.657, 1, 6569, 99
2026/08/10 14:47:00.701, 0, 2739, 97
2026/08/10 14:47:00.704, 1, 5065, 15
2026/08/10 14:47:01.748, 0, 4019, 56
2026/08/10 14:47:01.751, 1, 4617, 68
2026/08/10 14:47:02.797, 0, 3283, 46
2026/08/10 14:47:02.799, 1, 5065, 100
2026/08/10 14:47:03.847, 0, 3731, 81
2026/08/10 14:47:03.850, 1, 5033, 46
2026/08/10 14:47:04.896, 0, 3475, 74
2026/08/10 14:47:04.899, 1, 4681, 81
2026/08/10 14:47:05.945, 0, 2963, 0
2026/08/10 14:47:05.948, 1, 4297, 99
2026/08/10 14:47:06.995, 0, 3539, 75
2026/08/10 14:47:06.998, 1, 4905, 98
2026/08/10 14:47:08.042, 0, 3667, 99
2026/08/10 14:47:08.045, 1, 8617, 56
2026/08/10 14:47:09.130, 0, 3251, 100
2026/08/10 14:47:09.137, 1, 4201, 66
2026/08/10 14:47:10.208, 0, 3091, 86
2026/08/10 14:47:10.210, 1, 5737, 97
2026/08/10 14:47:11.253, 0, 5075, 29
2026/08/10 14:47:11.256, 1, 7081, 86
2026/08/10 14:47:12.300, 0, 3155, 89
2026/08/10 14:47:12.303, 1, 4873, 100
2026/08/10 14:47:13.358, 0, 4627, 94
2026/08/10 14:47:13.362, 1, 4617, 98
2026/08/10 14:47:14.418, 0, 2867, 84
2026/08/10 14:47:14.426, 1, 4489, 82
2026/08/10 14:47:15.539, 0, 3251, 69
2026/08/10 14:47:15.554, 1, 4169, 6
2026/08/10 14:47:16.637, 0, 3187, 100
2026/08/10 14:47:16.640, 1, 4361, 88
2026/08/10 14:47:17.712, 0, 5779, 68
2026/08/10 14:47:17.716, 1, 5545, 75
2026/08/10 14:47:18.794, 0, 2739, 85
2026/08/10 14:47:18.797, 1, 5225, 100
2026/08/10 14:47:19.916, 0, 2355, 93
2026/08/10 14:47:19.921, 1, 4265, 100
2026/08/10 14:47:20.981, 0, 6003, 97
2026/08/10 14:47:20.983, 1, 6313, 100
2026/08/10 14:47:22.027, 0, 3219, 96
2026/08/10 14:47:22.030, 1, 4681, 20
2026/08/10 14:47:23.073, 0, 3955, 79
2026/08/10 14:47:23.076, 1, 6665, 12
2026/08/10 14:47:24.137, 0, 4947, 78
2026/08/10 14:47:24.146, 1, 10441, 98
2026/08/10 14:47:25.214, 0, 3731, 29
2026/08/10 14:47:25.218, 1, 5673, 99
2026/08/10 14:47:26.281, 0, 2611, 94
2026/08/10 14:47:26.284, 1, 4617, 65
2026/08/10 14:47:27.377, 0, 3955, 87
2026/08/10 14:47:27.383, 1, 5257, 100
2026/08/10 14:47:28.442, 0, 3667, 95
2026/08/10 14:47:28.446, 1, 5993, 30
2026/08/10 14:47:29.492, 0, 4403, 90
2026/08/10 14:47:29.495, 1, 5257, 98
2026/08/10 14:47:30.542, 0, 3251, 73
2026/08/10 14:47:30.545, 1, 4649, 97
2026/08/10 14:47:31.607, 0, 3315, 88
2026/08/10 14:47:31.610, 1, 4873, 10
2026/08/10 14:47:32.662, 0, 3571, 100
2026/08/10 14:47:32.665, 1, 4937, 68
2026/08/10 14:47:33.714, 0, 2867, 23
2026/08/10 14:47:33.717, 1, 5193, 84
2026/08/10 14:47:34.763, 0, 3347, 99
2026/08/10 14:47:34.766, 1, 6377, 95
2026/08/10 14:47:35.811, 0, 2739, 8
2026/08/10 14:47:35.813, 1, 5193, 94
2026/08/10 14:47:36.878, 0, 3123, 0
2026/08/10 14:47:36.882, 1, 4425, 88
2026/08/10 14:47:37.943, 0, 3635, 65
2026/08/10 14:47:37.947, 1, 4969, 97
2026/08/10 14:47:39.024, 0, 3187, 99
2026/08/10 14:47:39.026, 1, 4521, 100
2026/08/10 14:47:40.095, 0, 4691, 100
2026/08/10 14:47:40.097, 1, 4329, 94
2026/08/10 14:47:41.173, 0, 4435, 100
2026/08/10 14:47:41.178, 1, 4233, 69
2026/08/10 14:47:42.241, 0, 2995, 100
2026/08/10 14:47:42.246, 1, 5097, 70
2026/08/10 14:47:43.342, 0, 4307, 100
2026/08/10 14:47:43.351, 1, 4489, 19
2026/08/10 14:47:44.455, 0, 3923, 20
2026/08/10 14:47:44.458, 1, 4745, 77
2026/08/10 14:47:45.558, 0, 2899, 0
2026/08/10 14:47:45.568, 1, 7177, 99
2026/08/10 14:47:46.678, 0, 3763, 97
2026/08/10 14:47:46.685, 1, 5161, 100
2026/08/10 14:47:47.795, 0, 3091, 84
2026/08/10 14:47:47.806, 1, 5193, 100
2026/08/10 14:47:48.914, 0, 3443, 82
2026/08/10 14:47:48.923, 1, 5129, 93
2026/08/10 14:47:49.997, 0, 4051, 100
2026/08/10 14:47:50.000, 1, 8201, 70
2026/08/10 14:47:51.045, 0, 3251, 2
2026/08/10 14:47:51.048, 1, 4201, 100
2026/08/10 14:47:52.094, 0, 2643, 81
2026/08/10 14:47:52.096, 1, 5609, 95
2026/08/10 14:47:53.140, 0, 4435, 7
2026/08/10 14:47:53.143, 1, 5449, 90
2026/08/10 14:47:54.186, 0, 2899, 7
2026/08/10 14:47:54.188, 1, 5065, 81
2026/08/10 14:47:55.232, 0, 5331, 56
2026/08/10 14:47:55.235, 1, 7337, 86
2026/08/10 14:47:56.278, 0, 3507, 71
2026/08/10 14:47:56.281, 1, 4841, 57
2026/08/10 14:47:57.322, 0, 3347, 100
2026/08/10 14:47:57.324, 1, 5065, 0
2026/08/10 14:47:58.360, 0, 3347, 0
2026/08/10 14:47:58.361, 1, 5065, 0
