2026/08/10 15:18:20.217, 0, 6067, 100
2026/08/10 15:18:20.221, 1, 8843, 79
2026/08/10 15:18:21.278, 0, 3635, 66
2026/08/10 15:18:21.283, 1, 5643, 87
2026/08/10 15:18:22.351, 0, 6451, 79
2026/08/10 15:18:22.357, 1, 6443, 70
2026/08/10 15:18:23.500, 0, 4691, 78
2026/08/10 15:18:23.506, 1, 6970, 66
2026/08/10 15:18:24.574, 0, 4467, 72
2026/08/10 15:18:24.579, 1, 9371, 86
2026/08/10 15:18:25.656, 0, 5523, 55
2026/08/10 15:18:25.660, 1, 11643, 82
2026/08/10 15:18:26.732, 0, 6158, 23
2026/08/10 15:18:26.737, 1, 7195, 94
2026/08/10 15:18:27.802, 0, 5870, 100
2026/08/10 15:18:27.806, 1, 8603, 100
2026/08/10 15:18:28.861, 0, 8814, 95
2026/08/10 15:18:28.865, 1, 9435, 78
2026/08/10 15:18:29.926, 0, 5582, 78
2026/08/10 15:18:29.931, 1, 6651, 20
2026/08/10 15:18:31.006, 0, 4942, 95
2026/08/10 15:18:31.011, 1, 6875, 66
2026/08/10 15:18:32.079, 0, 4974, 67
2026/08/10 15:18:32.085, 1, 5243, 97
2026/08/10 15:18:33.148, 0, 6350, 100
2026/08/10 15:18:33.152, 1, 7195, 60
2026/08/10 15:18:34.227, 0, 4558, 73
2026/08/10 15:18:34.234, 1, 6715, 93
2026/08/10 15:18:35.314, 0, 5646, 100
2026/08/10 15:18:35.319, 1, 7003, 100
2026/08/10 15:18:36.389, 0, 6030, 85
2026/08/10 15:18:36.394, 1, 5499, 81
2026/08/10 15:18:37.466, 0, 4782, 88
2026/08/10 15:18:37.470, 1, 5851, 84
2026/08/10 15:18:38.544, 0, 3790, 60
2026/08/10 15:18:38.548, 1, 6011, 89
2026/08/10 15:18:39.614, 0, 5614, 85
2026/08/10 15:18:39.619, 1, 6555, 100
2026/08/10 15:18:40.689, 0, 3566, 95
2026/08/10 15:18:40.695, 1, 6011, 80
2026/08/10 15:18:41.762, 0, 4526, 65
2026/08/10 15:18:41.767, 1, 5435, 95
2026/08/10 15:18:42.836, 0, 3504, 93
2026/08/10 15:18:42.840, 1, 6875, 97
2026/08/10 15:18:43.907, 0, 3826, 49
2026/08/10 15:18:43.911, 1, 5563, 97
2026/08/10 15:18:44.977, 0, 3218, 73
2026/08/10 15:18:44.980, 1, 6395, 60
2026/08/10 15:18:46.046, 0, 5170, 69
2026/08/10 15:18:46.050, 1, 5681, 84
2026/08/10 15:18:47.112, 0, 3954, 6
2026/08/10 15:18:47.115, 1, 5585, 63
2026/08/10 15:18:48.181, 0, 2930, 84
2026/08/10 15:18:48.185, 1, 5105, 86
2026/08/10 15:18:49.248, 0, 4018, 97
2026/08/10 15:18:49.253, 1, 7057, 86
2026/08/10 15:18:50.317, 0, 4882, 56
2026/08/10 15:18:50.321, 1, 4945, 77
2026/08/10 15:18:51.388, 0, 4498, 93
2026/08/10 15:18:51.393, 1, 7377, 100
2026/08/10 15:18:52.466, 0, 4114, 91
2026/08/10 15:18:52.470, 1, 7025, 50
2026/08/10 15:18:53.535, 0, 3506, 95
2026/08/10 15:18:53.539, 1, 8049, 51
2026/08/10 15:18:54.609, 0, 2770, 61
2026/08/10 15:18:54.613, 1, 5489, 37
2026/08/10 15:18:55.672, 0, 2898, 0
2026/08/10 15:18:55.675, 1, 6321, 35
2026/08/10 15:18:56.739, 0, 5330, 15
2026/08/10 15:18:56.744, 1, 5969, 53
2026/08/10 15:18:57.808, 0, 5202, 0
2026/08/10 15:18:57.811, 1, 6769, 91
2026/08/10 15:18:58.885, 0, 3410, 57
2026/08/10 15:18:58.890, 1, 6097, 51
2026/08/10 15:18:59.958, 0, 4018, 80
2026/08/10 15:18:59.963, 1, 7025, 66
2026/08/10 15:19:01.026, 0, 4370, 83
2026/08/10 15:19:01.031, 1, 5523, 99
2026/08/10 15:19:02.090, 0, 3794, 75
2026/08/10 15:19:02.094, 1, 6291, 71
2026/08/10 15:19:03.155, 0, 2546, 71
2026/08/10 15:19:03.159, 1, 5301, 68
2026/08/10 15:19:04.227, 0, 3890, 100
2026/08/10 15:19:04.232, 1, 5653, 54
2026/08/10 15:19:05.296, 0, 5682, 71
2026/08/10 15:19:05.301, 1, 7637, 53
2026/08/10 15:19:06.366, 0, 3634, 83
2026/08/10 15:19:06.370, 1, 7893, 23
2026/08/10 15:19:07.443, 0, 5526, 80
2026/08/10 15:19:07.447, 1, 7325, 79
2026/08/10 15:19:08.516, 0, 4440, 83
2026/08/10 15:19:08.521, 1, 6563, 100
2026/08/10 15:19:09.588, 0, 5400, 90
2026/08/10 15:19:09.592, 1, 7141, 100
2026/08/10 15:19:10.670, 0, 5432, 100
2026/08/10 15:19:10.675, 1, 6979, 89
2026/08/10 15:19:11.751, 0, 5528, 100
2026/08/10 15:19:11.756, 1, 6993, 100
2026/08/10 15:19:12.818, 0, 7416, 89
2026/08/10 15:19:12.823, 1, 8161, 96
2026/08/10 15:19:13.894, 0, 5432, 100
2026/08/10 15:19:13.898, 1, 7649, 92
2026/08/10 15:19:14.979, 0, 5016, 86
2026/08/10 15:19:14.984, 1, 8705, 91
2026/08/10 15:19:16.059, 0, 5016, 86
2026/08/10 15:19:16.064, 1, 8099, 100
2026/08/10 15:19:17.149, 0, 6424, 100
2026/08/10 15:19:17.154, 1, 8099, 100
2026/08/10 15:19:18.228, 0, 4792, 100
2026/08/10 15:19:18.233, 1, 8289, 100
2026/08/10 15:19:19.309, 0, 5016, 100
2026/08/10 15:19:19.315, 1, 9955, 100
2026/08/10 15:19:20.386, 0, 8664, 83
2026/08/10 15:19:20.391, 1, 10725, 61
2026/08/10 15:19:21.462, 0, 7032, 100
2026/08/10 15:19:21.468, 1, 11077, 96
2026/08/10 15:19:22.542, 0, 6008, 100
2026/08/10 15:19:22.548, 1, 11173, 49
2026/08/10 15:19:23.616, 0, 5496, 100
2026/08/10 15:19:23.622, 1, 8325, 100
2026/08/10 15:19:24.695, 0, 7160, 100
2026/08/10 15:19:24.701, 1, 10117, 78
2026/08/10 15:19:25.771, 0, 7576, 100
2026/08/10 15:19:25.777, 1, 10375, 85
2026/08/10 15:19:26.847, 0, 7704, 100
2026/08/10 15:19:26.851, 1, 10857, 72
2026/08/10 15:19:27.930, 0, 6328, 100
2026/08/10 15:19:27.936, 1, 9277, 92
2026/08/10 15:19:29.011, 0, 6040, 100
2026/08/10 15:19:29.017, 1, 11917, 93
2026/08/10 15:19:30.097, 0, 5592, 100
2026/08/10 15:19:30.104, 1, 12157, 84
2026/08/10 15:19:31.180, 0, 5624, 100
2026/08/10 15:19:31.185, 1, 10013, 100
2026/08/10 15:19:32.264, 0, 5528, 100
2026/08/10 15:19:32.269, 1, 9757, 100
2026/08/10 15:19:33.339, 0, 6040, 100
2026/08/10 15:19:33.344, 1, 10941, 100
2026/08/10 15:19:34.408, 0, 5240, 94
2026/08/10 15:19:34.413, 1, 12157, 80
2026/08/10 15:19:35.479, 0, 8184, 100
2026/08/10 15:19:35.484, 1, 13245, 70
2026/08/10 15:19:36.553, 0, 6744, 100
2026/08/10 15:19:36.558, 1, 10781, 95
2026/08/10 15:19:37.628, 0, 8728, 99
2026/08/10 15:19:37.634, 1, 10365, 100
2026/08/10 15:19:38.696, 0, 5880, 100
2026/08/10 15:19:38.701, 1, 10973, 95
2026/08/10 15:19:39.777, 0, 5592, 99
2026/08/10 15:19:39.783, 1, 12125, 100
2026/08/10 15:19:40.864, 0, 5560, 97
2026/08/10 15:19:40.869, 1, 10845, 81
2026/08/10 15:19:41.952, 0, 7896, 100
2026/08/10 15:19:41.958, 1, 10525, 100
2026/08/10 15:19:43.042, 0, 5304, 95
2026/08/10 15:19:43.048, 1, 10557, 100
2026/08/10 15:19:44.137, 0, 8024, 64
2026/08/10 15:19:44.143, 1, 12829, 89
2026/08/10 15:19:45.216, 0, 9208, 100
2026/08/10 15:19:45.225, 1, 13757, 100
2026/08/10 15:19:46.302, 0, 8504, 93
2026/08/10 15:19:46.307, 1, 12349, 100
2026/08/10 15:19:47.387, 0, 8568, 100
2026/08/10 15:19:47.394, 1, 13885, 100
2026/08/10 15:19:48.469, 0, 9496, 97
2026/08/10 15:19:48.474, 1, 13565, 96
2026/08/10 15:19:49.553, 0, 6616, 95
2026/08/10 15:19:49.559, 1, 12925, 100
2026/08/10 15:19:50.633, 0, 8312, 100
2026/08/10 15:19:50.638, 1, 14493, 100
2026/08/10 15:19:51.711, 0, 9208, 100
2026/08/10 15:19:51.716, 1, 15741, 100
2026/08/10 15:19:52.789, 0, 8344, 100
2026/08/10 15:19:52.794, 1, 11773, 87
2026/08/10 15:19:53.870, 0, 9624, 100
2026/08/10 15:19:53.875, 1, 11773, 97
2026/08/10 15:19:54.947, 0, 10744, 100
2026/08/10 15:19:54.954, 1, 14333, 100
2026/08/10 15:19:56.041, 0, 7672, 86
2026/08/10 15:19:56.047, 1, 11549, 100
2026/08/10 15:19:57.126, 0, 8056, 100
2026/08/10 15:19:57.131, 1, 11901, 100
2026/08/10 15:19:58.210, 0, 8504, 100
2026/08/10 15:19:58.215, 1, 12701, 100
2026/08/10 15:19:59.301, 0, 8568, 69
2026/08/10 15:19:59.308, 1, 12701, 69
2026/08/10 15:20:00.385, 0, 8408, 100
2026/08/10 15:20:00.389, 1, 12285, 87
2026/08/10 15:20:01.462, 0, 8088, 100
2026/08/10 15:20:01.468, 1, 11485, 94
2026/08/10 15:20:02.550, 0, 8280, 100
2026/08/10 15:20:02.555, 1, 10301, 100
2026/08/10 15:20:03.631, 0, 6936, 100
2026/08/10 15:20:03.637, 1, 10333, 98
2026/08/10 15:20:04.715, 0, 8440, 100
2026/08/10 15:20:04.732, 1, 13437, 100
2026/08/10 15:20:05.808, 0, 9240, 97
2026/08/10 15:20:05.814, 1, 13405, 100
2026/08/10 15:20:06.896, 0, 8760, 75
2026/08/10 15:20:06.900, 1, 11517, 100
2026/08/10 15:20:07.983, 0, 7960, 100
2026/08/10 15:20:07.988, 1, 10301, 91
2026/08/10 15:20:09.071, 0, 7896, 73
2026/08/10 15:20:09.077, 1, 10461, 100
2026/08/10 15:20:10.152, 0, 7320, 100
2026/08/10 15:20:10.158, 1, 13117, 88
2026/08/10 15:20:11.233, 0, 7480, 100
2026/08/10 15:20:11.238, 1, 11645, 87
2026/08/10 15:20:12.314, 0, 7320, 100
2026/08/10 15:20:12.319, 1, 14013, 100
2026/08/10 15:20:13.392, 0, 10488, 100
2026/08/10 15:20:13.399, 1, 14813, 100
2026/08/10 15:20:14.478, 0, 8792, 100
2026/08/10 15:20:14.483, 1, 10813, 100
2026/08/10 15:20:15.549, 0, 9880, 59
2026/08/10 15:20:15.554, 1, 12445, 100
2026/08/10 15:20:16.636, 0, 8248, 100
2026/08/10 15:20:16.641, 1, 12253, 100
2026/08/10 15:20:17.712, 0, 10040, 71
2026/08/10 15:20:17.717, 1, 11325, 73
2026/08/10 15:20:18.784, 0, 9368, 100
2026/08/10 15:20:18.791, 1, 14333, 100
2026/08/10 15:20:19.867, 0, 11352, 100
2026/08/10 15:20:19.873, 1, 14877, 77
2026/08/10 15:20:20.946, 0, 8792, 100
2026/08/10 15:20:20.952, 1, 13661, 39
2026/08/10 15:20:22.021, 0, 8024, 100
2026/08/10 15:20:22.026, 1, 14877, 24
2026/08/10 15:20:23.097, 0, 9112, 100
2026/08/10 15:20:23.107, 1, 13309, 92
2026/08/10 15:20:24.193, 0, 8664, 100
2026/08/10 15:20:24.199, 1, 13789, 53
2026/08/10 15:20:25.270, 0, 9720, 100
2026/08/10 15:20:25.274, 1, 15677, 4
2026/08/10 15:20:26.342, 0, 12568, 71
2026/08/10 15:20:26.346, 1, 16957, 45
2026/08/10 15:20:27.417, 0, 9720, 98
2026/08/10 15:20:27.423, 1, 17213, 100
2026/08/10 15:20:28.501, 0, 10360, 100
2026/08/10 15:20:28.507, 1, 17789, 95
2026/08/10 15:20:29.575, 0, 10872, 89
2026/08/10 15:20:29.582, 1, 16221, 66
2026/08/10 15:20:30.656, 0, 9848, 100
2026/08/10 15:20:30.663, 1, 18557, 32
2026/08/10 15:20:31.735, 0, 9080, 100
2026/08/10 15:20:31.739, 1, 17277, 51
2026/08/10 15:20:32.813, 0, 12952, 100
2026/08/10 15:20:32.818, 1, 18781, 55
2026/08/10 15:20:33.887, 0, 11288, 68
2026/08/10 15:20:33.892, 1, 15517, 97
2026/08/10 15:20:34.974, 0, 9592, 100
2026/08/10 15:20:34.983, 1, 15901, 52
2026/08/10 15:20:36.064, 0, 10584, 98
2026/08/10 15:20:36.073, 1, 12573, 100
2026/08/10 15:20:37.151, 0, 11352, 100
2026/08/10 15:20:37.156, 1, 13469, 100
2026/08/10 15:20:38.226, 0, 10680, 100
2026/08/10 15:20:38.231, 1, 14109, 100
2026/08/10 15:20:39.304, 0, 9464, 100
2026/08/10 15:20:39.309, 1, 14109, 100
2026/08/10 15:20:40.381, 0, 8312, 100
2026/08/10 15:20:40.387, 1, 17181, 98
2026/08/10 15:20:41.459, 0, 10168, 90
2026/08/10 15:20:41.468, 1, 13661, 100
2026/08/10 15:20:42.545, 0, 7672, 79
2026/08/10 15:20:42.552, 1, 12093, 100
2026/08/10 15:20:43.642, 0, 10168, 100
2026/08/10 15:20:43.648, 1, 12861, 100
2026/08/10 15:20:44.723, 0, 9144, 100
2026/08/10 15:20:44.728, 1, 11549, 100
2026/08/10 15:20:45.808, 0, 8600, 100
2026/08/10 15:20:45.815, 1, 12477, 100
2026/08/10 15:20:46.892, 0, 11192, 98
2026/08/10 15:20:46.900, 1, 16605, 100
2026/08/10 15:20:47.981, 0, 7448, 100
2026/08/10 15:20:47.986, 1, 18173, 100
2026/08/10 15:20:49.077, 0, 10200, 86
2026/08/10 15:20:49.091, 1, 11741, 93
2026/08/10 15:20:50.173, 0, 12248, 100
2026/08/10 15:20:50.179, 1, 14493, 100
2026/08/10 15:20:51.264, 0, 12472, 100
2026/08/10 15:20:51.269, 1, 15197, 99
2026/08/10 15:20:52.368, 0, 8440, 90
2026/08/10 15:20:52.373, 1, 13181, 80
2026/08/10 15:20:53.462, 0, 9112, 100
2026/08/10 15:20:53.468, 1, 14589, 100
2026/08/10 15:20:54.564, 0, 9624, 100
2026/08/10 15:20:54.575, 1, 12445, 100
2026/08/10 15:20:55.653, 0, 9848, 94
2026/08/10 15:20:55.662, 1, 14461, 100
2026/08/10 15:20:56.738, 0, 8632, 100
2026/08/10 15:20:56.745, 1, 15645, 68
2026/08/10 15:20:57.835, 0, 12472, 58
2026/08/10 15:20:57.840, 1, 15901, 68
2026/08/10 15:20:58.936, 0, 9080, 100
2026/08/10 15:20:58.941, 1, 15261, 85
2026/08/10 15:21:00.022, 0, 8696, 100
2026/08/10 15:21:00.028, 1, 15325, 100
2026/08/10 15:21:01.114, 0, 10712, 100
2026/08/10 15:21:01.120, 1, 12957, 82
2026/08/10 15:21:02.213, 0, 9752, 100
2026/08/10 15:21:02.218, 1, 14845, 100
2026/08/10 15:21:03.295, 0, 8600, 100
2026/08/10 15:21:03.300, 1, 16029, 91
2026/08/10 15:21:04.385, 0, 8088, 100
2026/08/10 15:21:04.391, 1, 12797, 96
2026/08/10 15:21:05.475, 0, 10296, 100
2026/08/10 15:21:05.483, 1, 15997, 82
2026/08/10 15:21:06.569, 0, 10840, 100
2026/08/10 15:21:06.594, 1, 13981, 82
2026/08/10 15:21:07.669, 0, 7928, 100
2026/08/10 15:21:07.675, 1, 12541, 100
2026/08/10 15:21:08.755, 0, 8920, 100
2026/08/10 15:21:08.761, 1, 13245, 62
2026/08/10 15:21:09.838, 0, 7384, 100
2026/08/10 15:21:09.842, 1, 15037, 100
2026/08/10 15:21:10.912, 0, 9560, 87
2026/08/10 15:21:10.917, 1, 11037, 97
2026/08/10 15:21:11.997, 0, 8824, 91
2026/08/10 15:21:12.002, 1, 13309, 98
2026/08/10 15:21:13.079, 0, 7416, 100
2026/08/10 15:21:13.083, 1, 10717, 100
2026/08/10 15:21:14.156, 0, 9560, 99
2026/08/10 15:21:14.161, 1, 13437, 100
2026/08/10 15:21:15.236, 0, 9656, 100
2026/08/10 15:21:15.241, 1, 11933, 100
2026/08/10 15:21:16.323, 0, 10776, 100
2026/08/10 15:21:16.328, 1, 13597, 100
2026/08/10 15:21:17.414, 0, 7096, 100
2026/08/10 15:21:17.419, 1, 14365, 90
2026/08/10 15:21:18.500, 0, 7992, 100
2026/08/10 15:21:18.505, 1, 12701, 98
2026/08/10 15:21:19.593, 0, 8248, 100
2026/08/10 15:21:19.598, 1, 15069, 94
2026/08/10 15:21:20.671, 0, 9816, 99
2026/08/10 15:21:20.676, 1, 12605, 100
2026/08/10 15:21:21.751, 0, 8856, 64
2026/08/10 15:21:21.757, 1, 12253, 92
2026/08/10 15:21:22.834, 0, 10296, 100
2026/08/10 15:21:22.840, 1, 16861, 47
2026/08/10 15:21:23.916, 0, 11192, 100
2026/08/10 15:21:23.922, 1, 12797, 100
2026/08/10 15:21:25.011, 0, 6200, 94
2026/08/10 15:21:25.017, 1, 14717, 100
2026/08/10 15:21:26.096, 0, 9880, 100
2026/08/10 15:21:26.101, 1, 11997, 100
2026/08/10 15:21:27.185, 0, 10456, 100
2026/08/10 15:21:27.190, 1, 11869, 94
2026/08/10 15:21:28.302, 0, 8728, 92
2026/08/10 15:21:28.308, 1, 13917, 72
2026/08/10 15:21:29.394, 0, 11768, 61
2026/08/10 15:21:29.400, 1, 16221, 100
2026/08/10 15:21:30.482, 0, 11608, 89
2026/08/10 15:21:30.487, 1, 12573, 97
2026/08/10 15:21:31.563, 0, 11416, 100
2026/08/10 15:21:31.569, 1, 14941, 100
2026/08/10 15:21:32.658, 0, 6392, 90
2026/08/10 15:21:32.664, 1, 13821, 88
2026/08/10 15:21:33.739, 0, 8088, 100
2026/08/10 15:21:33.746, 1, 13117, 80
2026/08/10 15:21:34.823, 0, 10744, 100
2026/08/10 15:21:34.827, 1, 11805, 88
2026/08/10 15:21:35.892, 0, 6104, 100
2026/08/10 15:21:35.897, 1, 12285, 100
2026/08/10 15:21:36.972, 0, 10360, 100
2026/08/10 15:21:36.978, 1, 11997, 70
2026/08/10 15:21:38.058, 0, 9944, 100
2026/08/10 15:21:38.063, 1, 13693, 61
2026/08/10 15:21:39.136, 0, 7224, 38
2026/08/10 15:21:39.142, 1, 11965, 100
2026/08/10 15:21:40.210, 0, 10040, 56
2026/08/10 15:21:40.216, 1, 14621, 96
2026/08/10 15:21:41.289, 0, 10104, 100
2026/08/10 15:21:41.294, 1, 14813, 100
2026/08/10 15:21:42.374, 0, 10552, 83
2026/08/10 15:21:42.379, 1, 11933, 100
2026/08/10 15:21:43.451, 0, 5624, 100
2026/08/10 15:21:43.456, 1, 12029, 97
2026/08/10 15:21:44.522, 0, 10360, 69
2026/08/10 15:21:44.526, 1, 11709, 100
2026/08/10 15:21:45.598, 0, 7544, 84
2026/08/10 15:21:45.604, 1, 10781, 63
2026/08/10 15:21:46.685, 0, 6840, 79
2026/08/10 15:21:46.691, 1, 11325, 42
2026/08/10 15:21:47.768, 0, 8856, 100
2026/08/10 15:21:47.773, 1, 11613, 89
2026/08/10 15:21:48.860, 0, 5752, 100
2026/08/10 15:21:48.865, 1, 10909, 85
2026/08/10 15:21:49.940, 0, 8120, 59
2026/08/10 15:21:49.945, 1, 11325, 64
2026/08/10 15:21:51.019, 0, 9496, 100
2026/08/10 15:21:51.024, 1, 14141, 91
2026/08/10 15:21:52.096, 0, 7256, 100
2026/08/10 15:21:52.100, 1, 17629, 100
2026/08/10 15:21:53.167, 0, 8856, 100
2026/08/10 15:21:53.172, 1, 13597, 69
2026/08/10 15:21:54.240, 0, 10872, 100
2026/08/10 15:21:54.245, 1, 10813, 100
2026/08/10 15:21:55.323, 0, 10552, 97
2026/08/10 15:21:55.328, 1, 11037, 53
2026/08/10 15:21:56.408, 0, 8728, 100
2026/08/10 15:21:56.413, 1, 13437, 95
2026/08/10 15:21:57.482, 0, 11256, 100
2026/08/10 15:21:57.488, 1, 14397, 68
2026/08/10 15:21:58.562, 0, 12696, 100
2026/08/10 15:21:58.567, 1, 12189, 46
2026/08/10 15:21:59.646, 0, 7800, 93
2026/08/10 15:21:59.651, 1, 15037, 100
2026/08/10 15:22:00.722, 0, 12280, 100
2026/08/10 15:22:00.726, 1, 13661, 65
2026/08/10 15:22:01.808, 0, 8312, 100
2026/08/10 15:22:01.813, 1, 15261, 85
2026/08/10 15:22:02.888, 0, 6648, 75
2026/08/10 15:22:02.892, 1, 10909, 100
2026/08/10 15:22:03.965, 0, 10296, 85
2026/08/10 15:22:03.970, 1, 12285, 100
2026/08/10 15:22:05.042, 0, 7480, 99
2026/08/10 15:22:05.049, 1, 14461, 100
2026/08/10 15:22:06.127, 0, 6712, 100
2026/08/10 15:22:06.131, 1, 12317, 68
2026/08/10 15:22:07.205, 0, 5560, 74
2026/08/10 15:22:07.215, 1, 12925, 95
2026/08/10 15:22:08.290, 0, 6232, 100
2026/08/10 15:22:08.295, 1, 12125, 69
2026/08/10 15:22:09.365, 0, 9304, 62
2026/08/10 15:22:09.370, 1, 10269, 99
2026/08/10 15:22:10.447, 0, 8856, 100
2026/08/10 15:22:10.452, 1, 12157, 82
2026/08/10 15:22:11.530, 0, 9592, 72
2026/08/10 15:22:11.535, 1, 10845, 83
2026/08/10 15:22:12.609, 0, 7960, 100
2026/08/10 15:22:12.613, 1, 11581, 94
2026/08/10 15:22:13.689, 0, 7256, 66
2026/08/10 15:22:13.694, 1, 12477, 98
2026/08/10 15:22:14.771, 0, 6744, 10
2026/08/10 15:22:14.776, 1, 11165, 100
2026/08/10 15:22:15.865, 0, 8152, 100
2026/08/10 15:22:15.871, 1, 16797, 100
2026/08/10 15:22:16.970, 0, 9816, 100
2026/08/10 15:22:16.975, 1, 18589, 100
2026/08/10 15:22:18.057, 0, 12984, 100
2026/08/10 15:22:18.063, 1, 13629, 100
2026/08/10 15:22:19.145, 0, 10424, 100
2026/08/10 15:22:19.150, 1, 11389, 100
2026/08/10 15:22:20.228, 0, 6808, 100
2026/08/10 15:22:20.233, 1, 12669, 44
2026/08/10 15:22:21.311, 0, 7960, 100
2026/08/10 15:22:21.316, 1, 11773, 100
2026/08/10 15:22:22.409, 0, 6616, 96
2026/08/10 15:22:22.436, 1, 10397, 100
2026/08/10 15:22:23.525, 0, 8472, 100
2026/08/10 15:22:23.530, 1, 12061, 24
2026/08/10 15:22:24.605, 0, 5912, 100
2026/08/10 15:22:24.611, 1, 11165, 41
2026/08/10 15:22:25.684, 0, 9400, 100
2026/08/10 15:22:25.689, 1, 13501, 100
2026/08/10 15:22:26.755, 0, 12216, 100
2026/08/10 15:22:26.760, 1, 14333, 100
2026/08/10 15:22:27.822, 0, 5432, 91
2026/08/10 15:22:27.826, 1, 10109, 76
2026/08/10 15:22:28.895, 0, 6200, 100
2026/08/10 15:22:28.900, 1, 10429, 100
2026/08/10 15:22:29.977, 0, 5560, 76
2026/08/10 15:22:29.983, 1, 9757, 84
2026/08/10 15:22:31.059, 0, 6008, 91
2026/08/10 15:22:31.063, 1, 10109, 93
2026/08/10 15:22:32.130, 0, 7256, 100
2026/08/10 15:22:32.135, 1, 12541, 91
2026/08/10 15:22:33.213, 0, 7192, 97
2026/08/10 15:22:33.218, 1, 14845, 99
2026/08/10 15:22:34.283, 0, 7160, 100
2026/08/10 15:22:34.287, 1, 11101, 66
2026/08/10 15:22:35.358, 0, 6104, 86
2026/08/10 15:22:35.363, 1, 12061, 100
2026/08/10 15:22:36.432, 0, 9048, 72
2026/08/10 15:22:36.437, 1, 11773, 100
2026/08/10 15:22:37.504, 0, 8376, 80
2026/08/10 15:22:37.510, 1, 12285, 82
2026/08/10 15:22:38.586, 0, 6744, 97
2026/08/10 15:22:38.592, 1, 10301, 31
2026/08/10 15:22:39.664, 0, 9528, 100
2026/08/10 15:22:39.672, 1, 11197, 60
2026/08/10 15:22:40.738, 0, 7256, 61
2026/08/10 15:22:40.742, 1, 10173, 86
2026/08/10 15:22:41.806, 0, 7128, 36
2026/08/10 15:22:41.811, 1, 9597, 81
2026/08/10 15:22:42.886, 0, 7160, 95
2026/08/10 15:22:42.890, 1, 10717, 65
2026/08/10 15:22:43.956, 0, 6296, 99
2026/08/10 15:22:43.961, 1, 12349, 30
2026/08/10 15:22:45.025, 0, 8632, 93
2026/08/10 15:22:45.029, 1, 13053, 100
2026/08/10 15:22:46.100, 0, 10520, 100
2026/08/10 15:22:46.105, 1, 11645, 100
2026/08/10 15:22:47.180, 0, 6296, 100
2026/08/10 15:22:47.185, 1, 12637, 52
2026/08/10 15:22:48.262, 0, 6584, 100
2026/08/10 15:22:48.267, 1, 11389, 100
2026/08/10 15:22:49.341, 0, 6904, 66
2026/08/10 15:22:49.346, 1, 13181, 73
2026/08/10 15:22:50.429, 0, 7480, 100
2026/08/10 15:22:50.434, 1, 13149, 100
2026/08/10 15:22:51.516, 0, 8984, 58
2026/08/10 15:22:51.521, 1, 10589, 100
2026/08/10 15:22:52.600, 0, 5688, 100
2026/08/10 15:22:52.605, 1, 10493, 100
2026/08/10 15:22:53.672, 0, 7576, 85
2026/08/10 15:22:53.676, 1, 10973, 100
2026/08/10 15:22:54.743, 0, 7576, 100
2026/08/10 15:22:54.749, 1, 10909, 100
2026/08/10 15:22:55.824, 0, 6552, 100
2026/08/10 15:22:55.830, 1, 12957, 81
2026/08/10 15:22:56.902, 0, 7480, 74
2026/08/10 15:22:56.905, 1, 9821, 90
2026/08/10 15:22:57.973, 0, 8184, 99
2026/08/10 15:22:57.981, 1, 12413, 100
2026/08/10 15:22:59.051, 0, 8536, 63
2026/08/10 15:22:59.056, 1, 10589, 100
2026/08/10 15:23:00.122, 0, 8440, 78
2026/08/10 15:23:00.127, 1, 13693, 100
2026/08/10 15:23:01.194, 0, 5304, 48
2026/08/10 15:23:01.198, 1, 11645, 97
2026/08/10 15:23:02.271, 0, 7544, 54
2026/08/10 15:23:02.275, 1, 11293, 100
2026/08/10 15:23:03.359, 0, 11128, 84
2026/08/10 15:23:03.365, 1, 13309, 100
2026/08/10 15:23:04.438, 0, 11640, 100
2026/08/10 15:23:04.443, 1, 14749, 100
2026/08/10 15:23:05.516, 0, 6296, 100
2026/08/10 15:23:05.521, 1, 10973, 91
2026/08/10 15:23:06.595, 0, 6712, 68
2026/08/10 15:23:06.600, 1, 10877, 78
2026/08/10 15:23:07.669, 0, 8792, 100
2026/08/10 15:23:07.673, 1, 10173, 100
2026/08/10 15:23:08.742, 0, 7992, 100
2026/08/10 15:23:08.751, 1, 12989, 100
2026/08/10 15:23:09.824, 0, 8856, 92
2026/08/10 15:23:09.830, 1, 12733, 85
2026/08/10 15:23:10.911, 0, 8184, 67
2026/08/10 15:23:10.917, 1, 13309, 89
2026/08/10 15:23:11.996, 0, 6392, 100
2026/08/10 15:23:12.005, 1, 11069, 100
2026/08/10 15:23:13.083, 0, 8056, 87
2026/08/10 15:23:13.088, 1, 10525, 100
2026/08/10 15:23:14.155, 0, 7512, 100
2026/08/10 15:23:14.160, 1, 10557, 100
2026/08/10 15:23:15.228, 0, 6296, 75
2026/08/10 15:23:15.233, 1, 11197, 100
2026/08/10 15:23:16.316, 0, 7512, 100
2026/08/10 15:23:16.322, 1, 13277, 100
2026/08/10 15:23:17.395, 0, 9272, 67
2026/08/10 15:23:17.400, 1, 10077, 34
2026/08/10 15:23:18.470, 0, 6168, 100
2026/08/10 15:23:18.474, 1, 14333, 100
2026/08/10 15:23:19.547, 0, 8024, 49
2026/08/10 15:23:19.552, 1, 14077, 72
2026/08/10 15:23:20.620, 0, 8408, 88
2026/08/10 15:23:20.625, 1, 13341, 100
2026/08/10 15:23:21.694, 0, 7480, 75
2026/08/10 15:23:21.699, 1, 12285, 91
2026/08/10 15:23:22.769, 0, 8088, 90
2026/08/10 15:23:22.774, 1, 13309, 76
2026/08/10 15:23:23.846, 0, 11832, 87
2026/08/10 15:23:23.852, 1, 13181, 41
2026/08/10 15:23:24.922, 0, 10616, 63
2026/08/10 15:23:24.928, 1, 13885, 100
2026/08/10 15:23:26.002, 0, 6520, 96
2026/08/10 15:23:26.008, 1, 10333, 25
2026/08/10 15:23:27.080, 0, 8344, 71
2026/08/10 15:23:27.084, 1, 13885, 98
2026/08/10 15:23:28.153, 0, 8376, 100
2026/08/10 15:23:28.157, 1, 12573, 100
2026/08/10 15:23:29.226, 0, 8472, 100
2026/08/10 15:23:29.230, 1, 10077, 99
2026/08/10 15:23:30.314, 0, 5816, 88
2026/08/10 15:23:30.329, 1, 12893, 88
2026/08/10 15:23:31.403, 0, 6424, 100
2026/08/10 15:23:31.407, 1, 10909, 92
2026/08/10 15:23:32.481, 0, 7800, 100
2026/08/10 15:23:32.485, 1, 9917, 87
2026/08/10 15:23:33.566, 0, 6776, 100
2026/08/10 15:23:33.572, 1, 12637, 93
2026/08/10 15:23:34.645, 0, 5880, 100
2026/08/10 15:23:34.651, 1, 12413, 59
2026/08/10 15:23:35.723, 0, 6104, 100
2026/08/10 15:23:35.727, 1, 11165, 85
2026/08/10 15:23:36.807, 0, 6168, 89
2026/08/10 15:23:36.812, 1, 13437, 100
2026/08/10 15:23:37.882, 0, 8216, 100
2026/08/10 15:23:37.887, 1, 10781, 55
2026/08/10 15:23:38.959, 0, 6680, 100
2026/08/10 15:23:38.964, 1, 12125, 100
2026/08/10 15:23:40.045, 0, 7512, 76
2026/08/10 15:23:40.051, 1, 12445, 100
2026/08/10 15:23:41.126, 0, 6040, 83
2026/08/10 15:23:41.132, 1, 12221, 64
2026/08/10 15:23:42.201, 0, 9112, 100
2026/08/10 15:23:42.208, 1, 13341, 82
2026/08/10 15:23:43.288, 0, 9592, 100
2026/08/10 15:23:43.294, 1, 14237, 79
2026/08/10 15:23:44.372, 0, 6264, 79
2026/08/10 15:23:44.377, 1, 11805, 94
2026/08/10 15:23:45.444, 0, 7000, 100
2026/08/10 15:23:45.449, 1, 13021, 100
2026/08/10 15:23:46.524, 0, 7256, 100
2026/08/10 15:23:46.530, 1, 10589, 84
2026/08/10 15:23:47.597, 0, 6232, 100
2026/08/10 15:23:47.602, 1, 10077, 99
2026/08/10 15:23:48.679, 0, 6584, 100
2026/08/10 15:23:48.684, 1, 10909, 42
2026/08/10 15:23:49.766, 0, 7416, 76
2026/08/10 15:23:49.770, 1, 11069, 95
2026/08/10 15:23:50.841, 0, 7704, 100
2026/08/10 15:23:50.844, 1, 12285, 100
2026/08/10 15:23:51.917, 0, 11128, 100
2026/08/10 15:23:51.923, 1, 12349, 61
2026/08/10 15:23:53.008, 0, 11064, 79
2026/08/10 15:23:53.014, 1, 11549, 83
2026/08/10 15:23:54.092, 0, 10680, 74
2026/08/10 15:23:54.096, 1, 13789, 92
2026/08/10 15:23:55.179, 0, 10072, 95
2026/08/10 15:23:55.184, 1, 11901, 100
2026/08/10 15:23:56.261, 0, 6264, 97
2026/08/10 15:23:56.267, 1, 12733, 96
2026/08/10 15:23:57.337, 0, 9272, 100
2026/08/10 15:23:57.342, 1, 11197, 100
2026/08/10 15:23:58.420, 0, 7128, 73
2026/08/10 15:23:58.428, 1, 14845, 94
2026/08/10 15:23:59.517, 0, 7576, 82
2026/08/10 15:23:59.524, 1, 13021, 90
2026/08/10 15:24:00.628, 0, 7320, 100
2026/08/10 15:24:00.632, 1, 14269, 100
2026/08/10 15:24:01.716, 0, 5912, 96
2026/08/10 15:24:01.721, 1, 9725, 96
2026/08/10 15:24:02.801, 0, 6808, 81
2026/08/10 15:24:02.807, 1, 9533, 100
2026/08/10 15:24:03.883, 0, 7832, 92
2026/08/10 15:24:03.887, 1, 14429, 55
2026/08/10 15:24:04.972, 0, 8312, 100
2026/08/10 15:24:04.977, 1, 12189, 68
2026/08/10 15:24:06.057, 0, 7384, 100
2026/08/10 15:24:06.062, 1, 12509, 100
2026/08/10 15:24:07.139, 0, 7288, 66
2026/08/10 15:24:07.144, 1, 12797, 100
2026/08/10 15:24:08.208, 0, 7288, 100
2026/08/10 15:24:08.212, 1, 14237, 100
2026/08/10 15:24:09.276, 0, 8120, 85
2026/08/10 15:24:09.280, 1, 14941, 100
2026/08/10 15:24:10.350, 0, 7128, 100
2026/08/10 15:24:10.355, 1, 12413, 58
2026/08/10 15:24:11.424, 0, 6936, 55
2026/08/10 15:24:11.428, 1, 12957, 58
2026/08/10 15:24:12.510, 0, 7032, 81
2026/08/10 15:24:12.515, 1, 14813, 100
2026/08/10 15:24:13.591, 0, 9304, 79
2026/08/10 15:24:13.596, 1, 13949, 84
2026/08/10 15:24:14.665, 0, 9016, 76
2026/08/10 15:24:14.669, 1, 13565, 84
2026/08/10 15:24:15.743, 0, 8952, 59
2026/08/10 15:24:15.747, 1, 13725, 88
2026/08/10 15:24:16.818, 0, 9496, 94
2026/08/10 15:24:16.822, 1, 14781, 65
2026/08/10 15:24:17.899, 0, 9080, 76
2026/08/10 15:24:17.905, 1, 13565, 76
2026/08/10 15:24:18.977, 0, 7256, 87
2026/08/10 15:24:18.981, 1, 12573, 100
2026/08/10 15:24:20.044, 0, 9304, 100
2026/08/10 15:24:20.048, 1, 12637, 83
2026/08/10 15:24:21.111, 0, 7352, 94
2026/08/10 15:24:21.115, 1, 12477, 18
2026/08/10 15:24:22.176, 0, 9336, 12
2026/08/10 15:24:22.180, 1, 13949, 82
2026/08/10 15:24:23.253, 0, 7256, 98
2026/08/10 15:24:23.257, 1, 12573, 81
2026/08/10 15:24:24.322, 0, 8120, 29
2026/08/10 15:24:24.326, 1, 12605, 76
2026/08/10 15:24:25.392, 0, 7544, 71
2026/08/10 15:24:25.396, 1, 12893, 57
2026/08/10 15:24:26.461, 0, 7160, 32
2026/08/10 15:24:26.466, 1, 13085, 48
2026/08/10 15:24:27.533, 0, 7544, 73
2026/08/10 15:24:27.537, 1, 12381, 83
2026/08/10 15:24:28.600, 0, 7448, 66
2026/08/10 15:24:28.605, 1, 14429, 97
2026/08/10 15:24:29.664, 0, 7608, 75
2026/08/10 15:24:29.669, 1, 12797, 0
2026/08/10 15:24:30.729, 0, 7864, 78
2026/08/10 15:24:30.733, 1, 14461, 53
2026/08/10 15:24:31.801, 0, 7128, 67
2026/08/10 15:24:31.805, 1, 12637, 67
2026/08/10 15:24:32.873, 0, 8184, 1
2026/08/10 15:24:32.878, 1, 14429, 70
2026/08/10 15:24:33.953, 0, 9080, 44
2026/08/10 15:24:33.957, 1, 12989, 77
2026/08/10 15:24:35.035, 0, 7512, 89
2026/08/10 15:24:35.040, 1, 13693, 49
2026/08/10 15:24:36.111, 0, 9912, 62
2026/08/10 15:24:36.116, 1, 13309, 80
2026/08/10 15:24:37.179, 0, 7480, 71
2026/08/10 15:24:37.183, 1, 12221, 86
2026/08/10 15:24:38.247, 0, 8344, 55
2026/08/10 15:24:38.252, 1, 13085, 95
2026/08/10 15:24:39.318, 0, 7480, 100
2026/08/10 15:24:39.323, 1, 12317, 68
2026/08/10 15:24:40.387, 0, 7864, 86
2026/08/10 15:24:40.391, 1, 14333, 34
2026/08/10 15:24:41.459, 0, 7832, 81
2026/08/10 15:24:41.463, 1, 14493, 22
2026/08/10 15:24:42.532, 0, 7512, 95
2026/08/10 15:24:42.536, 1, 15453, 74
2026/08/10 15:24:43.601, 0, 7704, 14
2026/08/10 15:24:43.605, 1, 12157, 57
2026/08/10 15:24:44.671, 0, 7864, 77
2026/08/10 15:24:44.675, 1, 12253, 64
2026/08/10 15:24:45.729, 0, 9272, 91
2026/08/10 15:24:45.734, 1, 13309, 87
2026/08/10 15:24:46.801, 0, 7928, 57
2026/08/10 15:24:46.805, 1, 14045, 98
2026/08/10 15:24:47.877, 0, 8728, 77
2026/08/10 15:24:47.882, 1, 13885, 68
2026/08/10 15:24:48.950, 0, 8152, 64
2026/08/10 15:24:48.954, 1, 13629, 84
2026/08/10 15:24:50.029, 0, 8248, 3
2026/08/10 15:24:50.034, 1, 13085, 11
2026/08/10 15:24:51.104, 0, 7320, 91
2026/08/10 15:24:51.108, 1, 12701, 92
2026/08/10 15:24:52.177, 0, 8216, 67
2026/08/10 15:24:52.181, 1, 13469, 95
2026/08/10 15:24:53.245, 0, 8600, 72
2026/08/10 15:24:53.248, 1, 12797, 91
2026/08/10 15:24:54.309, 0, 11480, 42
2026/08/10 15:24:54.314, 1, 14749, 59
2026/08/10 15:24:55.382, 0, 12216, 100
2026/08/10 15:24:55.388, 1, 15709, 69
2026/08/10 15:24:56.460, 0, 7640, 95
2026/08/10 15:24:56.465, 1, 14653, 92
2026/08/10 15:24:57.534, 0, 9240, 78
2026/08/10 15:24:57.540, 1, 14621, 52
2026/08/10 15:24:58.603, 0, 7256, 92
2026/08/10 15:24:58.609, 1, 14941, 86
2026/08/10 15:24:59.672, 0, 9112, 82
2026/08/10 15:24:59.677, 1, 13917, 97
2026/08/10 15:25:00.742, 0, 7896, 91
2026/08/10 15:25:00.747, 1, 15325, 92
2026/08/10 15:25:01.815, 0, 7992, 94
2026/08/10 15:25:01.819, 1, 12957, 64
2026/08/10 15:25:02.886, 0, 8504, 99
2026/08/10 15:25:02.891, 1, 14205, 90
2026/08/10 15:25:03.962, 0, 8600, 85
2026/08/10 15:25:03.968, 1, 14365, 66
2026/08/10 15:25:05.035, 0, 8888, 82
2026/08/10 15:25:05.040, 1, 13533, 82
2026/08/10 15:25:06.107, 0, 8664, 78
2026/08/10 15:25:06.111, 1, 16637, 87
2026/08/10 15:25:07.185, 0, 9144, 70
2026/08/10 15:25:07.192, 1, 13533, 87
2026/08/10 15:25:08.268, 0, 10648, 71
2026/08/10 15:25:08.274, 1, 15261, 62
2026/08/10 15:25:09.351, 0, 8504, 100
2026/08/10 15:25:09.355, 1, 13501, 100
2026/08/10 15:25:10.427, 0, 9592, 77
2026/08/10 15:25:10.434, 1, 15645, 64
2026/08/10 15:25:11.505, 0, 8376, 100
2026/08/10 15:25:11.510, 1, 13021, 47
2026/08/10 15:25:12.575, 0, 9080, 100
2026/08/10 15:25:12.579, 1, 14717, 97
2026/08/10 15:25:13.653, 0, 8408, 95
2026/08/10 15:25:13.658, 1, 14109, 76
2026/08/10 15:25:14.729, 0, 9432, 67
2026/08/10 15:25:14.734, 1, 15645, 72
2026/08/10 15:25:15.803, 0, 8856, 92
2026/08/10 15:25:15.807, 1, 15901, 100
2026/08/10 15:25:16.872, 0, 8088, 100
2026/08/10 15:25:16.878, 1, 13629, 72
2026/08/10 15:25:17.953, 0, 7320, 97
2026/08/10 15:25:17.957, 1, 13405, 99
2026/08/10 15:25:19.035, 0, 7768, 80
2026/08/10 15:25:19.041, 1, 14301, 89
2026/08/10 15:25:20.111, 0, 9976, 100
2026/08/10 15:25:20.115, 1, 13885, 85
2026/08/10 15:25:21.207, 0, 4261, 92
2026/08/10 15:25:21.212, 1, 9187, 100
2026/08/10 15:25:22.287, 0, 3685, 99
2026/08/10 15:25:22.292, 1, 5411, 76
2026/08/10 15:25:23.353, 0, 3877, 74
2026/08/10 15:25:23.357, 1, 7747, 82
2026/08/10 15:25:24.425, 0, 7045, 74
2026/08/10 15:25:24.430, 1, 5283, 88
2026/08/10 15:25:25.496, 0, 5349, 93
2026/08/10 15:25:25.500, 1, 6307, 77
2026/08/10 15:25:26.565, 0, 3109, 64
2026/08/10 15:25:26.569, 1, 5443, 100
2026/08/10 15:25:27.635, 0, 6085, 75
2026/08/10 15:25:27.640, 1, 7235, 56
2026/08/10 15:25:28.710, 0, 7301, 60
2026/08/10 15:25:28.714, 1, 8579, 90
2026/08/10 15:25:29.779, 0, 5477, 85
2026/08/10 15:25:29.784, 1, 5571, 100
2026/08/10 15:25:30.852, 0, 6533, 82
2026/08/10 15:25:30.857, 1, 6915, 19
2026/08/10 15:25:31.924, 0, 5797, 95
2026/08/10 15:25:31.929, 1, 6915, 100
2026/08/10 15:25:32.999, 0, 5093, 98
2026/08/10 15:25:33.003, 1, 8387, 93
2026/08/10 15:25:34.072, 0, 3173, 73
2026/08/10 15:25:34.076, 1, 8579, 88
2026/08/10 15:25:35.146, 0, 3269, 100
2026/08/10 15:25:35.150, 1, 6723, 91
2026/08/10 15:25:36.222, 0, 4101, 100
2026/08/10 15:25:36.226, 1, 6339, 89
2026/08/10 15:25:37.295, 0, 4293, 99
2026/08/10 15:25:37.300, 1, 8739, 54
2026/08/10 15:25:38.362, 0, 4453, 96
2026/08/10 15:25:38.365, 1, 8131, 67
2026/08/10 15:25:39.430, 0, 6789, 68
2026/08/10 15:25:39.434, 1, 7331, 45
2026/08/10 15:25:40.505, 0, 3653, 82
2026/08/10 15:25:40.510, 1, 5539, 100
2026/08/10 15:25:41.575, 0, 3973, 52
2026/08/10 15:25:41.580, 1, 5443, 87
2026/08/10 15:25:42.656, 0, 3429, 47
2026/08/10 15:25:42.660, 1, 5347, 90
2026/08/10 15:25:43.729, 0, 3941, 94
2026/08/10 15:25:43.733, 1, 5347, 81
2026/08/10 15:25:44.803, 0, 6245, 64
2026/08/10 15:25:44.808, 1, 6531, 100
2026/08/10 15:25:45.880, 0, 4165, 94
2026/08/10 15:25:45.885, 1, 5571, 73
2026/08/10 15:25:46.957, 0, 6373, 92
2026/08/10 15:25:46.962, 1, 5507, 0
2026/08/10 15:25:48.032, 0, 6757, 61
2026/08/10 15:25:48.037, 1, 7619, 92
2026/08/10 15:25:49.104, 0, 7237, 65
2026/08/10 15:25:49.108, 1, 8867, 100
2026/08/10 15:25:50.187, 0, 5157, 58
2026/08/10 15:25:50.193, 1, 8067, 82
2026/08/10 15:25:51.275, 0, 6469, 79
2026/08/10 15:25:51.280, 1, 9027, 100
2026/08/10 15:25:52.351, 0, 5413, 86
2026/08/10 15:25:52.357, 1, 7427, 0
2026/08/10 15:25:53.427, 0, 6725, 85
2026/08/10 15:25:53.432, 1, 9091, 92
2026/08/10 15:25:54.506, 0, 4901, 100
2026/08/10 15:25:54.511, 1, 8387, 74
2026/08/10 15:25:55.577, 0, 4645, 100
2026/08/10 15:25:55.583, 1, 7843, 100
2026/08/10 15:25:56.657, 0, 6629, 100
2026/08/10 15:25:56.661, 1, 7843, 73
2026/08/10 15:25:57.740, 0, 6245, 81
2026/08/10 15:25:57.745, 1, 6371, 94
2026/08/10 15:25:58.820, 0, 6085, 87
2026/08/10 15:25:58.826, 1, 7811, 83
2026/08/10 15:25:59.900, 0, 5349, 92
2026/08/10 15:25:59.903, 1, 7811, 0
2026/08/10 15:26:00.969, 0, 7845, 100
2026/08/10 15:26:00.973, 1, 8675, 11
2026/08/10 15:26:02.036, 0, 7845, 65
2026/08/10 15:26:02.040, 1, 5955, 0
2026/08/10 15:26:03.092, 0, 9221, 100
2026/08/10 15:26:03.095, 1, 8931, 43
2026/08/10 15:26:04.162, 0, 7525, 100
2026/08/10 15:26:04.167, 1, 8931, 100
2026/08/10 15:26:05.228, 0, 8261, 100
2026/08/10 15:26:05.233, 1, 10019, 20
2026/08/10 15:26:06.308, 0, 5157, 74
2026/08/10 15:26:06.312, 1, 8291, 63
2026/08/10 15:26:07.390, 0, 7621, 100
2026/08/10 15:26:07.394, 1, 8291, 100
2026/08/10 15:26:08.467, 0, 6469, 100
2026/08/10 15:26:08.471, 1, 6691, 100
2026/08/10 15:26:09.535, 0, 4101, 88
2026/08/10 15:26:09.538, 1, 5923, 63
2026/08/10 15:26:10.616, 0, 5317, 73
2026/08/10 15:26:10.621, 1, 9507, 88
2026/08/10 15:26:11.685, 0, 6405, 87
2026/08/10 15:26:11.690, 1, 6563, 82
2026/08/10 15:26:12.761, 0, 4197, 86
2026/08/10 15:26:12.767, 1, 8067, 100
2026/08/10 15:26:13.851, 0, 6629, 62
2026/08/10 15:26:13.859, 1, 7011, 100
2026/08/10 15:26:14.934, 0, 5797, 77
2026/08/10 15:26:14.939, 1, 6339, 97
2026/08/10 15:26:16.008, 0, 4165, 99
2026/08/10 15:26:16.013, 1, 5763, 90
2026/08/10 15:26:17.087, 0, 3781, 79
2026/08/10 15:26:17.091, 1, 5571, 91
2026/08/10 15:26:18.163, 0, 3141, 99
2026/08/10 15:26:18.167, 1, 5155, 100
2026/08/10 15:26:19.239, 0, 3077, 66
2026/08/10 15:26:19.242, 1, 5859, 20
2026/08/10 15:26:20.314, 0, 4069, 79
2026/08/10 15:26:20.317, 1, 5891, 79
2026/08/10 15:26:21.384, 0, 3397, 86
2026/08/10 15:26:21.388, 1, 5123, 46
2026/08/10 15:26:22.457, 0, 3685, 69
2026/08/10 15:26:22.462, 1, 7075, 100
2026/08/10 15:26:23.528, 0, 5637, 80
2026/08/10 15:26:23.532, 1, 8387, 100
2026/08/10 15:26:24.603, 0, 6117, 100
2026/08/10 15:26:24.608, 1, 6595, 74
2026/08/10 15:26:25.689, 0, 5573, 68
2026/08/10 15:26:25.695, 1, 6755, 100
2026/08/10 15:26:26.766, 0, 5317, 78
2026/08/10 15:26:26.771, 1, 10147, 75
2026/08/10 15:26:27.846, 0, 4837, 100
2026/08/10 15:26:27.851, 1, 6467, 72
2026/08/10 15:26:28.925, 0, 5957, 29
2026/08/10 15:26:28.930, 1, 5283, 84
2026/08/10 15:26:30.007, 0, 4261, 69
2026/08/10 15:26:30.014, 1, 5539, 87
2026/08/10 15:26:31.099, 0, 6821, 98
2026/08/10 15:26:31.105, 1, 6563, 62
2026/08/10 15:26:32.188, 0, 5381, 73
2026/08/10 15:26:32.194, 1, 6723, 85
2026/08/10 15:26:33.266, 0, 3845, 76
2026/08/10 15:26:33.271, 1, 5379, 100
2026/08/10 15:26:34.350, 0, 5605, 100
2026/08/10 15:26:34.355, 1, 7619, 95
2026/08/10 15:26:35.419, 0, 3493, 94
2026/08/10 15:26:35.423, 1, 5571, 100
2026/08/10 15:26:36.497, 0, 5413, 95
2026/08/10 15:26:36.501, 1, 8163, 100
2026/08/10 15:26:37.576, 0, 3909, 56
2026/08/10 15:26:37.580, 1, 5923, 83
2026/08/10 15:26:38.654, 0, 3557, 91
2026/08/10 15:26:38.658, 1, 5859, 86
2026/08/10 15:26:39.735, 0, 4101, 92
2026/08/10 15:26:39.739, 1, 5507, 85
2026/08/10 15:26:40.811, 0, 3205, 96
2026/08/10 15:26:40.815, 1, 5603, 88
2026/08/10 15:26:41.883, 0, 4837, 71
2026/08/10 15:26:41.887, 1, 6307, 98
2026/08/10 15:26:42.964, 0, 8037, 100
2026/08/10 15:26:42.970, 1, 6947, 68
2026/08/10 15:26:44.058, 0, 4165, 83
2026/08/10 15:26:44.064, 1, 7171, 85
2026/08/10 15:26:45.149, 0, 6533, 78
2026/08/10 15:26:45.155, 1, 7939, 94
2026/08/10 15:26:46.231, 0, 4453, 96
2026/08/10 15:26:46.236, 1, 8707, 57
2026/08/10 15:26:47.307, 0, 3525, 95
2026/08/10 15:26:47.311, 1, 8131, 81
2026/08/10 15:26:48.378, 0, 3909, 36
2026/08/10 15:26:48.381, 1, 8003, 100
2026/08/10 15:26:49.449, 0, 3941, 0
2026/08/10 15:26:49.453, 1, 8419, 85
2026/08/10 15:26:50.528, 0, 5861, 25
2026/08/10 15:26:50.533, 1, 10275, 100
2026/08/10 15:26:51.594, 0, 6885, 78
2026/08/10 15:26:51.600, 1, 9251, 100
2026/08/10 15:26:52.668, 0, 6085, 0
2026/08/10 15:26:52.671, 1, 7715, 92
2026/08/10 15:26:53.721, 0, 6085, 0
2026/08/10 15:26:53.723, 1, 6947, 6
2026/08/10 15:26:54.765, 0, 6085, 0
2026/08/10 15:26:54.768, 1, 6947, 0
2026/08/10 15:26:55.807, 0, 6085, 0
2026/08/10 15:26:55.809, 1, 6947, 0
2026/08/10 15:26:56.852, 0, 6085, 0
2026/08/10 15:26:56.854, 1, 6947, 0
2026/08/10 15:26:57.895, 0, 6085, 0
2026/08/10 15:26:57.898, 1, 6947, 0
2026/08/10 15:26:58.940, 0, 6085, 0
2026/08/10 15:26:58.943, 1, 6947, 0
2026/08/10 15:26:59.986, 0, 6085, 0
2026/08/10 15:26:59.988, 1, 6947, 0
2026/08/10 15:27:01.029, 0, 6085, 0
2026/08/10 15:27:01.031, 1, 6947, 0
2026/08/10 15:27:02.074, 0, 6085, 0
2026/08/10 15:27:02.076, 1, 6947, 0
2026/08/10 15:27:03.118, 0, 6085, 0
2026/08/10 15:27:03.120, 1, 6947, 0
2026/08/10 15:27:04.162, 0, 6085, 0
2026/08/10 15:27:04.164, 1, 6947, 23
2026/08/10 15:27:05.205, 0, 6085, 0
2026/08/10 15:27:05.208, 1, 6947, 0
2026/08/10 15:27:06.250, 0, 6085, 0
2026/08/10 15:27:06.252, 1, 6947, 0
2026/08/10 15:27:07.292, 0, 6085, 0
2026/08/10 15:27:07.294, 1, 6947, 0
2026/08/10 15:27:08.335, 0, 6085, 0
2026/08/10 15:27:08.337, 1, 6947, 0
2026/08/10 15:27:09.378, 0, 6085, 0
2026/08/10 15:27:09.381, 1, 6947, 0
2026/08/10 15:27:10.425, 0, 6085, 0
2026/08/10 15:27:10.429, 1, 6947, 0
2026/08/10 15:27:11.475, 0, 6085, 0
2026/08/10 15:27:11.479, 1, 6947, 0
2026/08/10 15:27:12.524, 0, 6085, 0
2026/08/10 15:27:12.528, 1, 6947, 0
2026/08/10 15:27:13.572, 0, 6085, 0
2026/08/10 15:27:13.576, 1, 6947, 0
2026/08/10 15:27:14.621, 0, 6085, 0
2026/08/10 15:27:14.625, 1, 6947, 0
2026/08/10 15:27:15.670, 0, 6085, 0
2026/08/10 15:27:15.673, 1, 6947, 0
2026/08/10 15:27:16.718, 0, 6085, 0
2026/08/10 15:27:16.721, 1, 6947, 0
2026/08/10 15:27:17.765, 0, 6085, 0
2026/08/10 15:27:17.768, 1, 6947, 0
2026/08/10 15:27:18.813, 0, 6085, 0
2026/08/10 15:27:18.816, 1, 6947, 0
2026/08/10 15:27:19.857, 0, 6085, 0
2026/08/10 15:27:19.861, 1, 6947, 0
2026/08/10 15:27:20.903, 0, 6085, 0
2026/08/10 15:27:20.907, 1, 6947, 0
2026/08/10 15:27:21.949, 0, 6085, 0
2026/08/10 15:27:21.952, 1, 6947, 0
2026/08/10 15:27:22.994, 0, 6085, 0
2026/08/10 15:27:22.998, 1, 6947, 0
2026/08/10 15:27:24.042, 0, 6085, 0
2026/08/10 15:27:24.045, 1, 6947, 0
2026/08/10 15:27:25.088, 0, 6085, 0
2026/08/10 15:27:25.091, 1, 6947, 0
2026/08/10 15:27:26.133, 0, 6085, 0
2026/08/10 15:27:26.136, 1, 6947, 0
2026/08/10 15:27:27.174, 0, 6085, 0
2026/08/10 15:27:27.178, 1, 6947, 0
2026/08/10 15:27:28.216, 0, 6085, 0
2026/08/10 15:27:28.219, 1, 6947, 0
2026/08/10 15:27:29.257, 0, 6085, 0
2026/08/10 15:27:29.260, 1, 6947, 0
2026/08/10 15:27:30.300, 0, 6085, 0
2026/08/10 15:27:30.304, 1, 6947, 0
2026/08/10 15:27:31.345, 0, 6085, 0
2026/08/10 15:27:31.349, 1, 6947, 0
2026/08/10 15:27:32.388, 0, 6085, 0
2026/08/10 15:27:32.391, 1, 6947, 0
2026/08/10 15:27:33.431, 0, 6085, 0
2026/08/10 15:27:33.435, 1, 6947, 0
2026/08/10 15:27:34.475, 0, 6085, 0
2026/08/10 15:27:34.479, 1, 6947, 0
2026/08/10 15:27:35.521, 0, 6085, 0
2026/08/10 15:27:35.524, 1, 6947, 0
