2026/08/09 21:53:51.172, 0, 0, 0, 93, 24576, 50.59
2026/08/09 21:53:51.181, 1, 0, 0, 15, 24576, 28.28
2026/08/09 21:53:52.189, 0, 0, 0, 93, 24576, 50.56
2026/08/09 21:53:52.189, 1, 0, 0, 15, 24576, 28.49
2026/08/09 21:53:53.189, 0, 0, 0, 95, 24576, 50.49
2026/08/09 21:53:53.189, 1, 0, 0, 301, 24576, 28.55
2026/08/09 21:53:54.189, 0, 0, 0, 95, 24576, 50.40
2026/08/09 21:53:54.194, 1, 0, 0, 301, 24576, 113.72
2026/08/09 21:53:55.194, 0, 0, 0, 385, 24576, 113.74
2026/08/09 21:53:55.194, 1, 0, 0, 301, 24576, 116.00
2026/08/09 21:53:56.195, 0, 0, 0, 417, 24576, 140.41
2026/08/09 21:53:56.195, 1, 0, 0, 301, 24576, 116.10
2026/08/09 21:53:57.195, 0, 3, 0, 417, 24576, 140.59
2026/08/09 21:53:57.195, 1, 0, 0, 301, 24576, 116.27
2026/08/09 21:53:58.195, 0, 0, 0, 417, 24576, 140.77
2026/08/09 21:53:58.196, 1, 0, 0, 301, 24576, 116.29
2026/08/09 21:53:59.196, 0, 0, 0, 417, 24576, 140.93
2026/08/09 21:53:59.196, 1, 0, 0, 329, 24576, 116.41
2026/08/09 21:54:00.196, 0, 0, 0, 417, 24576, 141.03
2026/08/09 21:54:00.196, 1, 5, 0, 361, 24576, 116.80
2026/08/09 21:54:01.197, 0, 0, 0, 417, 24576, 141.06
2026/08/09 21:54:01.197, 1, 0, 0, 361, 24576, 116.89
2026/08/09 21:54:02.197, 0, 0, 0, 417, 24576, 141.16
2026/08/09 21:54:02.197, 1, 0, 0, 361, 24576, 116.97
2026/08/09 21:54:03.197, 0, 0, 0, 417, 24576, 141.36
2026/08/09 21:54:03.198, 1, 0, 0, 361, 24576, 117.40
2026/08/09 21:54:04.198, 0, 68, 30, 1857, 24576, 162.67
2026/08/09 21:54:04.198, 1, 1, 0, 2197, 24576, 152.58
2026/08/09 21:54:05.198, 0, 30, 13, 2113, 24576, 224.34
2026/08/09 21:54:05.198, 1, 54, 24, 2449, 24576, 231.88
2026/08/09 21:54:06.199, 0, 73, 35, 2113, 24576, 227.12
2026/08/09 21:54:06.199, 1, 62, 29, 2993, 24576, 246.85
2026/08/09 21:54:07.199, 0, 38, 12, 2625, 24576, 234.86
2026/08/09 21:54:07.199, 1, 38, 12, 2993, 24576, 261.01
2026/08/09 21:54:08.200, 0, 72, 24, 2753, 24576, 228.82
2026/08/09 21:54:08.200, 1, 51, 24, 3173, 24576, 252.50
2026/08/09 21:54:09.200, 0, 54, 10, 2881, 24576, 231.14
2026/08/09 21:54:09.200, 1, 78, 22, 3141, 24576, 252.12
2026/08/09 21:54:10.200, 0, 63, 23, 3425, 24576, 231.47
2026/08/09 21:54:10.201, 1, 76, 17, 3141, 24576, 264.13
2026/08/09 21:54:11.201, 0, 75, 24, 3425, 24576, 232.62
2026/08/09 21:54:11.201, 1, 83, 23, 3141, 24576, 259.01
2026/08/09 21:54:12.201, 0, 79, 26, 3425, 24576, 239.62
2026/08/09 21:54:12.202, 1, 28, 7, 3141, 24576, 264.44
2026/08/09 21:54:13.202, 0, 28, 5, 3425, 24576, 227.40
2026/08/09 21:54:13.202, 1, 56, 11, 3141, 24576, 269.36
2026/08/09 21:54:14.202, 0, 90, 22, 3393, 24576, 225.86
2026/08/09 21:54:14.203, 1, 38, 11, 3401, 24576, 263.98
2026/08/09 21:54:15.203, 0, 77, 29, 3393, 24576, 237.78
2026/08/09 21:54:15.203, 1, 70, 30, 3715, 24576, 261.17
2026/08/09 21:54:16.204, 0, 59, 22, 3393, 24576, 228.84
2026/08/09 21:54:16.204, 1, 97, 33, 4119, 24576, 269.85
2026/08/09 21:54:17.204, 0, 70, 25, 3393, 24576, 226.52
2026/08/09 21:54:17.204, 1, 83, 27, 4685, 24576, 262.58
2026/08/09 21:54:18.205, 0, 65, 21, 3393, 24576, 234.28
2026/08/09 21:54:18.205, 1, 90, 35, 4685, 24576, 265.40
2026/08/09 21:54:19.205, 0, 52, 17, 3393, 24576, 236.07
2026/08/09 21:54:19.205, 1, 74, 29, 5129, 24576, 264.35
2026/08/09 21:54:20.205, 0, 61, 33, 3393, 24576, 228.21
2026/08/09 21:54:20.206, 1, 65, 28, 5129, 24576, 272.96
2026/08/09 21:54:21.206, 0, 69, 30, 3393, 24576, 237.08
2026/08/09 21:54:21.206, 1, 69, 22, 5129, 24576, 262.92
2026/08/09 21:54:22.206, 0, 71, 28, 3393, 24576, 250.07
2026/08/09 21:54:22.207, 1, 51, 22, 5129, 24576, 272.54
2026/08/09 21:54:23.207, 0, 54, 10, 3393, 24576, 239.37
2026/08/09 21:54:23.207, 1, 66, 28, 5641, 24576, 266.25
2026/08/09 21:54:24.207, 0, 67, 32, 3873, 24576, 245.40
2026/08/09 21:54:24.208, 1, 66, 26, 5641, 24576, 286.48
2026/08/09 21:54:25.208, 0, 51, 15, 3873, 24576, 250.96
2026/08/09 21:54:25.208, 1, 83, 57, 6153, 24576, 284.13
2026/08/09 21:54:26.208, 0, 55, 30, 3873, 24576, 245.80
2026/08/09 21:54:26.209, 1, 56, 32, 6153, 24576, 284.90
2026/08/09 21:54:27.209, 0, 51, 6, 3873, 24576, 232.91
2026/08/09 21:54:27.209, 1, 80, 46, 6153, 24576, 268.22
2026/08/09 21:54:28.209, 0, 68, 26, 3873, 24576, 234.44
2026/08/09 21:54:28.210, 1, 22, 6, 6249, 24576, 271.97
2026/08/09 21:54:29.210, 0, 100, 53, 3873, 24576, 263.23
2026/08/09 21:54:29.210, 1, 100, 77, 11529, 24576, 297.34
2026/08/09 21:54:30.211, 0, 93, 44, 6145, 24576, 275.29
2026/08/09 21:54:30.211, 1, 86, 40, 11529, 24576, 329.66
2026/08/09 21:54:31.211, 0, 81, 30, 9185, 24576, 280.92
2026/08/09 21:54:31.211, 1, 64, 23, 13673, 24576, 294.47
2026/08/09 21:54:32.211, 0, 51, 25, 9185, 24576, 272.62
2026/08/09 21:54:32.212, 1, 53, 33, 13673, 24576, 302.08
2026/08/09 21:54:33.212, 0, 80, 31, 9185, 24576, 276.40
2026/08/09 21:54:33.212, 1, 86, 52, 13673, 24576, 318.38
2026/08/09 21:54:34.212, 0, 47, 32, 9185, 24576, 266.35
2026/08/09 21:54:34.213, 1, 21, 2, 13673, 24576, 309.72
2026/08/09 21:54:35.213, 0, 52, 32, 9185, 24576, 283.12
2026/08/09 21:54:35.213, 1, 64, 26, 13673, 24576, 320.74
2026/08/09 21:54:36.213, 0, 98, 60, 9185, 24576, 294.73
2026/08/09 21:54:36.214, 1, 82, 47, 15721, 24576, 322.91
2026/08/09 21:54:37.214, 0, 100, 85, 9185, 24576, 309.00
2026/08/09 21:54:37.214, 1, 44, 31, 15721, 24576, 300.39
2026/08/09 21:54:38.214, 0, 9, 3, 11265, 24576, 281.14
2026/08/09 21:54:38.215, 1, 79, 41, 15721, 24576, 291.99
2026/08/09 21:54:39.215, 0, 68, 11, 11393, 24576, 246.71
2026/08/09 21:54:39.215, 1, 70, 30, 15817, 24576, 291.70
2026/08/09 21:54:40.215, 0, 77, 26, 11393, 24576, 271.19
2026/08/09 21:54:40.216, 1, 39, 14, 15817, 24576, 285.90
2026/08/09 21:54:41.216, 0, 97, 34, 11393, 24576, 257.77
2026/08/09 21:54:41.216, 1, 86, 28, 15817, 24576, 258.23
2026/08/09 21:54:42.216, 0, 10, 0, 11681, 24576, 239.42
2026/08/09 21:54:42.216, 1, 82, 36, 15817, 24576, 278.52
2026/08/09 21:54:43.217, 0, 31, 4, 11681, 24576, 288.30
2026/08/09 21:54:43.217, 1, 97, 26, 15945, 24576, 278.46
2026/08/09 21:54:44.217, 0, 17, 2, 11777, 24576, 270.49
2026/08/09 21:54:44.217, 1, 74, 40, 15945, 24576, 264.34
2026/08/09 21:54:45.218, 0, 99, 38, 11777, 24576, 239.08
2026/08/09 21:54:45.218, 1, 86, 23, 15945, 24576, 264.41
2026/08/09 21:54:46.218, 0, 100, 44, 11777, 24576, 250.59
2026/08/09 21:54:46.218, 1, 100, 51, 15945, 24576, 262.61
2026/08/09 21:54:47.219, 0, 99, 33, 11777, 24576, 258.16
2026/08/09 21:54:47.219, 1, 87, 34, 15945, 24576, 288.15
2026/08/09 21:54:48.219, 0, 96, 26, 11777, 24576, 262.67
2026/08/09 21:54:48.219, 1, 58, 12, 15945, 24576, 283.26
2026/08/09 21:54:49.219, 0, 100, 57, 11777, 24576, 272.14
2026/08/09 21:54:49.220, 1, 40, 14, 15945, 24576, 305.82
2026/08/09 21:54:50.220, 0, 84, 49, 11777, 24576, 282.94
2026/08/09 21:54:50.220, 1, 31, 7, 15945, 24576, 283.89
2026/08/09 21:54:51.220, 0, 100, 58, 13857, 24576, 291.63
2026/08/09 21:54:51.221, 1, 78, 29, 15945, 24576, 282.90
2026/08/09 21:54:52.221, 0, 57, 24, 13857, 24576, 260.95
2026/08/09 21:54:52.221, 1, 72, 27, 15945, 24576, 329.69
2026/08/09 21:54:53.221, 0, 76, 45, 13857, 24576, 263.17
2026/08/09 21:54:53.222, 1, 66, 19, 15945, 24576, 266.31
2026/08/09 21:54:54.222, 0, 41, 12, 13857, 24576, 278.92
2026/08/09 21:54:54.222, 1, 99, 43, 15945, 24576, 292.79
2026/08/09 21:54:55.223, 0, 98, 49, 13857, 24576, 251.63
2026/08/09 21:54:55.223, 1, 38, 17, 15945, 24576, 277.83
2026/08/09 21:54:56.223, 0, 66, 34, 13825, 24576, 272.93
2026/08/09 21:54:56.223, 1, 25, 6, 15945, 24576, 274.52
2026/08/09 21:54:57.224, 0, 38, 16, 13825, 24576, 270.34
2026/08/09 21:54:57.224, 1, 48, 25, 15945, 24576, 300.22
2026/08/09 21:54:58.224, 0, 67, 34, 13825, 24576, 277.00
2026/08/09 21:54:58.224, 1, 100, 65, 15945, 24576, 301.80
2026/08/09 21:54:59.225, 0, 73, 36, 13825, 24576, 288.05
2026/08/09 21:54:59.225, 1, 86, 44, 15945, 24576, 286.29
2026/08/09 21:55:00.225, 0, 83, 37, 13825, 24576, 280.08
2026/08/09 21:55:00.225, 1, 48, 20, 15945, 24576, 307.02
2026/08/09 21:55:01.225, 0, 100, 62, 13825, 24576, 279.89
2026/08/09 21:55:01.226, 1, 89, 59, 15945, 24576, 298.71
2026/08/09 21:55:02.226, 0, 97, 46, 13825, 24576, 260.00
2026/08/09 21:55:02.226, 1, 42, 25, 15945, 24576, 313.90
2026/08/09 21:55:03.227, 0, 51, 23, 13825, 24576, 272.15
2026/08/09 21:55:03.227, 1, 11, 4, 15945, 24576, 288.28
2026/08/09 21:55:04.227, 0, 91, 32, 13825, 24576, 256.03
2026/08/09 21:55:04.227, 1, 84, 39, 15945, 24576, 281.42
2026/08/09 21:55:05.227, 0, 24, 8, 13825, 24576, 274.25
2026/08/09 21:55:05.228, 1, 93, 35, 15945, 24576, 278.41
2026/08/09 21:55:06.228, 0, 76, 12, 13825, 24576, 250.72
2026/08/09 21:55:06.228, 1, 99, 48, 15945, 24576, 309.85
2026/08/09 21:55:07.228, 0, 84, 43, 13825, 24576, 269.13
2026/08/09 21:55:07.229, 1, 95, 38, 15945, 24576, 296.96
2026/08/09 21:55:08.229, 0, 66, 36, 13825, 24576, 282.86
2026/08/09 21:55:08.229, 1, 50, 14, 15945, 24576, 298.83
2026/08/09 21:55:09.229, 0, 47, 18, 13825, 24576, 280.79
2026/08/09 21:55:09.230, 1, 26, 8, 15945, 24576, 323.43
2026/08/09 21:55:10.230, 0, 11, 0, 13825, 24576, 281.05
2026/08/09 21:55:10.230, 1, 81, 56, 15945, 24576, 332.86
2026/08/09 21:55:11.230, 0, 47, 14, 13825, 24576, 295.18
2026/08/09 21:55:11.231, 1, 92, 53, 15945, 24576, 344.55
2026/08/09 21:55:12.231, 0, 72, 28, 13825, 24576, 285.11
2026/08/09 21:55:12.231, 1, 77, 40, 15945, 24576, 318.13
2026/08/09 21:55:13.231, 0, 100, 62, 17793, 24576, 317.40
2026/08/09 21:55:13.232, 1, 10, 0, 6569, 24576, 269.74
2026/08/09 21:55:14.232, 0, 100, 83, 17793, 24576, 278.86
2026/08/09 21:55:14.232, 1, 55, 21, 9801, 24576, 267.23
2026/08/09 21:55:15.232, 0, 100, 72, 17793, 24576, 315.54
2026/08/09 21:55:15.233, 1, 84, 47, 11305, 24576, 348.11
2026/08/09 21:55:16.233, 0, 55, 23, 17793, 24576, 319.27
2026/08/09 21:55:16.233, 1, 16, 9, 13449, 24576, 326.24
2026/08/09 21:55:17.233, 0, 98, 77, 17793, 24576, 292.34
2026/08/09 21:55:17.234, 1, 100, 85, 7337, 24576, 242.03
2026/08/09 21:55:18.234, 0, 89, 50, 17793, 24576, 313.67
2026/08/09 21:55:18.234, 1, 51, 27, 10281, 24576, 302.28
2026/08/09 21:55:19.234, 0, 68, 54, 17793, 24576, 293.08
2026/08/09 21:55:19.235, 1, 100, 93, 13417, 24576, 335.97
2026/08/09 21:55:20.235, 0, 100, 76, 17793, 24576, 309.51
2026/08/09 21:55:20.235, 1, 46, 28, 13417, 24576, 340.04
2026/08/09 21:55:21.235, 0, 89, 63, 17793, 24576, 311.03
2026/08/09 21:55:21.236, 1, 97, 65, 15529, 24576, 325.18
2026/08/09 21:55:22.236, 0, 100, 88, 17793, 24576, 247.69
2026/08/09 21:55:22.236, 1, 40, 22, 15529, 24576, 322.64
2026/08/09 21:55:23.237, 0, 91, 67, 5793, 24576, 251.24
2026/08/09 21:55:23.237, 1, 5, 3, 15529, 24576, 274.94
2026/08/09 21:55:24.237, 0, 64, 21, 5825, 24576, 280.32
2026/08/09 21:55:24.238, 1, 33, 12, 15593, 24576, 292.14
2026/08/09 21:55:25.238, 0, 100, 59, 7041, 24576, 281.12
2026/08/09 21:55:25.238, 1, 51, 26, 15593, 24576, 302.79
2026/08/09 21:55:26.238, 0, 77, 32, 7041, 24576, 280.64
2026/08/09 21:55:26.238, 1, 58, 28, 15721, 24576, 303.02
2026/08/09 21:55:27.239, 0, 52, 17, 7169, 24576, 287.47
2026/08/09 21:55:27.239, 1, 75, 33, 15721, 24576, 329.57
2026/08/09 21:55:28.239, 0, 41, 22, 2369, 24576, 232.06
2026/08/09 21:55:28.240, 1, 98, 49, 15721, 24576, 333.02
2026/08/09 21:55:29.240, 0, 62, 34, 8001, 24576, 278.53
2026/08/09 21:55:29.240, 1, 88, 36, 15721, 24576, 306.15
2026/08/09 21:55:30.240, 0, 99, 72, 11137, 24576, 312.68
2026/08/09 21:55:30.241, 1, 67, 42, 15721, 24576, 319.92
2026/08/09 21:55:31.241, 0, 19, 2, 11137, 24576, 284.39
2026/08/09 21:55:31.242, 1, 54, 23, 15721, 24576, 338.26
2026/08/09 21:55:32.242, 0, 100, 86, 13185, 24576, 311.52
2026/08/09 21:55:32.242, 1, 24, 6, 15721, 24576, 327.78
2026/08/09 21:55:33.242, 0, 98, 61, 13185, 24576, 300.29
2026/08/09 21:55:33.243, 1, 77, 46, 15881, 24576, 315.87
2026/08/09 21:55:34.243, 0, 74, 45, 13185, 24576, 288.46
2026/08/09 21:55:34.243, 1, 98, 69, 15849, 24576, 326.05
2026/08/09 21:55:35.243, 0, 71, 47, 13185, 24576, 280.02
2026/08/09 21:55:35.244, 1, 24, 5, 15849, 24576, 325.30
2026/08/09 21:55:36.244, 0, 68, 41, 13185, 24576, 295.02
2026/08/09 21:55:36.244, 1, 100, 84, 15849, 24576, 346.34
2026/08/09 21:55:37.244, 0, 82, 46, 13313, 24576, 291.82
2026/08/09 21:55:37.245, 1, 56, 36, 15849, 24576, 322.64
2026/08/09 21:55:38.245, 0, 84, 54, 13313, 24576, 309.62
2026/08/09 21:55:38.245, 1, 60, 44, 15849, 24576, 322.99
2026/08/09 21:55:39.245, 0, 100, 83, 13313, 24576, 311.11
2026/08/09 21:55:39.246, 1, 12, 7, 15849, 24576, 256.63
2026/08/09 21:55:40.246, 0, 3, 1, 13313, 24576, 296.93
2026/08/09 21:55:40.246, 1, 0, 0, 9225, 24576, 246.30
2026/08/09 21:55:41.246, 0, 90, 55, 13313, 24576, 300.81
2026/08/09 21:55:41.247, 1, 91, 57, 9289, 24576, 293.03
2026/08/09 21:55:42.247, 0, 70, 43, 13313, 24576, 272.70
2026/08/09 21:55:42.247, 1, 31, 14, 11465, 24576, 301.74
2026/08/09 21:55:43.247, 0, 50, 19, 13313, 24576, 266.60
2026/08/09 21:55:43.248, 1, 51, 12, 13673, 24576, 307.94
2026/08/09 21:55:44.248, 0, 43, 17, 13313, 24576, 251.88
2026/08/09 21:55:44.248, 1, 38, 11, 13673, 24576, 296.03
2026/08/09 21:55:45.248, 0, 0, 0, 13313, 24576, 238.30
2026/08/09 21:55:45.249, 1, 100, 79, 13673, 24576, 263.78
2026/08/09 21:55:46.249, 0, 75, 28, 3169, 24576, 228.77
2026/08/09 21:55:46.249, 1, 0, 0, 13673, 24576, 196.45
2026/08/09 21:55:47.249, 0, 50, 29, 8929, 24576, 236.45
2026/08/09 21:55:47.250, 1, 0, 0, 6985, 24576, 227.69
2026/08/09 21:55:48.250, 0, 100, 71, 7009, 24576, 226.05
2026/08/09 21:55:48.250, 1, 81, 30, 9481, 24576, 265.21
2026/08/09 21:55:49.250, 0, 45, 26, 11233, 24576, 305.05
2026/08/09 21:55:49.251, 1, 100, 83, 15689, 24576, 317.79
2026/08/09 21:55:50.251, 0, 1, 0, 13313, 24576, 266.66
2026/08/09 21:55:50.251, 1, 100, 85, 15689, 24576, 247.01
2026/08/09 21:55:51.251, 0, 30, 11, 13313, 24576, 260.41
2026/08/09 21:55:51.252, 1, 0, 0, 6313, 24576, 216.57
2026/08/09 21:55:52.252, 0, 81, 36, 13313, 24576, 285.72
2026/08/09 21:55:52.252, 1, 5, 0, 9609, 24576, 302.48
2026/08/09 21:55:53.252, 0, 49, 31, 13313, 24576, 286.30
2026/08/09 21:55:53.253, 1, 100, 76, 14761, 24576, 309.89
2026/08/09 21:55:54.253, 0, 100, 63, 13313, 24576, 275.35
2026/08/09 21:55:54.253, 1, 100, 70, 15817, 24576, 293.30
2026/08/09 21:55:55.253, 0, 70, 40, 13313, 24576, 278.01
2026/08/09 21:55:55.254, 1, 100, 77, 15817, 24576, 313.12
2026/08/09 21:55:56.254, 0, 100, 91, 13313, 24576, 286.87
2026/08/09 21:55:56.254, 1, 100, 81, 15817, 24576, 295.23
2026/08/09 21:55:57.255, 0, 100, 76, 13313, 24576, 279.80
2026/08/09 21:55:57.255, 1, 83, 57, 15817, 24576, 317.52
2026/08/09 21:55:58.255, 0, 50, 28, 13313, 24576, 310.93
2026/08/09 21:55:58.255, 1, 100, 89, 15817, 24576, 337.61
2026/08/09 21:55:59.255, 0, 100, 89, 13313, 24576, 236.52
2026/08/09 21:55:59.256, 1, 95, 86, 15945, 24576, 320.10
2026/08/09 21:56:00.256, 0, 11, 0, 13313, 24576, 231.13
2026/08/09 21:56:00.256, 1, 25, 8, 14537, 24576, 239.52
2026/08/09 21:56:01.256, 0, 76, 35, 3649, 24576, 218.48
2026/08/09 21:56:01.257, 1, 84, 5, 6121, 24576, 224.38
2026/08/09 21:56:02.257, 0, 68, 26, 6913, 24576, 258.15
2026/08/09 21:56:02.257, 1, 18, 10, 11625, 24576, 179.68
2026/08/09 21:56:03.257, 0, 37, 14, 10049, 24576, 291.81
2026/08/09 21:56:03.258, 1, 12, 0, 5129, 24576, 228.47
2026/08/09 21:56:04.258, 0, 89, 54, 11073, 24576, 259.23
2026/08/09 21:56:04.258, 1, 70, 41, 12457, 24576, 284.61
2026/08/09 21:56:05.258, 0, 84, 51, 11137, 24576, 303.58
2026/08/09 21:56:05.259, 1, 100, 85, 13545, 24576, 289.77
2026/08/09 21:56:06.259, 0, 100, 96, 11137, 24576, 280.68
2026/08/09 21:56:06.259, 1, 80, 39, 13705, 24576, 318.43
2026/08/09 21:56:07.259, 0, 100, 96, 11265, 24576, 320.14
2026/08/09 21:56:07.260, 1, 65, 27, 13769, 24576, 297.22
2026/08/09 21:56:08.260, 0, 42, 21, 13345, 24576, 312.86
2026/08/09 21:56:08.260, 1, 26, 14, 15785, 24576, 326.57
2026/08/09 21:56:09.260, 0, 100, 70, 13345, 24576, 300.70
2026/08/09 21:56:09.261, 1, 100, 65, 15785, 24576, 336.85
2026/08/09 21:56:10.261, 0, 97, 75, 13729, 24576, 282.83
2026/08/09 21:56:10.261, 1, 100, 79, 15785, 24576, 324.28
2026/08/09 21:56:11.261, 0, 100, 49, 13729, 24576, 295.70
2026/08/09 21:56:11.262, 1, 100, 71, 15785, 24576, 338.86
2026/08/09 21:56:12.262, 0, 76, 65, 13729, 24576, 275.81
2026/08/09 21:56:12.262, 1, 75, 39, 15785, 24576, 316.92
2026/08/09 21:56:13.263, 0, 85, 41, 13729, 24576, 254.60
2026/08/09 21:56:13.263, 1, 49, 17, 15785, 24576, 295.27
2026/08/09 21:56:14.263, 0, 2, 0, 13729, 24576, 269.68
2026/08/09 21:56:14.263, 1, 26, 4, 15785, 24576, 304.89
2026/08/09 21:56:15.264, 0, 32, 12, 13697, 24576, 311.92
2026/08/09 21:56:15.264, 1, 79, 52, 15785, 24576, 254.34
2026/08/09 21:56:16.264, 0, 98, 49, 13697, 24576, 319.44
2026/08/09 21:56:16.264, 1, 0, 0, 15785, 24576, 152.89
2026/08/09 21:56:17.264, 0, 62, 31, 13697, 24576, 262.35
2026/08/09 21:56:17.265, 1, 0, 0, 15785, 24576, 148.28
2026/08/09 21:56:18.265, 0, 31, 19, 13697, 24576, 319.75
2026/08/09 21:56:18.265, 1, 100, 42, 15785, 24576, 312.64
2026/08/09 21:56:19.265, 0, 68, 33, 13697, 24576, 273.49
2026/08/09 21:56:19.266, 1, 3, 0, 15785, 24576, 148.45
2026/08/09 21:56:20.266, 0, 1, 0, 13697, 24576, 268.23
2026/08/09 21:56:20.267, 1, 1, 0, 9321, 24576, 169.95
2026/08/09 21:56:21.267, 0, 100, 80, 13697, 24576, 309.98
2026/08/09 21:56:21.267, 1, 0, 0, 13673, 24576, 281.62
2026/08/09 21:56:22.267, 0, 100, 71, 13697, 24576, 329.05
2026/08/09 21:56:22.268, 1, 34, 13, 13673, 24576, 255.84
2026/08/09 21:56:23.268, 0, 54, 30, 13857, 24576, 305.59
2026/08/09 21:56:23.268, 1, 45, 1, 14025, 24576, 289.63
2026/08/09 21:56:24.268, 0, 100, 82, 13857, 24576, 281.85
2026/08/09 21:56:24.269, 1, 11, 6, 14025, 24576, 235.75
2026/08/09 21:56:25.269, 0, 51, 32, 13857, 24576, 292.24
2026/08/09 21:56:25.269, 1, 2, 0, 16169, 24576, 307.02
2026/08/09 21:56:26.270, 0, 100, 74, 13857, 24576, 275.70
2026/08/09 21:56:26.270, 1, 36, 22, 16169, 24576, 300.42
2026/08/09 21:56:27.270, 0, 45, 22, 13857, 24576, 281.20
2026/08/09 21:56:27.271, 1, 90, 63, 16169, 24576, 299.95
2026/08/09 21:56:28.271, 0, 26, 8, 13857, 24576, 295.05
2026/08/09 21:56:28.271, 1, 34, 13, 16169, 24576, 293.64
2026/08/09 21:56:29.271, 0, 35, 13, 13857, 24576, 313.97
2026/08/09 21:56:29.272, 1, 99, 58, 20105, 24576, 269.48
2026/08/09 21:56:30.272, 0, 0, 0, 13857, 24576, 252.07
2026/08/09 21:56:30.272, 1, 100, 84, 20105, 24576, 325.41
2026/08/09 21:56:31.272, 0, 89, 5, 7809, 24576, 233.78
2026/08/09 21:56:31.273, 1, 96, 80, 20105, 24576, 320.38
2026/08/09 21:56:32.273, 0, 91, 45, 11073, 24576, 275.35
2026/08/09 21:56:32.273, 1, 49, 38, 20105, 24576, 298.80
2026/08/09 21:56:33.273, 0, 54, 13, 13153, 24576, 295.69
2026/08/09 21:56:33.274, 1, 52, 40, 5097, 24576, 207.11
2026/08/09 21:56:34.274, 0, 42, 24, 13153, 24576, 273.62
2026/08/09 21:56:34.274, 1, 19, 6, 14185, 24576, 314.61
2026/08/09 21:56:35.274, 0, 23, 10, 13153, 24576, 296.58
2026/08/09 21:56:35.275, 1, 44, 21, 13673, 24576, 307.26
2026/08/09 21:56:36.275, 0, 100, 83, 13153, 24576, 328.36
2026/08/09 21:56:36.275, 1, 100, 93, 13673, 24576, 328.32
2026/08/09 21:56:37.275, 0, 72, 45, 13153, 24576, 296.26
2026/08/09 21:56:37.276, 1, 73, 39, 13673, 24576, 332.20
2026/08/09 21:56:38.276, 0, 100, 71, 13313, 24576, 288.26
2026/08/09 21:56:38.276, 1, 67, 42, 13673, 24576, 302.17
2026/08/09 21:56:39.277, 0, 86, 49, 13313, 24576, 270.72
2026/08/09 21:56:39.277, 1, 53, 30, 15721, 24576, 331.51
2026/08/09 21:56:40.277, 0, 0, 0, 13313, 24576, 181.60
2026/08/09 21:56:40.277, 1, 93, 55, 15721, 24576, 247.46
2026/08/09 21:56:41.277, 0, 100, 52, 13313, 24576, 245.61
2026/08/09 21:56:41.278, 1, 90, 6, 8681, 24576, 268.18
2026/08/09 21:56:42.278, 0, 0, 0, 4193, 24576, 162.74
2026/08/09 21:56:42.278, 1, 86, 52, 15625, 24576, 306.88
2026/08/09 21:56:43.278, 0, 69, 33, 11201, 24576, 263.32
2026/08/09 21:56:43.279, 1, 67, 42, 19753, 24576, 330.50
2026/08/09 21:56:44.279, 0, 44, 18, 13345, 24576, 305.51
2026/08/09 21:56:44.279, 1, 60, 25, 19721, 24576, 188.02
2026/08/09 21:56:45.279, 0, 0, 0, 6241, 24576, 234.89
2026/08/09 21:56:45.279, 1, 0, 0, 19721, 24576, 146.29
2026/08/09 21:56:46.280, 0, 67, 23, 9089, 24576, 261.52
2026/08/09 21:56:46.280, 1, 100, 36, 19721, 24576, 295.81
2026/08/09 21:56:47.280, 0, 100, 74, 13377, 24576, 289.18
2026/08/09 21:56:47.280, 1, 13, 0, 16585, 24576, 151.43
2026/08/09 21:56:48.281, 0, 0, 0, 13377, 24576, 293.68
2026/08/09 21:56:48.281, 1, 0, 0, 13001, 24576, 143.75
2026/08/09 21:56:49.281, 0, 100, 93, 13377, 24576, 290.07
2026/08/09 21:56:49.281, 1, 72, 9, 9289, 24576, 239.84
2026/08/09 21:56:50.281, 0, 100, 88, 13377, 24576, 278.80
2026/08/09 21:56:50.282, 1, 100, 86, 11593, 24576, 299.20
2026/08/09 21:56:51.282, 0, 46, 22, 13377, 24576, 266.55
2026/08/09 21:56:51.282, 1, 100, 68, 11593, 24576, 275.65
2026/08/09 21:56:52.282, 0, 100, 86, 13377, 24576, 299.58
2026/08/09 21:56:52.283, 1, 77, 49, 13705, 24576, 301.48
2026/08/09 21:56:53.283, 0, 10, 0, 8865, 24576, 236.15
2026/08/09 21:56:53.283, 1, 100, 67, 15881, 24576, 332.80
2026/08/09 21:56:54.283, 0, 47, 3, 5889, 24576, 241.03
2026/08/09 21:56:54.284, 1, 2, 0, 15881, 24576, 293.36
2026/08/09 21:56:55.284, 0, 91, 49, 10913, 24576, 302.49
2026/08/09 21:56:55.284, 1, 37, 16, 15881, 24576, 276.78
2026/08/09 21:56:56.284, 0, 65, 50, 12961, 24576, 316.29
2026/08/09 21:56:56.285, 1, 38, 17, 15881, 24576, 295.86
2026/08/09 21:56:57.285, 0, 44, 13, 13025, 24576, 281.29
2026/08/09 21:56:57.285, 1, 2, 0, 15881, 24576, 289.65
2026/08/09 21:56:58.285, 0, 26, 2, 13025, 24576, 275.43
2026/08/09 21:56:58.286, 1, 36, 9, 16105, 24576, 285.50
2026/08/09 21:56:59.286, 0, 10, 0, 13089, 24576, 274.77
2026/08/09 21:56:59.286, 1, 59, 34, 16521, 24576, 287.66
2026/08/09 21:57:00.286, 0, 100, 62, 13313, 24576, 299.92
2026/08/09 21:57:00.287, 1, 12, 0, 16521, 24576, 294.91
2026/08/09 21:57:01.287, 0, 89, 81, 3137, 24576, 241.62
2026/08/09 21:57:01.288, 1, 94, 83, 16521, 24576, 264.15
2026/08/09 21:57:02.288, 0, 7, 1, 7937, 24576, 259.51
2026/08/09 21:57:02.288, 1, 3, 0, 10697, 24576, 233.85
2026/08/09 21:57:03.288, 0, 25, 6, 11105, 24576, 246.83
2026/08/09 21:57:03.288, 1, 47, 3, 13449, 24576, 253.62
2026/08/09 21:57:04.289, 0, 14, 4, 11105, 24576, 304.55
2026/08/09 21:57:04.289, 1, 70, 46, 15753, 24576, 346.05
2026/08/09 21:57:05.289, 0, 23, 10, 11105, 24576, 311.08
2026/08/09 21:57:05.289, 1, 39, 20, 15753, 24576, 316.92
2026/08/09 21:57:06.289, 0, 86, 74, 13089, 24576, 273.77
2026/08/09 21:57:06.290, 1, 100, 81, 15753, 24576, 307.42
2026/08/09 21:57:07.290, 0, 96, 65, 13313, 24576, 301.09
2026/08/09 21:57:07.290, 1, 100, 76, 15753, 24576, 311.55
2026/08/09 21:57:08.290, 0, 100, 84, 13409, 24576, 238.62
2026/08/09 21:57:08.291, 1, 46, 17, 15881, 24576, 310.81
2026/08/09 21:57:09.291, 0, 41, 13, 13409, 24576, 272.37
2026/08/09 21:57:09.291, 1, 3, 0, 15881, 24576, 311.46
2026/08/09 21:57:10.291, 0, 40, 12, 13377, 24576, 266.30
2026/08/09 21:57:10.292, 1, 12, 0, 15881, 24576, 273.64
2026/08/09 21:57:11.292, 0, 100, 88, 13377, 24576, 309.27
2026/08/09 21:57:11.292, 1, 67, 42, 15881, 24576, 314.97
2026/08/09 21:57:12.293, 0, 99, 90, 13505, 24576, 306.10
2026/08/09 21:57:12.293, 1, 99, 75, 15881, 24576, 326.72
2026/08/09 21:57:13.293, 0, 27, 16, 13505, 24576, 277.88
2026/08/09 21:57:13.294, 1, 100, 98, 15881, 24576, 344.65
2026/08/09 21:57:14.294, 0, 44, 14, 13505, 24576, 280.27
2026/08/09 21:57:14.294, 1, 93, 53, 15881, 24576, 303.33
2026/08/09 21:57:15.294, 0, 5, 1, 13505, 24576, 238.95
2026/08/09 21:57:15.295, 1, 100, 81, 15881, 24576, 333.40
2026/08/09 21:57:16.295, 0, 49, 34, 13505, 24576, 263.87
2026/08/09 21:57:16.295, 1, 71, 36, 15881, 24576, 308.73
2026/08/09 21:57:17.295, 0, 77, 37, 13505, 24576, 295.19
2026/08/09 21:57:17.296, 1, 60, 47, 15881, 24576, 214.53
2026/08/09 21:57:18.296, 0, 73, 61, 13601, 24576, 297.20
2026/08/09 21:57:18.296, 1, 100, 76, 4393, 24576, 225.86
2026/08/09 21:57:19.297, 0, 93, 46, 13601, 24576, 329.32
2026/08/09 21:57:19.297, 1, 51, 32, 13385, 24576, 252.77
2026/08/09 21:57:20.297, 0, 100, 90, 13601, 24576, 284.09
2026/08/09 21:57:20.298, 1, 100, 100, 15689, 24576, 346.38
2026/08/09 21:57:21.298, 0, 15, 6, 13601, 24576, 291.34
2026/08/09 21:57:21.298, 1, 62, 28, 15657, 24576, 282.92
2026/08/09 21:57:22.298, 0, 45, 24, 13601, 24576, 273.59
2026/08/09 21:57:22.299, 1, 86, 47, 15657, 24576, 291.42
2026/08/09 21:57:23.299, 0, 84, 44, 13601, 24576, 231.00
2026/08/09 21:57:23.299, 1, 6, 0, 15721, 24576, 280.94
2026/08/09 21:57:24.299, 0, 12, 0, 2465, 24576, 206.82
2026/08/09 21:57:24.300, 1, 48, 28, 15721, 24576, 293.26
2026/08/09 21:57:25.300, 0, 100, 83, 8097, 24576, 242.15
2026/08/09 21:57:25.300, 1, 31, 9, 15721, 24576, 331.79
2026/08/09 21:57:26.300, 0, 97, 49, 11201, 24576, 284.82
2026/08/09 21:57:26.301, 1, 73, 31, 15721, 24576, 304.81
2026/08/09 21:57:27.301, 0, 100, 87, 11265, 24576, 272.59
2026/08/09 21:57:27.301, 1, 97, 61, 15721, 24576, 292.50
2026/08/09 21:57:28.301, 0, 81, 40, 11265, 24576, 300.12
2026/08/09 21:57:28.302, 1, 97, 86, 15881, 24576, 297.68
2026/08/09 21:57:29.302, 0, 40, 25, 11265, 24576, 242.33
2026/08/09 21:57:29.302, 1, 100, 50, 15881, 24576, 294.70
2026/08/09 21:57:30.302, 0, 13, 5, 13281, 24576, 264.57
2026/08/09 21:57:30.303, 1, 17, 6, 15881, 24576, 292.35
2026/08/09 21:57:31.303, 0, 66, 54, 13281, 24576, 311.59
2026/08/09 21:57:31.303, 1, 100, 88, 15913, 24576, 304.65
2026/08/09 21:57:32.303, 0, 71, 53, 13409, 24576, 276.03
2026/08/09 21:57:32.304, 1, 95, 76, 15913, 24576, 324.02
2026/08/09 21:57:33.304, 0, 54, 27, 13409, 24576, 274.34
2026/08/09 21:57:33.304, 1, 84, 57, 15913, 24576, 278.68
2026/08/09 21:57:34.304, 0, 78, 38, 13409, 24576, 275.18
2026/08/09 21:57:34.305, 1, 84, 45, 15913, 24576, 306.56
2026/08/09 21:57:35.305, 0, 40, 25, 13409, 24576, 297.87
2026/08/09 21:57:35.305, 1, 60, 29, 15913, 24576, 322.03
2026/08/09 21:57:36.306, 0, 79, 54, 13409, 24576, 282.29
2026/08/09 21:57:36.306, 1, 100, 76, 15913, 24576, 309.06
2026/08/09 21:57:37.306, 0, 96, 48, 13409, 24576, 279.50
2026/08/09 21:57:37.306, 1, 45, 26, 15913, 24576, 291.83
2026/08/09 21:57:38.307, 0, 7, 2, 13409, 24576, 262.39
2026/08/09 21:57:38.307, 1, 13, 5, 15913, 24576, 293.12
2026/08/09 21:57:39.307, 0, 32, 10, 9377, 24576, 222.41
2026/08/09 21:57:39.308, 1, 73, 31, 15913, 24576, 276.45
2026/08/09 21:57:40.308, 0, 100, 83, 8865, 24576, 305.58
2026/08/09 21:57:40.308, 1, 6, 2, 15913, 24576, 307.66
2026/08/09 21:57:41.308, 0, 0, 0, 5825, 24576, 238.48
2026/08/09 21:57:41.309, 1, 49, 16, 16009, 24576, 304.88
2026/08/09 21:57:42.309, 0, 77, 20, 6849, 24576, 225.88
2026/08/09 21:57:42.309, 1, 100, 94, 16009, 24576, 283.57
2026/08/09 21:57:43.309, 0, 100, 83, 11041, 24576, 293.12
2026/08/09 21:57:43.310, 1, 44, 14, 16009, 24576, 323.99
2026/08/09 21:57:44.310, 0, 68, 38, 13185, 24576, 264.51
2026/08/09 21:57:44.310, 1, 100, 98, 16009, 24576, 314.27
2026/08/09 21:57:45.310, 0, 57, 31, 13185, 24576, 297.39
2026/08/09 21:57:45.311, 1, 0, 0, 16009, 24576, 257.19
2026/08/09 21:57:46.311, 0, 80, 52, 13185, 24576, 273.24
2026/08/09 21:57:46.311, 1, 0, 0, 7145, 24576, 235.45
2026/08/09 21:57:47.311, 0, 77, 36, 13185, 24576, 236.47
2026/08/09 21:57:47.312, 1, 92, 63, 8233, 24576, 283.12
2026/08/09 21:57:48.312, 0, 54, 28, 13185, 24576, 299.39
2026/08/09 21:57:48.312, 1, 68, 40, 10377, 24576, 299.17
2026/08/09 21:57:49.313, 0, 82, 61, 13185, 24576, 315.12
2026/08/09 21:57:49.313, 1, 100, 78, 15561, 24576, 287.67
2026/08/09 21:57:50.313, 0, 54, 40, 13185, 24576, 293.08
2026/08/09 21:57:50.314, 1, 70, 55, 15561, 24576, 296.94
2026/08/09 21:57:51.314, 0, 100, 80, 13185, 24576, 295.17
2026/08/09 21:57:51.314, 1, 88, 42, 15561, 24576, 292.96
2026/08/09 21:57:52.314, 0, 56, 36, 13185, 24576, 284.05
2026/08/09 21:57:52.314, 1, 62, 32, 3849, 24576, 224.66
2026/08/09 21:57:53.314, 0, 65, 50, 13153, 24576, 206.76
2026/08/09 21:57:53.315, 1, 81, 45, 8521, 24576, 222.07
2026/08/09 21:57:54.315, 0, 88, 5, 10945, 24576, 246.25
2026/08/09 21:57:54.315, 1, 100, 86, 12617, 24576, 282.78
2026/08/09 21:57:55.315, 0, 100, 74, 10945, 24576, 321.69
2026/08/09 21:57:55.316, 1, 0, 0, 12617, 24576, 166.99
2026/08/09 21:57:56.316, 0, 49, 32, 11009, 24576, 303.63
2026/08/09 21:57:56.316, 1, 73, 40, 12617, 24576, 226.75
2026/08/09 21:57:57.317, 0, 100, 80, 11009, 24576, 295.97
2026/08/09 21:57:57.317, 1, 0, 0, 11465, 24576, 153.05
2026/08/09 21:57:58.317, 0, 3, 0, 11009, 24576, 214.73
2026/08/09 21:57:58.318, 1, 87, 6, 10441, 24576, 255.67
2026/08/09 21:57:59.318, 0, 100, 93, 5825, 24576, 242.99
2026/08/09 21:57:59.318, 1, 47, 25, 10441, 24576, 229.33
2026/08/09 21:58:00.318, 0, 100, 88, 11105, 24576, 271.08
2026/08/09 21:58:00.319, 1, 0, 0, 11625, 24576, 220.31
2026/08/09 21:58:01.319, 0, 65, 45, 11297, 24576, 282.79
2026/08/09 21:58:01.319, 1, 12, 0, 11625, 24576, 197.13
2026/08/09 21:58:02.319, 0, 9, 0, 11297, 24576, 255.58
2026/08/09 21:58:02.320, 1, 88, 10, 10409, 24576, 240.00
2026/08/09 21:58:03.320, 0, 8, 0, 11297, 24576, 216.71
2026/08/09 21:58:03.320, 1, 57, 17, 19849, 24576, 305.63
2026/08/09 21:58:04.320, 0, 69, 25, 14497, 24576, 293.23
2026/08/09 21:58:04.321, 1, 7, 0, 19849, 24576, 309.53
2026/08/09 21:58:05.321, 0, 28, 6, 14497, 24576, 277.21
2026/08/09 21:58:05.321, 1, 48, 31, 19849, 24576, 332.17
2026/08/09 21:58:06.321, 0, 74, 26, 14497, 24576, 196.60
2026/08/09 21:58:06.322, 1, 32, 6, 19849, 24576, 242.18
2026/08/09 21:58:07.322, 0, 81, 57, 14497, 24576, 282.30
2026/08/09 21:58:07.322, 1, 0, 0, 7945, 24576, 210.11
2026/08/09 21:58:08.323, 0, 25, 9, 14529, 24576, 262.41
2026/08/09 21:58:08.323, 1, 67, 4, 13705, 24576, 220.19
2026/08/09 21:58:09.323, 0, 74, 45, 14497, 24576, 236.60
2026/08/09 21:58:09.323, 1, 100, 70, 13705, 24576, 342.35
2026/08/09 21:58:10.324, 0, 0, 0, 14497, 24576, 222.98
2026/08/09 21:58:10.324, 1, 100, 92, 13705, 24576, 323.08
2026/08/09 21:58:11.324, 0, 0, 0, 3137, 24576, 196.73
2026/08/09 21:58:11.324, 1, 83, 38, 13705, 24576, 311.95
2026/08/09 21:58:12.324, 0, 100, 65, 6881, 24576, 258.41
2026/08/09 21:58:12.325, 1, 0, 0, 13705, 24576, 199.94
2026/08/09 21:58:13.325, 0, 13, 6, 11009, 24576, 291.51
2026/08/09 21:58:13.325, 1, 16, 8, 6153, 24576, 238.86
2026/08/09 21:58:14.325, 0, 34, 9, 11009, 24576, 255.45
2026/08/09 21:58:14.326, 1, 28, 16, 10505, 24576, 297.54
2026/08/09 21:58:15.326, 0, 0, 0, 8929, 24576, 253.91
2026/08/09 21:58:15.326, 1, 100, 89, 12553, 24576, 302.25
2026/08/09 21:58:16.326, 0, 100, 77, 10977, 24576, 293.44
2026/08/09 21:58:16.327, 1, 64, 28, 13481, 24576, 295.83
2026/08/09 21:58:17.327, 0, 26, 10, 11041, 24576, 309.94
2026/08/09 21:58:17.327, 1, 76, 44, 15561, 24576, 304.44
2026/08/09 21:58:18.327, 0, 74, 40, 11041, 24576, 304.66
2026/08/09 21:58:18.328, 1, 100, 93, 15561, 24576, 302.85
2026/08/09 21:58:19.328, 0, 19, 3, 11105, 24576, 277.35
2026/08/09 21:58:19.328, 1, 45, 12, 15561, 24576, 286.78
2026/08/09 21:58:20.328, 0, 89, 66, 11041, 24576, 267.01
2026/08/09 21:58:20.329, 1, 49, 24, 15561, 24576, 262.57
2026/08/09 21:58:21.329, 0, 58, 23, 13057, 24576, 279.37
2026/08/09 21:58:21.329, 1, 66, 47, 15561, 24576, 312.54
2026/08/09 21:58:22.329, 0, 100, 90, 13057, 24576, 315.73
2026/08/09 21:58:22.330, 1, 64, 33, 15561, 24576, 325.21
2026/08/09 21:58:23.330, 0, 62, 24, 13217, 24576, 267.11
2026/08/09 21:58:23.330, 1, 58, 31, 15657, 24576, 329.25
2026/08/09 21:58:24.331, 0, 62, 35, 13217, 24576, 282.50
2026/08/09 21:58:24.331, 1, 100, 84, 15657, 24576, 311.79
2026/08/09 21:58:25.331, 0, 23, 11, 13217, 24576, 273.70
2026/08/09 21:58:25.331, 1, 100, 72, 15657, 24576, 301.59
2026/08/09 21:58:26.332, 0, 100, 71, 13217, 24576, 274.66
2026/08/09 21:58:26.332, 1, 72, 29, 15657, 24576, 314.06
2026/08/09 21:58:27.332, 0, 100, 70, 13217, 24576, 273.17
2026/08/09 21:58:27.333, 1, 26, 20, 15721, 24576, 274.64
2026/08/09 21:58:28.333, 0, 78, 61, 13313, 24576, 307.08
2026/08/09 21:58:28.333, 1, 45, 26, 15721, 24576, 296.89
2026/08/09 21:58:29.333, 0, 46, 12, 13313, 24576, 307.07
2026/08/09 21:58:29.333, 1, 100, 80, 15721, 24576, 296.88
2026/08/09 21:58:30.334, 0, 74, 52, 13313, 24576, 228.44
2026/08/09 21:58:30.334, 1, 100, 88, 15721, 24576, 297.61
2026/08/09 21:58:31.334, 0, 88, 12, 8865, 24576, 244.78
2026/08/09 21:58:31.334, 1, 81, 49, 15721, 24576, 256.59
2026/08/09 21:58:32.335, 0, 55, 36, 15201, 24576, 281.27
2026/08/09 21:58:32.335, 1, 9, 4, 15721, 24576, 157.15
2026/08/09 21:58:33.335, 0, 49, 23, 14401, 24576, 305.65
2026/08/09 21:58:33.335, 1, 12, 0, 15721, 24576, 249.09
2026/08/09 21:58:34.336, 0, 38, 2, 13281, 24576, 263.43
2026/08/09 21:58:34.336, 1, 94, 39, 11369, 24576, 201.58
2026/08/09 21:58:35.336, 0, 43, 16, 13281, 24576, 303.40
2026/08/09 21:58:35.336, 1, 63, 34, 15657, 24576, 330.33
2026/08/09 21:58:36.337, 0, 57, 22, 13281, 24576, 315.23
2026/08/09 21:58:36.337, 1, 52, 17, 15657, 24576, 293.03
2026/08/09 21:58:37.337, 0, 100, 81, 13281, 24576, 265.09
2026/08/09 21:58:37.337, 1, 69, 29, 15593, 24576, 317.69
2026/08/09 21:58:38.338, 0, 67, 34, 13281, 24576, 304.00
2026/08/09 21:58:38.338, 1, 78, 66, 15593, 24576, 294.02
2026/08/09 21:58:39.338, 0, 53, 30, 13281, 24576, 242.35
2026/08/09 21:58:39.339, 1, 100, 58, 15593, 24576, 283.32
2026/08/09 21:58:40.339, 0, 100, 77, 5729, 24576, 210.69
2026/08/09 21:58:40.339, 1, 41, 15, 15593, 24576, 310.47
2026/08/09 21:58:41.339, 0, 52, 3, 9025, 24576, 233.00
2026/08/09 21:58:41.340, 1, 22, 6, 15689, 24576, 327.15
2026/08/09 21:58:42.340, 0, 83, 68, 11137, 24576, 282.62
2026/08/09 21:58:42.340, 1, 100, 89, 15689, 24576, 299.15
2026/08/09 21:58:43.340, 0, 0, 0, 5857, 24576, 228.41
2026/08/09 21:58:43.341, 1, 85, 45, 15689, 24576, 311.86
2026/08/09 21:58:44.341, 0, 90, 5, 5793, 24576, 196.70
2026/08/09 21:58:44.341, 1, 0, 0, 15689, 24576, 280.02
2026/08/09 21:58:45.341, 0, 65, 19, 6913, 24576, 289.30
2026/08/09 21:58:45.342, 1, 100, 70, 15689, 24576, 288.06
2026/08/09 21:58:46.342, 0, 0, 0, 6913, 24576, 155.04
2026/08/09 21:58:46.342, 1, 0, 0, 15689, 24576, 170.99
2026/08/09 21:58:47.342, 0, 0, 0, 6913, 24576, 153.76
2026/08/09 21:58:47.343, 1, 0, 0, 15689, 24576, 142.84
2026/08/09 21:58:48.343, 0, 0, 0, 6913, 24576, 153.57
2026/08/09 21:58:48.343, 1, 0, 0, 15689, 24576, 130.97
2026/08/09 21:58:49.343, 0, 0, 0, 6913, 24576, 153.10
2026/08/09 21:58:49.344, 1, 0, 0, 15689, 24576, 130.22
2026/08/09 21:58:50.344, 0, 0, 0, 6913, 24576, 152.83
2026/08/09 21:58:50.344, 1, 0, 0, 15689, 24576, 130.12
2026/08/09 21:58:51.344, 0, 0, 0, 6913, 24576, 152.44
2026/08/09 21:58:51.345, 1, 0, 0, 15689, 24576, 129.93
2026/08/09 21:58:52.345, 0, 0, 0, 6913, 24576, 152.21
2026/08/09 21:58:52.345, 1, 0, 0, 15689, 24576, 129.75
2026/08/09 21:58:53.345, 0, 0, 0, 6913, 24576, 152.06
2026/08/09 21:58:53.346, 1, 0, 0, 15689, 24576, 129.60
2026/08/09 21:58:54.346, 0, 0, 0, 6913, 24576, 151.76
2026/08/09 21:58:54.346, 1, 0, 0, 15689, 24576, 129.57
2026/08/09 21:58:55.346, 0, 0, 0, 6913, 24576, 151.34
2026/08/09 21:58:55.347, 1, 0, 0, 15689, 24576, 129.52
2026/08/09 21:58:56.347, 0, 0, 0, 6913, 24576, 151.32
2026/08/09 21:58:56.347, 1, 0, 0, 15689, 24576, 130.20
2026/08/09 21:58:57.347, 0, 0, 0, 6913, 24576, 150.86
2026/08/09 21:58:57.347, 1, 0, 0, 15689, 24576, 129.95
2026/08/09 21:58:58.348, 0, 0, 0, 6913, 24576, 150.77
2026/08/09 21:58:58.348, 1, 0, 0, 15689, 24576, 129.30
2026/08/09 21:58:59.348, 0, 0, 0, 6913, 24576, 150.66
2026/08/09 21:58:59.348, 1, 0, 0, 15689, 24576, 129.22
2026/08/09 21:59:00.349, 0, 0, 0, 6913, 24576, 149.97
2026/08/09 21:59:00.349, 1, 0, 0, 15689, 24576, 129.10
2026/08/09 21:59:01.349, 0, 0, 0, 6913, 24576, 149.25
2026/08/09 21:59:01.349, 1, 0, 0, 15689, 24576, 129.11
2026/08/09 21:59:02.349, 0, 0, 0, 6913, 24576, 131.61
2026/08/09 21:59:02.350, 1, 0, 0, 15689, 24576, 130.57
2026/08/09 21:59:03.350, 0, 0, 0, 6913, 24576, 118.68
2026/08/09 21:59:03.350, 1, 0, 0, 15689, 24576, 130.24
2026/08/09 21:59:04.350, 0, 0, 0, 6913, 24576, 58.96
2026/08/09 21:59:04.351, 1, 0, 0, 15689, 24576, 128.79
2026/08/09 21:59:05.351, 0, 0, 0, 6913, 24576, 55.78
2026/08/09 21:59:05.351, 1, 0, 0, 15689, 24576, 128.68
2026/08/09 21:59:06.351, 0, 0, 0, 6913, 24576, 52.89
2026/08/09 21:59:06.352, 1, 0, 0, 15689, 24576, 128.55
2026/08/09 21:59:07.352, 0, 0, 0, 6913, 24576, 52.67
2026/08/09 21:59:07.352, 1, 0, 0, 15689, 24576, 128.59
2026/08/09 21:59:08.352, 0, 0, 0, 6913, 24576, 52.46
2026/08/09 21:59:08.353, 1, 0, 0, 15689, 24576, 127.96
2026/08/09 21:59:09.353, 0, 0, 0, 6913, 24576, 52.18
2026/08/09 21:59:09.353, 1, 0, 0, 15689, 24576, 128.06
2026/08/09 21:59:10.353, 0, 0, 0, 6913, 24576, 52.18
2026/08/09 21:59:10.354, 1, 0, 0, 15689, 24576, 128.03
2026/08/09 21:59:11.354, 0, 0, 0, 6913, 24576, 52.14
2026/08/09 21:59:11.354, 1, 0, 0, 15689, 24576, 128.43
2026/08/09 21:59:12.354, 0, 0, 0, 6913, 24576, 52.03
2026/08/09 21:59:12.354, 1, 0, 0, 15689, 24576, 128.37
2026/08/09 21:59:13.355, 0, 0, 0, 6912, 24576, 51.87
2026/08/09 21:59:13.355, 1, 0, 0, 15689, 24576, 127.72
