2026/08/09 19:53:17.817, 0, 93, 0, 50.62
2026/08/09 19:53:17.825, 1, 15, 0, 29.07
2026/08/09 19:53:18.833, 0, 93, 0, 50.65
2026/08/09 19:53:18.833, 1, 15, 0, 29.04
2026/08/09 19:53:19.833, 0, 95, 0, 50.71
2026/08/09 19:53:19.833, 1, 301, 0, 29.11
2026/08/09 19:53:20.833, 0, 95, 0, 50.51
2026/08/09 19:53:20.841, 1, 301, 4, 88.48
2026/08/09 19:53:21.842, 0, 385, 0, 116.21
2026/08/09 19:53:21.842, 1, 301, 1, 119.61
2026/08/09 19:53:22.842, 0, 417, 0, 141.38
2026/08/09 19:53:22.842, 1, 301, 0, 120.14
2026/08/09 19:53:23.842, 0, 417, 0, 141.66
2026/08/09 19:53:23.843, 1, 301, 0, 120.18
2026/08/09 19:53:24.843, 0, 417, 0, 141.73
2026/08/09 19:53:24.843, 1, 329, 0, 120.28
2026/08/09 19:53:25.843, 0, 417, 0, 141.98
2026/08/09 19:53:25.843, 1, 329, 0, 120.55
2026/08/09 19:53:26.843, 0, 417, 0, 141.98
2026/08/09 19:53:26.844, 1, 361, 0, 120.71
2026/08/09 19:53:27.844, 0, 417, 0, 142.06
2026/08/09 19:53:27.844, 1, 361, 0, 119.15
2026/08/09 19:53:28.844, 0, 417, 0, 142.26
2026/08/09 19:53:28.844, 1, 361, 0, 119.35
2026/08/09 19:53:29.845, 0, 417, 0, 142.36
2026/08/09 19:53:29.845, 1, 435, 0, 119.39
2026/08/09 19:53:30.845, 0, 417, 0, 142.42
2026/08/09 19:53:30.845, 1, 1013, 1, 120.26
2026/08/09 19:53:31.845, 0, 417, 0, 142.53
2026/08/09 19:53:31.845, 1, 1235, 34, 151.37
2026/08/09 19:53:32.846, 0, 417, 0, 142.74
2026/08/09 19:53:32.846, 1, 1609, 30, 148.18
2026/08/09 19:53:33.846, 0, 417, 0, 142.81
2026/08/09 19:53:33.846, 1, 1609, 20, 146.17
2026/08/09 19:53:34.847, 0, 417, 0, 143.06
2026/08/09 19:53:34.847, 1, 1609, 25, 142.44
2026/08/09 19:53:35.847, 0, 417, 0, 143.21
2026/08/09 19:53:35.847, 1, 1609, 25, 150.20
2026/08/09 19:53:36.847, 0, 417, 0, 143.21
2026/08/09 19:53:36.848, 1, 1609, 24, 146.70
2026/08/09 19:53:37.848, 0, 417, 0, 143.18
2026/08/09 19:53:37.848, 1, 1611, 27, 151.06
2026/08/09 19:53:38.848, 0, 417, 0, 143.28
2026/08/09 19:53:38.848, 1, 1611, 0, 149.08
2026/08/09 19:53:39.849, 0, 417, 0, 143.43
2026/08/09 19:53:39.849, 1, 1611, 27, 151.61
2026/08/09 19:53:40.849, 0, 417, 0, 143.54
2026/08/09 19:53:40.849, 1, 1611, 13, 148.47
2026/08/09 19:53:41.849, 0, 417, 0, 143.73
2026/08/09 19:53:41.850, 1, 1611, 25, 151.02
2026/08/09 19:53:42.850, 0, 417, 0, 77.72
2026/08/09 19:53:42.850, 1, 1611, 25, 147.77
2026/08/09 19:53:43.850, 0, 417, 0, 55.48
2026/08/09 19:53:43.850, 1, 1611, 23, 150.06
2026/08/09 19:53:44.850, 0, 417, 0, 52.53
2026/08/09 19:53:44.850, 1, 1611, 29, 148.49
2026/08/09 19:53:45.851, 0, 417, 0, 52.57
2026/08/09 19:53:45.851, 1, 1611, 27, 148.06
2026/08/09 19:53:46.851, 0, 417, 0, 52.49
2026/08/09 19:53:46.851, 1, 1611, 24, 149.35
2026/08/09 19:53:47.851, 0, 417, 0, 52.35
2026/08/09 19:53:47.852, 1, 1611, 29, 147.57
2026/08/09 19:53:48.852, 0, 417, 0, 52.30
2026/08/09 19:53:48.852, 1, 1611, 25, 151.57
2026/08/09 19:53:49.852, 0, 417, 0, 52.27
2026/08/09 19:53:49.852, 1, 1611, 27, 148.00
2026/08/09 19:53:50.853, 0, 417, 0, 52.22
2026/08/09 19:53:50.853, 1, 1611, 28, 153.60
2026/08/09 19:53:51.853, 0, 417, 0, 52.16
2026/08/09 19:53:51.853, 1, 1611, 0, 150.29
2026/08/09 19:53:52.853, 0, 417, 0, 52.16
2026/08/09 19:53:52.854, 1, 1611, 29, 155.28
2026/08/09 19:53:53.854, 0, 417, 0, 52.17
2026/08/09 19:53:53.854, 1, 1611, 27, 151.24
2026/08/09 19:53:54.854, 0, 417, 0, 52.20
2026/08/09 19:53:54.854, 1, 1611, 28, 151.25
2026/08/09 19:53:55.855, 0, 417, 0, 52.20
2026/08/09 19:53:55.855, 1, 1611, 25, 155.06
2026/08/09 19:53:56.855, 0, 417, 0, 52.10
2026/08/09 19:53:56.855, 1, 1611, 25, 150.84
2026/08/09 19:53:57.855, 0, 417, 0, 52.20
2026/08/09 19:53:57.856, 1, 1611, 27, 154.77
2026/08/09 19:53:58.856, 0, 417, 0, 52.09
2026/08/09 19:53:58.856, 1, 1611, 10, 150.44
2026/08/09 19:53:59.856, 0, 417, 0, 52.22
2026/08/09 19:53:59.856, 1, 1611, 25, 154.32
2026/08/09 19:54:00.857, 0, 417, 0, 52.27
2026/08/09 19:54:00.857, 1, 1611, 29, 150.79
2026/08/09 19:54:01.857, 0, 417, 0, 52.29
2026/08/09 19:54:01.857, 1, 1611, 28, 153.46
2026/08/09 19:54:02.857, 0, 417, 0, 52.14
2026/08/09 19:54:02.857, 1, 1611, 27, 150.99
2026/08/09 19:54:03.857, 0, 417, 0, 52.03
2026/08/09 19:54:03.858, 1, 1611, 27, 150.87
2026/08/09 19:54:04.858, 0, 417, 0, 52.06
2026/08/09 19:54:04.858, 1, 1611, 26, 154.25
2026/08/09 19:54:05.858, 0, 417, 0, 52.03
2026/08/09 19:54:05.858, 1, 1611, 23, 151.01
2026/08/09 19:54:06.859, 0, 417, 0, 52.10
2026/08/09 19:54:06.859, 1, 1611, 26, 154.01
2026/08/09 19:54:07.859, 0, 417, 0, 52.08
2026/08/09 19:54:07.859, 1, 1611, 28, 151.53
2026/08/09 19:54:08.859, 0, 417, 0, 51.98
2026/08/09 19:54:08.860, 1, 1611, 24, 154.94
2026/08/09 19:54:09.860, 0, 417, 0, 51.96
2026/08/09 19:54:09.860, 1, 1611, 28, 151.88
2026/08/09 19:54:10.860, 0, 417, 0, 51.90
2026/08/09 19:54:10.860, 1, 1611, 28, 151.24
2026/08/09 19:54:11.861, 0, 417, 0, 52.00
2026/08/09 19:54:11.861, 1, 1611, 27, 154.90
2026/08/09 19:54:12.861, 0, 417, 0, 51.90
2026/08/09 19:54:12.861, 1, 1611, 27, 152.01
2026/08/09 19:54:13.861, 0, 417, 0, 51.94
2026/08/09 19:54:13.862, 1, 1611, 26, 155.45
2026/08/09 19:54:14.862, 0, 417, 0, 51.99
2026/08/09 19:54:14.862, 1, 1611, 14, 151.41
2026/08/09 19:54:15.862, 0, 417, 0, 51.98
2026/08/09 19:54:15.862, 1, 1611, 28, 154.93
2026/08/09 19:54:16.863, 0, 417, 0, 52.01
2026/08/09 19:54:16.863, 1, 1611, 28, 150.96
2026/08/09 19:54:17.863, 0, 417, 0, 51.96
2026/08/09 19:54:17.863, 1, 1611, 27, 152.78
2026/08/09 19:54:18.863, 0, 417, 0, 51.88
2026/08/09 19:54:18.863, 1, 1611, 28, 151.50
2026/08/09 19:54:19.864, 0, 417, 0, 51.87
2026/08/09 19:54:19.864, 1, 1611, 28, 151.57
2026/08/09 19:54:20.864, 0, 417, 0, 51.75
2026/08/09 19:54:20.864, 1, 1611, 30, 154.48
2026/08/09 19:54:21.864, 0, 417, 0, 51.82
2026/08/09 19:54:21.865, 1, 1611, 28, 151.11
2026/08/09 19:54:22.865, 0, 417, 0, 51.86
2026/08/09 19:54:22.865, 1, 1611, 27, 155.35
2026/08/09 19:54:23.865, 0, 417, 0, 51.83
2026/08/09 19:54:23.865, 1, 1611, 27, 151.28
2026/08/09 19:54:24.866, 0, 417, 0, 51.79
2026/08/09 19:54:24.866, 1, 1611, 2, 151.68
2026/08/09 19:54:25.866, 0, 417, 0, 51.87
2026/08/09 19:54:25.866, 1, 1611, 24, 153.02
2026/08/09 19:54:26.866, 0, 417, 0, 51.91
2026/08/09 19:54:26.867, 1, 1611, 30, 151.32
2026/08/09 19:54:27.867, 0, 417, 0, 51.86
2026/08/09 19:54:27.867, 1, 1611, 26, 156.48
2026/08/09 19:54:28.867, 0, 417, 0, 51.90
2026/08/09 19:54:28.867, 1, 1611, 28, 152.74
2026/08/09 19:54:29.868, 0, 417, 0, 51.93
2026/08/09 19:54:29.868, 1, 1611, 27, 155.42
2026/08/09 19:54:30.868, 0, 417, 0, 52.00
2026/08/09 19:54:30.868, 1, 1611, 29, 151.92
2026/08/09 19:54:31.868, 0, 417, 0, 52.02
2026/08/09 19:54:31.869, 1, 1611, 30, 155.75
2026/08/09 19:54:32.869, 0, 417, 0, 52.04
2026/08/09 19:54:32.869, 1, 1611, 31, 152.69
2026/08/09 19:54:33.869, 0, 417, 0, 51.97
2026/08/09 19:54:33.870, 1, 1611, 25, 155.31
2026/08/09 19:54:34.870, 0, 417, 0, 51.87
2026/08/09 19:54:34.870, 1, 1611, 27, 152.19
2026/08/09 19:54:35.870, 0, 417, 0, 51.90
2026/08/09 19:54:35.870, 1, 1611, 6, 151.20
2026/08/09 19:54:36.871, 0, 417, 0, 51.91
2026/08/09 19:54:36.871, 1, 1611, 26, 153.01
2026/08/09 19:54:37.871, 0, 417, 0, 51.84
2026/08/09 19:54:37.871, 1, 1611, 30, 152.65
2026/08/09 19:54:38.871, 0, 417, 0, 51.81
2026/08/09 19:54:38.872, 1, 1611, 27, 155.49
2026/08/09 19:54:39.872, 0, 417, 0, 51.83
2026/08/09 19:54:39.872, 1, 1611, 28, 151.41
2026/08/09 19:54:40.872, 0, 417, 0, 51.77
2026/08/09 19:54:40.872, 1, 1611, 25, 154.72
2026/08/09 19:54:41.873, 0, 417, 0, 51.87
2026/08/09 19:54:41.873, 1, 1611, 25, 152.16
2026/08/09 19:54:42.873, 0, 417, 0, 51.87
2026/08/09 19:54:42.873, 1, 1611, 27, 154.52
2026/08/09 19:54:43.873, 0, 417, 0, 51.88
2026/08/09 19:54:43.874, 1, 1611, 25, 151.54
2026/08/09 19:54:44.874, 0, 417, 0, 52.00
2026/08/09 19:54:44.874, 1, 1611, 19, 151.75
2026/08/09 19:54:45.874, 0, 417, 0, 51.97
2026/08/09 19:54:45.874, 1, 1611, 23, 148.11
2026/08/09 19:54:46.875, 0, 417, 0, 51.95
2026/08/09 19:54:46.875, 1, 1611, 23, 149.69
2026/08/09 19:54:47.875, 0, 417, 0, 51.90
2026/08/09 19:54:47.875, 1, 1611, 26, 148.04
2026/08/09 19:54:48.875, 0, 417, 0, 51.91
2026/08/09 19:54:48.875, 1, 1611, 21, 153.27
2026/08/09 19:54:49.876, 0, 417, 0, 51.91
2026/08/09 19:54:49.876, 1, 1611, 24, 147.82
2026/08/09 19:54:50.876, 0, 417, 0, 51.78
2026/08/09 19:54:50.876, 1, 1611, 23, 150.93
2026/08/09 19:54:51.876, 0, 417, 0, 51.85
2026/08/09 19:54:51.877, 1, 1611, 0, 148.02
2026/08/09 19:54:52.877, 0, 417, 0, 51.87
2026/08/09 19:54:52.877, 1, 1611, 24, 148.21
2026/08/09 19:54:53.877, 0, 417, 0, 51.86
2026/08/09 19:54:53.877, 1, 1611, 0, 151.03
2026/08/09 19:54:54.878, 0, 417, 0, 51.85
2026/08/09 19:54:54.878, 1, 1611, 27, 153.00
2026/08/09 19:54:55.878, 0, 417, 0, 51.94
2026/08/09 19:54:55.878, 1, 1611, 30, 151.65
2026/08/09 19:54:56.878, 0, 417, 0, 51.93
2026/08/09 19:54:56.879, 1, 1611, 28, 157.40
2026/08/09 19:54:57.879, 0, 417, 0, 51.94
2026/08/09 19:54:57.879, 1, 1611, 31, 153.27
2026/08/09 19:54:58.879, 0, 417, 0, 51.92
2026/08/09 19:54:58.879, 1, 1611, 27, 156.17
2026/08/09 19:54:59.879, 0, 417, 0, 51.90
2026/08/09 19:54:59.880, 1, 1611, 24, 152.35
2026/08/09 19:55:00.880, 0, 417, 0, 52.07
2026/08/09 19:55:00.880, 1, 1611, 22, 152.87
2026/08/09 19:55:01.880, 0, 417, 0, 51.91
2026/08/09 19:55:01.880, 1, 1611, 30, 151.12
2026/08/09 19:55:02.881, 0, 417, 0, 51.92
2026/08/09 19:55:02.881, 1, 1611, 31, 158.12
2026/08/09 19:55:03.881, 0, 417, 0, 52.04
2026/08/09 19:55:03.881, 1, 1611, 27, 153.84
2026/08/09 19:55:04.881, 0, 417, 0, 51.94
2026/08/09 19:55:04.882, 1, 1611, 0, 153.10
2026/08/09 19:55:05.882, 0, 417, 0, 51.91
2026/08/09 19:55:05.882, 1, 1611, 27, 153.05
2026/08/09 19:55:06.882, 0, 417, 0, 52.00
2026/08/09 19:55:06.882, 1, 1611, 27, 151.99
2026/08/09 19:55:07.882, 0, 417, 0, 52.01
2026/08/09 19:55:07.883, 1, 1611, 27, 156.42
2026/08/09 19:55:08.883, 0, 417, 0, 52.02
2026/08/09 19:55:08.883, 1, 1611, 26, 153.07
2026/08/09 19:55:09.883, 0, 417, 0, 52.06
2026/08/09 19:55:09.883, 1, 1611, 28, 156.50
2026/08/09 19:55:10.884, 0, 417, 0, 52.07
2026/08/09 19:55:10.884, 1, 1611, 24, 152.60
2026/08/09 19:55:11.884, 0, 417, 0, 51.99
2026/08/09 19:55:11.884, 1, 1611, 25, 156.89
2026/08/09 19:55:12.885, 0, 417, 0, 51.94
2026/08/09 19:55:12.885, 1, 1611, 26, 153.78
2026/08/09 19:55:13.885, 0, 417, 0, 51.93
2026/08/09 19:55:13.885, 1, 1611, 14, 153.35
2026/08/09 19:55:14.885, 0, 417, 0, 51.86
2026/08/09 19:55:14.886, 1, 1611, 28, 155.84
2026/08/09 19:55:15.886, 0, 417, 0, 51.83
2026/08/09 19:55:15.886, 1, 1611, 30, 153.31
2026/08/09 19:55:16.886, 0, 417, 0, 51.74
2026/08/09 19:55:16.886, 1, 1611, 26, 156.99
2026/08/09 19:55:17.886, 0, 417, 0, 51.92
2026/08/09 19:55:17.887, 1, 1611, 25, 152.56
2026/08/09 19:55:18.887, 0, 417, 0, 51.91
2026/08/09 19:55:18.887, 1, 1611, 27, 156.58
2026/08/09 19:55:19.887, 0, 417, 0, 51.95
2026/08/09 19:55:19.888, 1, 1611, 27, 152.47
2026/08/09 19:55:20.888, 0, 417, 0, 51.99
2026/08/09 19:55:20.888, 1, 1611, 24, 156.43
2026/08/09 19:55:21.888, 0, 417, 0, 51.94
2026/08/09 19:55:21.888, 1, 1611, 27, 152.91
2026/08/09 19:55:22.888, 0, 417, 0, 51.98
2026/08/09 19:55:22.889, 1, 1611, 30, 156.54
2026/08/09 19:55:23.889, 0, 417, 0, 51.84
2026/08/09 19:55:23.889, 1, 1611, 24, 152.68
2026/08/09 19:55:24.889, 0, 417, 0, 51.89
2026/08/09 19:55:24.889, 1, 1611, 22, 156.26
2026/08/09 19:55:25.890, 0, 417, 0, 51.85
2026/08/09 19:55:25.890, 1, 1611, 26, 152.92
2026/08/09 19:55:26.890, 0, 417, 0, 51.90
2026/08/09 19:55:26.890, 1, 1611, 0, 152.49
2026/08/09 19:55:27.890, 0, 417, 0, 51.87
2026/08/09 19:55:27.891, 1, 1611, 26, 153.66
2026/08/09 19:55:28.891, 0, 417, 0, 51.79
2026/08/09 19:55:28.891, 1, 1611, 23, 152.49
2026/08/09 19:55:29.891, 0, 417, 0, 51.86
2026/08/09 19:55:29.891, 1, 1611, 27, 157.15
2026/08/09 19:55:30.892, 0, 417, 0, 51.87
2026/08/09 19:55:30.892, 1, 1611, 28, 153.03
2026/08/09 19:55:31.892, 0, 417, 0, 51.96
2026/08/09 19:55:31.892, 1, 1611, 29, 156.50
2026/08/09 19:55:32.892, 0, 417, 0, 51.90
2026/08/09 19:55:32.893, 1, 1611, 30, 153.15
2026/08/09 19:55:33.893, 0, 417, 0, 51.79
2026/08/09 19:55:33.893, 1, 1611, 26, 156.57
2026/08/09 19:55:34.893, 0, 417, 0, 51.81
2026/08/09 19:55:34.893, 1, 1611, 28, 153.50
2026/08/09 19:55:35.894, 0, 417, 0, 51.93
2026/08/09 19:55:35.894, 1, 1611, 28, 156.28
2026/08/09 19:55:36.894, 0, 417, 0, 51.88
2026/08/09 19:55:36.894, 1, 1611, 29, 153.06
2026/08/09 19:55:37.894, 0, 417, 0, 51.85
2026/08/09 19:55:37.895, 1, 1611, 15, 152.38
2026/08/09 19:55:38.895, 0, 417, 0, 51.93
2026/08/09 19:55:38.895, 1, 1611, 27, 155.48
2026/08/09 19:55:39.895, 0, 417, 0, 51.95
2026/08/09 19:55:39.895, 1, 1611, 27, 153.11
2026/08/09 19:55:40.896, 0, 417, 0, 51.90
2026/08/09 19:55:40.896, 1, 1611, 25, 157.41
2026/08/09 19:55:41.896, 0, 417, 0, 51.90
2026/08/09 19:55:41.896, 1, 1611, 27, 152.99
2026/08/09 19:55:42.896, 0, 417, 0, 51.92
2026/08/09 19:55:42.896, 1, 1611, 27, 156.29
2026/08/09 19:55:43.897, 0, 417, 0, 51.94
2026/08/09 19:55:43.897, 1, 1611, 29, 152.57
2026/08/09 19:55:44.897, 0, 417, 0, 51.89
2026/08/09 19:55:44.897, 1, 1611, 24, 157.47
2026/08/09 19:55:45.897, 0, 417, 0, 51.87
2026/08/09 19:55:45.898, 1, 1611, 28, 153.36
2026/08/09 19:55:46.898, 0, 417, 0, 51.79
2026/08/09 19:55:46.898, 1, 1611, 0, 153.51
2026/08/09 19:55:47.898, 0, 417, 0, 51.75
2026/08/09 19:55:47.898, 1, 1611, 26, 153.97
2026/08/09 19:55:48.899, 0, 417, 0, 51.75
2026/08/09 19:55:48.899, 1, 1611, 26, 152.66
2026/08/09 19:55:49.899, 0, 417, 0, 51.74
2026/08/09 19:55:49.899, 1, 1611, 29, 157.68
2026/08/09 19:55:50.899, 0, 417, 0, 51.69
2026/08/09 19:55:50.900, 1, 1611, 25, 152.66
2026/08/09 19:55:51.900, 0, 417, 0, 51.70
2026/08/09 19:55:51.900, 1, 1611, 26, 156.87
2026/08/09 19:55:52.900, 0, 417, 0, 51.72
2026/08/09 19:55:52.900, 1, 1611, 28, 153.27
2026/08/09 19:55:53.900, 0, 417, 0, 51.69
2026/08/09 19:55:53.901, 1, 1611, 26, 157.04
2026/08/09 19:55:54.901, 0, 417, 0, 51.67
2026/08/09 19:55:54.901, 1, 1611, 24, 153.18
2026/08/09 19:55:55.901, 0, 417, 0, 51.71
2026/08/09 19:55:55.901, 1, 1611, 28, 157.31
2026/08/09 19:55:56.902, 0, 417, 0, 51.73
2026/08/09 19:55:56.902, 1, 1611, 24, 153.68
2026/08/09 19:55:57.902, 0, 417, 0, 51.80
2026/08/09 19:55:57.902, 1, 1611, 18, 154.15
2026/08/09 19:55:58.902, 0, 417, 0, 51.87
2026/08/09 19:55:58.902, 1, 1611, 20, 148.89
2026/08/09 19:55:59.903, 0, 417, 0, 51.87
2026/08/09 19:55:59.903, 1, 1611, 22, 152.33
2026/08/09 19:56:00.903, 0, 417, 0, 51.92
2026/08/09 19:56:00.903, 1, 1611, 22, 149.46
2026/08/09 19:56:01.904, 0, 417, 0, 51.94
2026/08/09 19:56:01.904, 1, 1611, 25, 152.37
2026/08/09 19:56:02.904, 0, 417, 0, 52.04
2026/08/09 19:56:02.904, 1, 1611, 25, 150.23
2026/08/09 19:56:03.904, 0, 417, 0, 51.98
2026/08/09 19:56:03.904, 1, 1611, 20, 150.77
2026/08/09 19:56:04.905, 0, 417, 0, 51.98
2026/08/09 19:56:04.905, 1, 1611, 24, 150.75
2026/08/09 19:56:05.905, 0, 417, 0, 51.97
2026/08/09 19:56:05.905, 1, 1611, 21, 151.44
2026/08/09 19:56:06.906, 0, 417, 0, 51.94
2026/08/09 19:56:06.906, 1, 1611, 22, 149.60
2026/08/09 19:56:07.906, 0, 417, 0, 51.94
2026/08/09 19:56:07.906, 1, 1611, 22, 151.74
2026/08/09 19:56:08.906, 0, 417, 0, 51.86
2026/08/09 19:56:08.906, 1, 1611, 30, 153.05
2026/08/09 19:56:09.907, 0, 417, 0, 51.86
2026/08/09 19:56:09.907, 1, 1611, 29, 157.43
2026/08/09 19:56:10.907, 0, 417, 0, 51.84
2026/08/09 19:56:10.907, 1, 1611, 24, 153.47
2026/08/09 19:56:11.907, 0, 417, 0, 51.80
2026/08/09 19:56:11.908, 1, 1611, 13, 152.98
2026/08/09 19:56:12.908, 0, 417, 0, 51.80
2026/08/09 19:56:12.908, 1, 1611, 26, 156.17
2026/08/09 19:56:13.908, 0, 417, 0, 51.72
2026/08/09 19:56:13.908, 1, 1611, 29, 153.51
2026/08/09 19:56:14.909, 0, 417, 0, 51.74
2026/08/09 19:56:14.909, 1, 1611, 26, 157.18
2026/08/09 19:56:15.909, 0, 417, 0, 51.76
2026/08/09 19:56:15.909, 1, 1611, 26, 153.12
2026/08/09 19:56:16.909, 0, 417, 0, 51.73
2026/08/09 19:56:16.910, 1, 1611, 28, 156.75
2026/08/09 19:56:17.910, 0, 417, 0, 51.69
2026/08/09 19:56:17.910, 1, 1611, 24, 152.36
2026/08/09 19:56:18.910, 0, 417, 0, 51.66
2026/08/09 19:56:18.910, 1, 1611, 21, 151.28
2026/08/09 19:56:19.911, 0, 417, 0, 51.72
2026/08/09 19:56:19.911, 1, 1611, 27, 149.82
2026/08/09 19:56:20.911, 0, 417, 0, 51.89
2026/08/09 19:56:20.911, 1, 1611, 27, 156.40
2026/08/09 19:56:21.911, 0, 417, 0, 51.76
2026/08/09 19:56:21.912, 1, 1611, 24, 153.94
2026/08/09 19:56:22.912, 0, 417, 0, 51.83
2026/08/09 19:56:22.912, 1, 1611, 28, 155.99
2026/08/09 19:56:23.912, 0, 417, 0, 51.87
2026/08/09 19:56:23.912, 1, 1611, 25, 152.77
2026/08/09 19:56:24.913, 0, 417, 0, 51.92
2026/08/09 19:56:24.913, 1, 1611, 21, 151.57
2026/08/09 19:56:25.913, 0, 417, 0, 51.98
2026/08/09 19:56:25.913, 1, 1611, 27, 153.52
2026/08/09 19:56:26.913, 0, 417, 0, 52.02
2026/08/09 19:56:26.914, 1, 1611, 8, 152.18
2026/08/09 19:56:27.914, 0, 417, 0, 52.06
2026/08/09 19:56:27.914, 1, 1611, 24, 155.84
2026/08/09 19:56:28.914, 0, 417, 0, 52.05
2026/08/09 19:56:28.914, 1, 1611, 29, 152.62
2026/08/09 19:56:29.915, 0, 417, 0, 51.91
2026/08/09 19:56:29.915, 1, 1611, 27, 157.72
2026/08/09 19:56:30.915, 0, 417, 0, 51.92
2026/08/09 19:56:30.915, 1, 1611, 24, 153.49
2026/08/09 19:56:31.915, 0, 417, 0, 51.94
2026/08/09 19:56:31.915, 1, 1611, 27, 157.09
2026/08/09 19:56:32.916, 0, 417, 0, 51.94
2026/08/09 19:56:32.916, 1, 1611, 31, 153.89
2026/08/09 19:56:33.916, 0, 417, 0, 51.90
2026/08/09 19:56:33.916, 1, 1611, 7, 155.95
2026/08/09 19:56:34.917, 0, 417, 0, 51.89
2026/08/09 19:56:34.917, 1, 1611, 27, 153.54
2026/08/09 19:56:35.917, 0, 417, 0, 51.89
2026/08/09 19:56:35.917, 1, 1611, 23, 153.33
2026/08/09 19:56:36.917, 0, 417, 0, 51.79
2026/08/09 19:56:36.918, 1, 1611, 26, 156.74
2026/08/09 19:56:37.918, 0, 417, 0, 51.78
2026/08/09 19:56:37.918, 1, 1611, 25, 152.92
2026/08/09 19:56:38.918, 0, 417, 0, 51.75
2026/08/09 19:56:38.918, 1, 1611, 24, 155.85
2026/08/09 19:56:39.919, 0, 417, 0, 51.76
2026/08/09 19:56:39.919, 1, 1611, 28, 152.30
2026/08/09 19:56:40.919, 0, 417, 0, 51.72
2026/08/09 19:56:40.919, 1, 1611, 22, 154.46
2026/08/09 19:56:41.920, 0, 417, 0, 51.68
2026/08/09 19:56:41.920, 1, 1611, 27, 149.11
2026/08/09 19:56:42.920, 0, 417, 0, 51.71
2026/08/09 19:56:42.920, 1, 1611, 21, 150.68
2026/08/09 19:56:43.920, 0, 417, 0, 51.85
2026/08/09 19:56:43.921, 1, 1611, 25, 149.39
2026/08/09 19:56:44.921, 0, 417, 0, 51.87
2026/08/09 19:56:44.921, 1, 1611, 23, 150.85
2026/08/09 19:56:45.921, 0, 417, 0, 51.93
2026/08/09 19:56:45.921, 1, 1611, 24, 149.20
2026/08/09 19:56:46.922, 0, 417, 0, 51.91
2026/08/09 19:56:46.922, 1, 1611, 20, 151.41
2026/08/09 19:56:47.922, 0, 417, 0, 51.89
2026/08/09 19:56:47.922, 1, 1611, 27, 148.55
2026/08/09 19:56:48.923, 0, 417, 0, 51.94
2026/08/09 19:56:48.923, 1, 1611, 26, 156.88
2026/08/09 19:56:49.923, 0, 417, 0, 51.86
2026/08/09 19:56:49.923, 1, 1611, 33, 152.97
2026/08/09 19:56:50.923, 0, 417, 0, 51.67
2026/08/09 19:56:50.923, 1, 1611, 28, 157.19
2026/08/09 19:56:51.924, 0, 417, 0, 51.74
2026/08/09 19:56:51.924, 1, 1611, 29, 152.80
2026/08/09 19:56:52.924, 0, 417, 0, 51.86
2026/08/09 19:56:52.924, 1, 1611, 28, 156.78
2026/08/09 19:56:53.924, 0, 417, 0, 51.88
2026/08/09 19:56:53.925, 1, 1611, 26, 152.85
2026/08/09 19:56:54.925, 0, 417, 0, 51.92
2026/08/09 19:56:54.925, 1, 1611, 0, 155.01
2026/08/09 19:56:55.925, 0, 417, 0, 52.04
2026/08/09 19:56:55.925, 1, 1611, 28, 153.46
2026/08/09 19:56:56.926, 0, 417, 0, 51.94
2026/08/09 19:56:56.926, 1, 1611, 28, 153.22
2026/08/09 19:56:57.926, 0, 417, 0, 51.85
2026/08/09 19:56:57.926, 1, 1611, 28, 157.22
2026/08/09 19:56:58.926, 0, 417, 0, 51.91
2026/08/09 19:56:58.927, 1, 1611, 29, 153.62
2026/08/09 19:56:59.927, 0, 417, 0, 51.97
2026/08/09 19:56:59.927, 1, 1611, 25, 156.81
2026/08/09 19:57:00.927, 0, 417, 0, 51.94
2026/08/09 19:57:00.927, 1, 1611, 25, 153.08
2026/08/09 19:57:01.927, 0, 417, 0, 51.95
2026/08/09 19:57:01.928, 1, 1611, 27, 156.93
2026/08/09 19:57:02.928, 0, 417, 0, 51.96
2026/08/09 19:57:02.928, 1, 1611, 26, 153.20
2026/08/09 19:57:03.928, 0, 417, 0, 51.99
2026/08/09 19:57:03.928, 1, 1611, 28, 157.28
2026/08/09 19:57:04.929, 0, 417, 0, 51.94
2026/08/09 19:57:04.929, 1, 1611, 26, 153.51
2026/08/09 19:57:05.929, 0, 417, 0, 51.94
2026/08/09 19:57:05.929, 1, 1611, 24, 153.17
2026/08/09 19:57:06.929, 0, 417, 0, 51.95
2026/08/09 19:57:06.930, 1, 1611, 26, 156.67
2026/08/09 19:57:07.930, 0, 417, 0, 51.93
2026/08/09 19:57:07.930, 1, 1611, 27, 153.29
2026/08/09 19:57:08.930, 0, 417, 0, 51.97
2026/08/09 19:57:08.930, 1, 1611, 29, 157.31
2026/08/09 19:57:09.930, 0, 417, 0, 51.98
2026/08/09 19:57:09.931, 1, 1611, 28, 152.50
2026/08/09 19:57:10.931, 0, 417, 0, 51.99
2026/08/09 19:57:10.931, 1, 1611, 27, 157.09
2026/08/09 19:57:11.931, 0, 417, 0, 52.03
2026/08/09 19:57:11.931, 1, 1611, 27, 153.28
2026/08/09 19:57:12.932, 0, 417, 0, 51.85
2026/08/09 19:57:12.932, 1, 1611, 28, 157.44
2026/08/09 19:57:13.932, 0, 417, 0, 51.90
2026/08/09 19:57:13.932, 1, 1611, 31, 153.56
2026/08/09 19:57:14.932, 0, 417, 0, 51.92
2026/08/09 19:57:14.932, 1, 1611, 29, 157.26
2026/08/09 19:57:15.933, 0, 417, 0, 51.92
2026/08/09 19:57:15.933, 1, 1611, 27, 152.77
2026/08/09 19:57:16.933, 0, 417, 0, 51.84
2026/08/09 19:57:16.933, 1, 1611, 0, 154.07
2026/08/09 19:57:17.933, 0, 417, 0, 51.89
2026/08/09 19:57:17.934, 1, 1611, 28, 153.82
2026/08/09 19:57:18.934, 0, 417, 0, 51.89
2026/08/09 19:57:18.934, 1, 1611, 16, 152.40
2026/08/09 19:57:19.934, 0, 417, 0, 51.86
2026/08/09 19:57:19.934, 1, 1611, 29, 155.82
2026/08/09 19:57:20.935, 0, 417, 0, 51.89
2026/08/09 19:57:20.935, 1, 1611, 28, 153.01
2026/08/09 19:57:21.935, 0, 417, 0, 51.87
2026/08/09 19:57:21.935, 1, 1611, 26, 156.88
2026/08/09 19:57:22.935, 0, 417, 0, 51.87
2026/08/09 19:57:22.935, 1, 1611, 30, 153.76
2026/08/09 19:57:23.936, 0, 417, 0, 51.92
2026/08/09 19:57:23.936, 1, 1611, 29, 157.94
2026/08/09 19:57:24.936, 0, 417, 0, 51.94
2026/08/09 19:57:24.936, 1, 1611, 26, 153.38
2026/08/09 19:57:25.936, 0, 417, 0, 51.99
2026/08/09 19:57:25.937, 1, 1611, 26, 156.74
2026/08/09 19:57:26.937, 0, 417, 0, 52.06
2026/08/09 19:57:26.937, 1, 1611, 25, 152.93
2026/08/09 19:57:27.937, 0, 417, 0, 52.03
2026/08/09 19:57:27.937, 1, 1611, 28, 156.69
2026/08/09 19:57:28.937, 0, 417, 0, 51.98
2026/08/09 19:57:28.938, 1, 1611, 29, 152.98
2026/08/09 19:57:29.938, 0, 417, 0, 52.03
2026/08/09 19:57:29.938, 1, 1611, 11, 155.02
2026/08/09 19:57:30.938, 0, 417, 0, 51.97
2026/08/09 19:57:30.938, 1, 1611, 27, 152.61
2026/08/09 19:57:31.939, 0, 417, 0, 51.87
2026/08/09 19:57:31.939, 1, 1611, 19, 152.61
2026/08/09 19:57:32.939, 0, 417, 0, 51.83
2026/08/09 19:57:32.939, 1, 1611, 29, 155.37
2026/08/09 19:57:33.939, 0, 417, 0, 51.94
2026/08/09 19:57:33.940, 1, 1611, 26, 152.68
2026/08/09 19:57:34.940, 0, 417, 0, 51.90
2026/08/09 19:57:34.940, 1, 1611, 24, 156.66
2026/08/09 19:57:35.940, 0, 417, 0, 51.86
2026/08/09 19:57:35.940, 1, 1611, 29, 152.62
2026/08/09 19:57:36.940, 0, 417, 0, 51.90
2026/08/09 19:57:36.941, 1, 1611, 25, 157.57
2026/08/09 19:57:37.941, 0, 417, 0, 51.92
2026/08/09 19:57:37.941, 1, 1611, 23, 153.59
2026/08/09 19:57:38.941, 0, 417, 0, 52.07
2026/08/09 19:57:38.941, 1, 1611, 29, 157.02
2026/08/09 19:57:39.942, 0, 417, 0, 51.90
2026/08/09 19:57:39.942, 1, 1611, 26, 154.11
2026/08/09 19:57:40.942, 0, 417, 0, 51.95
2026/08/09 19:57:40.942, 1, 1611, 30, 153.91
2026/08/09 19:57:41.942, 0, 417, 0, 51.89
2026/08/09 19:57:41.942, 1, 1611, 31, 158.55
2026/08/09 19:57:42.943, 0, 417, 0, 51.81
2026/08/09 19:57:42.943, 1, 1611, 25, 153.74
2026/08/09 19:57:43.943, 0, 417, 0, 51.93
2026/08/09 19:57:43.943, 1, 1611, 27, 157.10
2026/08/09 19:57:44.943, 0, 417, 0, 51.97
2026/08/09 19:57:44.944, 1, 1611, 28, 154.23
2026/08/09 19:57:45.944, 0, 417, 0, 52.11
2026/08/09 19:57:45.944, 1, 1611, 27, 157.41
2026/08/09 19:57:46.944, 0, 417, 0, 52.10
2026/08/09 19:57:46.944, 1, 1611, 24, 153.42
2026/08/09 19:57:47.945, 0, 417, 0, 52.10
2026/08/09 19:57:47.945, 1, 1611, 4, 154.74
2026/08/09 19:57:48.945, 0, 417, 0, 51.99
2026/08/09 19:57:48.945, 1, 1611, 25, 153.07
2026/08/09 19:57:49.945, 0, 417, 0, 51.94
2026/08/09 19:57:49.946, 1, 1611, 7, 152.93
2026/08/09 19:57:50.946, 0, 417, 0, 51.88
2026/08/09 19:57:50.946, 1, 1611, 30, 154.74
2026/08/09 19:57:51.946, 0, 417, 0, 51.81
2026/08/09 19:57:51.946, 1, 1611, 33, 156.68
2026/08/09 19:57:52.947, 0, 417, 0, 51.89
2026/08/09 19:57:52.947, 1, 1611, 25, 160.15
2026/08/09 19:57:53.947, 0, 417, 0, 51.94
2026/08/09 19:57:53.947, 1, 1611, 25, 154.62
2026/08/09 19:57:54.947, 0, 417, 0, 51.96
2026/08/09 19:57:54.948, 1, 1611, 27, 158.04
2026/08/09 19:57:55.948, 0, 417, 0, 51.99
2026/08/09 19:57:55.948, 1, 1611, 27, 154.04
2026/08/09 19:57:56.948, 0, 417, 0, 52.01
2026/08/09 19:57:56.948, 1, 1611, 4, 156.02
2026/08/09 19:57:57.949, 0, 417, 0, 52.08
2026/08/09 19:57:57.949, 1, 1611, 26, 153.74
2026/08/09 19:57:58.949, 0, 417, 0, 52.12
2026/08/09 19:57:58.949, 1, 1611, 20, 152.88
2026/08/09 19:57:59.949, 0, 417, 0, 52.03
2026/08/09 19:57:59.949, 1, 1611, 29, 157.38
2026/08/09 19:58:00.950, 0, 417, 0, 51.92
2026/08/09 19:58:00.950, 1, 1611, 31, 154.04
2026/08/09 19:58:01.950, 0, 417, 0, 51.88
2026/08/09 19:58:01.950, 1, 1611, 27, 157.13
2026/08/09 19:58:02.950, 0, 417, 0, 52.19
2026/08/09 19:58:02.951, 1, 1611, 26, 153.18
2026/08/09 19:58:03.951, 0, 417, 0, 52.07
2026/08/09 19:58:03.951, 1, 1611, 26, 157.40
2026/08/09 19:58:04.951, 0, 417, 0, 51.94
2026/08/09 19:58:04.951, 1, 1611, 28, 152.99
2026/08/09 19:58:05.951, 0, 417, 0, 51.95
2026/08/09 19:58:05.952, 1, 1611, 25, 156.64
2026/08/09 19:58:06.952, 0, 417, 0, 51.92
2026/08/09 19:58:06.952, 1, 1611, 28, 153.04
2026/08/09 19:58:07.952, 0, 417, 0, 51.98
2026/08/09 19:58:07.952, 1, 1611, 0, 152.98
2026/08/09 19:58:08.953, 0, 417, 0, 51.94
2026/08/09 19:58:08.953, 1, 1611, 28, 153.97
2026/08/09 19:58:09.953, 0, 417, 0, 52.06
2026/08/09 19:58:09.953, 1, 1611, 25, 153.33
2026/08/09 19:58:10.953, 0, 417, 0, 51.97
2026/08/09 19:58:10.953, 1, 1611, 26, 156.86
2026/08/09 19:58:11.954, 0, 417, 0, 51.97
2026/08/09 19:58:11.954, 1, 1611, 26, 152.84
2026/08/09 19:58:12.954, 0, 417, 0, 52.04
2026/08/09 19:58:12.954, 1, 1611, 26, 157.62
2026/08/09 19:58:13.954, 0, 417, 0, 52.11
2026/08/09 19:58:13.955, 1, 1611, 27, 153.12
2026/08/09 19:58:14.955, 0, 417, 0, 52.01
2026/08/09 19:58:14.955, 1, 1611, 28, 157.42
2026/08/09 19:58:15.955, 0, 417, 0, 52.01
2026/08/09 19:58:15.955, 1, 1611, 28, 153.35
2026/08/09 19:58:16.956, 0, 417, 0, 52.09
2026/08/09 19:58:16.956, 1, 1611, 24, 157.58
2026/08/09 19:58:17.956, 0, 417, 0, 52.07
2026/08/09 19:58:17.956, 1, 1611, 24, 153.81
2026/08/09 19:58:18.956, 0, 417, 0, 52.04
2026/08/09 19:58:18.956, 1, 1611, 30, 157.40
2026/08/09 19:58:19.957, 0, 417, 0, 52.08
2026/08/09 19:58:19.957, 1, 1611, 28, 153.43
2026/08/09 19:58:20.957, 0, 417, 0, 52.12
2026/08/09 19:58:20.957, 1, 1611, 24, 153.43
2026/08/09 19:58:21.957, 0, 417, 0, 52.01
2026/08/09 19:58:21.957, 1, 1611, 26, 156.01
2026/08/09 19:58:22.957, 0, 417, 0, 52.03
2026/08/09 19:58:22.958, 1, 1611, 24, 152.17
2026/08/09 19:58:23.958, 0, 417, 0, 51.94
2026/08/09 19:58:23.958, 1, 1611, 25, 156.38
2026/08/09 19:58:24.958, 0, 417, 0, 51.97
2026/08/09 19:58:24.958, 1, 1611, 27, 152.65
2026/08/09 19:58:25.959, 0, 417, 0, 52.07
2026/08/09 19:58:25.959, 1, 1611, 28, 157.52
2026/08/09 19:58:26.959, 0, 417, 0, 52.14
2026/08/09 19:58:26.959, 1, 1611, 27, 153.30
2026/08/09 19:58:27.959, 0, 417, 0, 52.12
2026/08/09 19:58:27.960, 1, 1611, 27, 157.29
2026/08/09 19:58:28.960, 0, 417, 0, 52.05
2026/08/09 19:58:28.960, 1, 1611, 25, 153.00
2026/08/09 19:58:29.960, 0, 1281, 0, 52.12
2026/08/09 19:58:29.961, 1, 2443, 7, 154.51
2026/08/09 19:58:30.961, 0, 2113, 56, 185.13
2026/08/09 19:58:30.961, 1, 3275, 77, 210.20
2026/08/09 19:58:31.961, 0, 2113, 69, 216.40
2026/08/09 19:58:31.961, 1, 3275, 67, 262.24
2026/08/09 19:58:32.962, 0, 2145, 80, 229.71
2026/08/09 19:58:32.962, 1, 3275, 85, 270.86
2026/08/09 19:58:33.962, 0, 3265, 32, 243.12
2026/08/09 19:58:33.963, 1, 3275, 76, 280.29
2026/08/09 19:58:34.963, 0, 3265, 81, 224.25
2026/08/09 19:58:34.963, 1, 3403, 60, 264.49
2026/08/09 19:58:35.963, 0, 3905, 100, 247.09
2026/08/09 19:58:35.963, 1, 3435, 82, 270.49
2026/08/09 19:58:36.964, 0, 3905, 51, 239.08
2026/08/09 19:58:36.964, 1, 3947, 88, 279.30
2026/08/09 19:58:37.964, 0, 3905, 15, 234.88
2026/08/09 19:58:37.964, 1, 3947, 83, 284.54
2026/08/09 19:58:38.965, 0, 3905, 73, 236.65
2026/08/09 19:58:38.965, 1, 3947, 77, 278.89
2026/08/09 19:58:39.965, 0, 3905, 72, 244.84
2026/08/09 19:58:39.965, 1, 5515, 74, 274.76
2026/08/09 19:58:40.966, 0, 3905, 70, 233.67
2026/08/09 19:58:40.966, 1, 5515, 63, 282.82
2026/08/09 19:58:41.966, 0, 3905, 72, 241.54
2026/08/09 19:58:41.966, 1, 5515, 84, 280.75
2026/08/09 19:58:42.966, 0, 3905, 70, 243.63
2026/08/09 19:58:42.967, 1, 5515, 84, 284.58
2026/08/09 19:58:43.967, 0, 3905, 62, 244.57
2026/08/09 19:58:43.967, 1, 5995, 69, 287.33
2026/08/09 19:58:44.967, 0, 3905, 76, 234.49
2026/08/09 19:58:44.968, 1, 5995, 10, 277.24
2026/08/09 19:58:45.968, 0, 3905, 66, 241.10
2026/08/09 19:58:45.968, 1, 5995, 88, 278.69
2026/08/09 19:58:46.968, 0, 3905, 86, 237.80
2026/08/09 19:58:46.969, 1, 5995, 53, 284.32
2026/08/09 19:58:47.969, 0, 3905, 56, 255.16
2026/08/09 19:58:47.969, 1, 5995, 70, 295.09
2026/08/09 19:58:48.970, 0, 3905, 70, 243.24
2026/08/09 19:58:48.970, 1, 5995, 61, 291.71
2026/08/09 19:58:49.970, 0, 3905, 98, 245.47
2026/08/09 19:58:49.970, 1, 5995, 72, 295.17
2026/08/09 19:58:50.971, 0, 3905, 93, 267.80
2026/08/09 19:58:50.971, 1, 5995, 96, 305.27
2026/08/09 19:58:51.971, 0, 3905, 52, 244.59
2026/08/09 19:58:51.971, 1, 5995, 66, 278.53
2026/08/09 19:58:52.972, 0, 3905, 84, 237.28
2026/08/09 19:58:52.972, 1, 7691, 65, 283.37
2026/08/09 19:58:53.972, 0, 6977, 100, 276.11
2026/08/09 19:58:53.972, 1, 8171, 91, 319.41
2026/08/09 19:58:54.973, 0, 6977, 82, 289.71
2026/08/09 19:58:54.973, 1, 8171, 94, 335.85
2026/08/09 19:58:55.973, 0, 6977, 65, 303.92
2026/08/09 19:58:55.973, 1, 10219, 100, 315.31
2026/08/09 19:58:56.974, 0, 7009, 87, 300.64
2026/08/09 19:58:56.974, 1, 12267, 86, 321.52
2026/08/09 19:58:57.974, 0, 7009, 61, 287.05
2026/08/09 19:58:57.975, 1, 12299, 88, 311.01
2026/08/09 19:58:58.975, 0, 9025, 54, 299.88
2026/08/09 19:58:58.975, 1, 12299, 67, 319.69
2026/08/09 19:58:59.975, 0, 11041, 100, 305.10
2026/08/09 19:58:59.976, 1, 12299, 75, 333.71
2026/08/09 19:59:00.976, 0, 11041, 100, 308.21
2026/08/09 19:59:00.976, 1, 12299, 26, 310.59
2026/08/09 19:59:01.976, 0, 11009, 62, 277.21
2026/08/09 19:59:01.977, 1, 12299, 79, 310.96
2026/08/09 19:59:02.977, 0, 11009, 79, 286.84
2026/08/09 19:59:02.977, 1, 12299, 67, 290.93
2026/08/09 19:59:03.977, 0, 11041, 81, 267.76
2026/08/09 19:59:03.978, 1, 12299, 100, 310.57
2026/08/09 19:59:04.978, 0, 11137, 93, 286.17
2026/08/09 19:59:04.978, 1, 12299, 99, 309.99
2026/08/09 19:59:05.979, 0, 11265, 41, 301.49
2026/08/09 19:59:05.979, 1, 12299, 73, 311.76
2026/08/09 19:59:06.979, 0, 11265, 62, 272.50
2026/08/09 19:59:06.979, 1, 12299, 5, 304.15
2026/08/09 19:59:07.979, 0, 11265, 74, 268.96
2026/08/09 19:59:07.980, 1, 12299, 87, 302.23
2026/08/09 19:59:08.980, 0, 11265, 57, 274.43
2026/08/09 19:59:08.980, 1, 12299, 76, 335.36
2026/08/09 19:59:09.980, 0, 11265, 85, 290.27
2026/08/09 19:59:09.981, 1, 12299, 100, 308.20
2026/08/09 19:59:10.981, 0, 11265, 86, 287.77
2026/08/09 19:59:10.981, 1, 12299, 100, 314.24
2026/08/09 19:59:11.981, 0, 11265, 100, 287.01
2026/08/09 19:59:11.981, 1, 3787, 92, 263.22
2026/08/09 19:59:12.982, 0, 11265, 100, 270.63
2026/08/09 19:59:12.982, 1, 8011, 74, 301.46
2026/08/09 19:59:13.982, 0, 11265, 92, 291.65
2026/08/09 19:59:13.982, 1, 9099, 86, 316.40
2026/08/09 19:59:14.983, 0, 11265, 66, 266.41
2026/08/09 19:59:14.983, 1, 10091, 68, 306.33
2026/08/09 19:59:15.983, 0, 11265, 91, 274.07
2026/08/09 19:59:15.983, 1, 10123, 80, 308.28
2026/08/09 19:59:16.984, 0, 11265, 100, 285.32
2026/08/09 19:59:16.984, 1, 10091, 86, 303.58
2026/08/09 19:59:17.984, 0, 11265, 99, 297.70
2026/08/09 19:59:17.985, 1, 10091, 79, 338.46
2026/08/09 19:59:18.985, 0, 11265, 89, 307.07
2026/08/09 19:59:18.985, 1, 10091, 81, 324.50
2026/08/09 19:59:19.985, 0, 11265, 89, 311.44
2026/08/09 19:59:19.986, 1, 12171, 73, 324.33
2026/08/09 19:59:20.986, 0, 13249, 100, 320.83
2026/08/09 19:59:20.986, 1, 12299, 82, 319.05
2026/08/09 19:59:21.986, 0, 13249, 81, 354.64
2026/08/09 19:59:21.987, 1, 12299, 80, 340.61
2026/08/09 19:59:22.987, 0, 13249, 43, 309.60
2026/08/09 19:59:22.987, 1, 14315, 80, 320.55
2026/08/09 19:59:23.987, 0, 13249, 93, 311.41
2026/08/09 19:59:23.987, 1, 14315, 100, 333.03
2026/08/09 19:59:24.988, 0, 13249, 49, 305.31
2026/08/09 19:59:24.988, 1, 14315, 99, 319.29
2026/08/09 19:59:25.988, 0, 13249, 54, 289.15
2026/08/09 19:59:25.988, 1, 14315, 75, 325.49
2026/08/09 19:59:26.989, 0, 13249, 34, 300.33
2026/08/09 19:59:26.989, 1, 14315, 100, 311.44
2026/08/09 19:59:27.989, 0, 13249, 90, 290.05
2026/08/09 19:59:27.989, 1, 14315, 89, 314.03
2026/08/09 19:59:28.989, 0, 13249, 86, 299.27
2026/08/09 19:59:28.990, 1, 14315, 64, 300.51
2026/08/09 19:59:29.990, 0, 4129, 90, 228.15
2026/08/09 19:59:29.990, 1, 14315, 0, 299.34
2026/08/09 19:59:30.990, 0, 6849, 83, 264.46
2026/08/09 19:59:30.991, 1, 14315, 100, 294.65
2026/08/09 19:59:31.991, 0, 6849, 73, 284.92
2026/08/09 19:59:31.991, 1, 14347, 100, 319.18
2026/08/09 19:59:32.991, 0, 8961, 76, 310.94
2026/08/09 19:59:32.992, 1, 14347, 49, 327.15
2026/08/09 19:59:33.992, 0, 11105, 81, 304.40
2026/08/09 19:59:33.992, 1, 14347, 57, 324.93
2026/08/09 19:59:34.992, 0, 13281, 29, 335.15
2026/08/09 19:59:34.993, 1, 14347, 100, 332.25
2026/08/09 19:59:35.993, 0, 13281, 97, 321.20
2026/08/09 19:59:35.993, 1, 14347, 62, 328.54
2026/08/09 19:59:36.993, 0, 13377, 58, 317.11
2026/08/09 19:59:36.994, 1, 14347, 71, 316.93
2026/08/09 19:59:37.994, 0, 13377, 93, 290.03
2026/08/09 19:59:37.994, 1, 14539, 71, 310.25
2026/08/09 19:59:38.994, 0, 13377, 73, 301.99
2026/08/09 19:59:38.994, 1, 14539, 73, 318.36
2026/08/09 19:59:39.995, 0, 13377, 100, 310.92
2026/08/09 19:59:39.995, 1, 14539, 91, 307.52
2026/08/09 19:59:40.995, 0, 13377, 93, 322.32
2026/08/09 19:59:40.995, 1, 14539, 85, 326.65
2026/08/09 19:59:41.996, 0, 13409, 100, 299.02
2026/08/09 19:59:41.996, 1, 14539, 100, 317.82
2026/08/09 19:59:42.996, 0, 13409, 55, 284.05
2026/08/09 19:59:42.996, 1, 2059, 90, 250.91
2026/08/09 19:59:43.997, 0, 13409, 0, 211.80
2026/08/09 19:59:43.997, 1, 10027, 14, 242.00
2026/08/09 19:59:44.997, 0, 7297, 0, 215.47
2026/08/09 19:59:44.997, 1, 8107, 91, 282.09
2026/08/09 19:59:45.998, 0, 6913, 96, 253.80
2026/08/09 19:59:45.998, 1, 9131, 54, 296.00
2026/08/09 19:59:46.998, 0, 6945, 50, 278.26
2026/08/09 19:59:46.998, 1, 9547, 89, 314.78
2026/08/09 19:59:47.999, 0, 11041, 67, 290.92
2026/08/09 19:59:47.999, 1, 10571, 91, 320.04
2026/08/09 19:59:48.999, 0, 13089, 100, 296.24
2026/08/09 19:59:48.999, 1, 12619, 62, 307.29
2026/08/09 19:59:50.000, 0, 13089, 80, 302.33
2026/08/09 19:59:50.000, 1, 14827, 87, 332.13
2026/08/09 19:59:51.000, 0, 13569, 41, 312.37
2026/08/09 19:59:51.000, 1, 14827, 100, 318.50
2026/08/09 19:59:52.000, 0, 13569, 52, 331.70
2026/08/09 19:59:52.001, 1, 14827, 85, 340.78
2026/08/09 19:59:53.001, 0, 13697, 55, 311.35
2026/08/09 19:59:53.001, 1, 14827, 92, 295.34
2026/08/09 19:59:54.001, 0, 13761, 82, 278.83
2026/08/09 19:59:54.001, 1, 14827, 92, 341.91
2026/08/09 19:59:55.002, 0, 13761, 99, 316.61
2026/08/09 19:59:55.002, 1, 14763, 73, 309.75
2026/08/09 19:59:56.002, 0, 13729, 100, 286.86
2026/08/09 19:59:56.002, 1, 14763, 100, 317.76
2026/08/09 19:59:57.002, 0, 13729, 53, 293.16
2026/08/09 19:59:57.003, 1, 14763, 62, 317.64
2026/08/09 19:59:58.003, 0, 13729, 100, 329.77
2026/08/09 19:59:58.003, 1, 14955, 100, 305.91
2026/08/09 19:59:59.003, 0, 13729, 53, 298.31
2026/08/09 19:59:59.004, 1, 14955, 32, 317.06
2026/08/09 20:00:00.004, 0, 13729, 85, 276.48
2026/08/09 20:00:00.004, 1, 14955, 77, 295.29
2026/08/09 20:00:01.004, 0, 13729, 36, 289.30
2026/08/09 20:00:01.005, 1, 14955, 69, 287.07
2026/08/09 20:00:02.005, 0, 13857, 66, 281.61
2026/08/09 20:00:02.005, 1, 14955, 34, 282.99
2026/08/09 20:00:03.005, 0, 13857, 77, 312.92
2026/08/09 20:00:03.006, 1, 14955, 100, 301.42
2026/08/09 20:00:04.006, 0, 13857, 100, 315.91
2026/08/09 20:00:04.006, 1, 14955, 89, 316.29
2026/08/09 20:00:05.006, 0, 13857, 53, 318.18
2026/08/09 20:00:05.006, 1, 14955, 100, 338.44
2026/08/09 20:00:06.007, 0, 13281, 76, 265.27
2026/08/09 20:00:06.007, 1, 14955, 84, 318.32
2026/08/09 20:00:07.007, 0, 10177, 52, 229.60
2026/08/09 20:00:07.007, 1, 14955, 85, 301.29
2026/08/09 20:00:08.007, 0, 9153, 94, 294.82
2026/08/09 20:00:08.008, 1, 14955, 100, 330.44
2026/08/09 20:00:09.008, 0, 13441, 14, 310.07
2026/08/09 20:00:09.008, 1, 14955, 57, 319.42
2026/08/09 20:00:10.008, 0, 13441, 52, 286.18
2026/08/09 20:00:10.009, 1, 14955, 68, 305.32
2026/08/09 20:00:11.009, 0, 13441, 9, 308.27
2026/08/09 20:00:11.009, 1, 3211, 91, 227.45
2026/08/09 20:00:12.009, 0, 13441, 100, 273.08
2026/08/09 20:00:12.010, 1, 10603, 65, 281.57
2026/08/09 20:00:13.010, 0, 13409, 14, 293.96
2026/08/09 20:00:13.010, 1, 12235, 100, 306.82
2026/08/09 20:00:14.010, 0, 13409, 95, 289.93
2026/08/09 20:00:14.010, 1, 12299, 77, 298.68
2026/08/09 20:00:15.011, 0, 13409, 96, 320.71
2026/08/09 20:00:15.011, 1, 16395, 100, 321.30
2026/08/09 20:00:16.011, 0, 13409, 99, 325.66
2026/08/09 20:00:16.011, 1, 18443, 100, 319.14
2026/08/09 20:00:17.012, 0, 13409, 100, 315.87
2026/08/09 20:00:17.012, 1, 18443, 100, 301.83
2026/08/09 20:00:18.012, 0, 13409, 94, 306.77
2026/08/09 20:00:18.012, 1, 18635, 61, 320.11
2026/08/09 20:00:19.012, 0, 13409, 51, 293.59
2026/08/09 20:00:19.013, 1, 18603, 100, 317.48
2026/08/09 20:00:20.013, 0, 4705, 78, 227.73
2026/08/09 20:00:20.013, 1, 18571, 26, 271.03
2026/08/09 20:00:21.013, 0, 10017, 100, 289.09
2026/08/09 20:00:21.014, 1, 18571, 54, 298.35
2026/08/09 20:00:22.014, 0, 13249, 48, 314.69
2026/08/09 20:00:22.014, 1, 18571, 46, 304.45
2026/08/09 20:00:23.014, 0, 13249, 100, 332.54
2026/08/09 20:00:23.015, 1, 18571, 95, 338.52
2026/08/09 20:00:24.015, 0, 13249, 87, 289.06
2026/08/09 20:00:24.015, 1, 18571, 73, 298.71
2026/08/09 20:00:25.015, 0, 13249, 14, 311.45
2026/08/09 20:00:25.015, 1, 18571, 100, 327.45
2026/08/09 20:00:26.016, 0, 13249, 86, 309.53
2026/08/09 20:00:26.016, 1, 18571, 73, 309.97
2026/08/09 20:00:27.016, 0, 13249, 82, 305.50
2026/08/09 20:00:27.017, 1, 18571, 61, 288.85
2026/08/09 20:00:28.017, 0, 13409, 92, 313.10
2026/08/09 20:00:28.017, 1, 18571, 86, 326.42
2026/08/09 20:00:29.017, 0, 13409, 64, 320.14
2026/08/09 20:00:29.018, 1, 18571, 78, 301.19
2026/08/09 20:00:30.018, 0, 13409, 88, 324.19
2026/08/09 20:00:30.018, 1, 18571, 100, 301.64
2026/08/09 20:00:31.018, 0, 13409, 100, 302.67
2026/08/09 20:00:31.019, 1, 18571, 69, 287.44
2026/08/09 20:00:32.019, 0, 13345, 41, 296.05
2026/08/09 20:00:32.019, 1, 18571, 79, 290.57
2026/08/09 20:00:33.019, 0, 13345, 100, 290.06
2026/08/09 20:00:33.020, 1, 18571, 74, 301.77
2026/08/09 20:00:34.020, 0, 13345, 80, 293.92
2026/08/09 20:00:34.020, 1, 18571, 46, 283.65
2026/08/09 20:00:35.020, 0, 13345, 75, 286.77
2026/08/09 20:00:35.021, 1, 18571, 62, 304.19
2026/08/09 20:00:36.021, 0, 13345, 75, 276.24
2026/08/09 20:00:36.021, 1, 18571, 100, 293.76
2026/08/09 20:00:37.021, 0, 13345, 0, 319.31
2026/08/09 20:00:37.021, 1, 18571, 66, 317.52
2026/08/09 20:00:38.022, 0, 13345, 99, 267.83
2026/08/09 20:00:38.022, 1, 18571, 88, 278.57
2026/08/09 20:00:39.022, 0, 13345, 70, 270.03
2026/08/09 20:00:39.022, 1, 14731, 72, 314.95
2026/08/09 20:00:40.022, 0, 13345, 56, 288.17
2026/08/09 20:00:40.023, 1, 15019, 47, 271.10
2026/08/09 20:00:41.023, 0, 13473, 80, 298.66
2026/08/09 20:00:41.023, 1, 15019, 100, 290.28
2026/08/09 20:00:42.023, 0, 13473, 59, 299.67
2026/08/09 20:00:42.024, 1, 15019, 100, 318.24
2026/08/09 20:00:43.024, 0, 13473, 98, 301.98
2026/08/09 20:00:43.024, 1, 15019, 74, 277.86
2026/08/09 20:00:44.024, 0, 13473, 37, 321.54
2026/08/09 20:00:44.025, 1, 15019, 76, 341.07
2026/08/09 20:00:45.025, 0, 13473, 100, 298.79
2026/08/09 20:00:45.025, 1, 15019, 63, 303.92
2026/08/09 20:00:46.025, 0, 13473, 100, 321.50
2026/08/09 20:00:46.025, 1, 15019, 45, 293.08
2026/08/09 20:00:47.026, 0, 13473, 51, 307.15
2026/08/09 20:00:47.026, 1, 15019, 63, 279.89
2026/08/09 20:00:48.026, 0, 13473, 17, 293.20
2026/08/09 20:00:48.027, 1, 15019, 25, 287.36
2026/08/09 20:00:49.027, 0, 13473, 63, 278.67
2026/08/09 20:00:49.027, 1, 15019, 100, 299.74
2026/08/09 20:00:50.027, 0, 13473, 100, 290.82
2026/08/09 20:00:50.027, 1, 15019, 100, 334.37
2026/08/09 20:00:51.027, 0, 13857, 9, 289.17
2026/08/09 20:00:51.028, 1, 15019, 82, 327.53
2026/08/09 20:00:52.028, 0, 13857, 100, 266.38
2026/08/09 20:00:52.028, 1, 15019, 89, 279.29
2026/08/09 20:00:53.028, 0, 13857, 69, 291.56
2026/08/09 20:00:53.029, 1, 15019, 66, 281.43
2026/08/09 20:00:54.029, 0, 13857, 88, 269.89
2026/08/09 20:00:54.029, 1, 15019, 55, 289.36
2026/08/09 20:00:55.029, 0, 6881, 3, 264.22
2026/08/09 20:00:55.030, 1, 15019, 72, 323.70
2026/08/09 20:00:56.030, 0, 5857, 66, 234.86
2026/08/09 20:00:56.030, 1, 15019, 67, 301.99
2026/08/09 20:00:57.030, 0, 11073, 43, 317.35
2026/08/09 20:00:57.030, 1, 15019, 65, 247.36
2026/08/09 20:00:58.031, 0, 13153, 74, 304.21
2026/08/09 20:00:58.031, 1, 15019, 63, 312.74
2026/08/09 20:00:59.031, 0, 13153, 48, 282.46
2026/08/09 20:00:59.031, 1, 15019, 86, 283.01
2026/08/09 20:01:00.032, 0, 13153, 10, 281.51
2026/08/09 20:01:00.032, 1, 15019, 95, 303.15
2026/08/09 20:01:01.032, 0, 13153, 46, 296.07
2026/08/09 20:01:01.032, 1, 15019, 100, 335.09
2026/08/09 20:01:02.033, 0, 13153, 100, 290.73
2026/08/09 20:01:02.033, 1, 15019, 42, 310.09
2026/08/09 20:01:03.033, 0, 13153, 100, 284.74
2026/08/09 20:01:03.033, 1, 15019, 70, 270.77
2026/08/09 20:01:04.034, 0, 13153, 2, 302.28
2026/08/09 20:01:04.034, 1, 15019, 77, 324.17
2026/08/09 20:01:05.034, 0, 13153, 82, 299.93
2026/08/09 20:01:05.034, 1, 15019, 65, 288.79
2026/08/09 20:01:06.035, 0, 13153, 91, 286.25
2026/08/09 20:01:06.035, 1, 15019, 77, 292.74
2026/08/09 20:01:07.035, 0, 13313, 34, 267.29
2026/08/09 20:01:07.035, 1, 15019, 0, 244.59
2026/08/09 20:01:08.036, 0, 13313, 9, 302.84
2026/08/09 20:01:08.036, 1, 3595, 88, 220.42
2026/08/09 20:01:09.036, 0, 13313, 100, 227.82
2026/08/09 20:01:09.036, 1, 7979, 0, 218.05
2026/08/09 20:01:10.037, 0, 13313, 64, 300.28
2026/08/09 20:01:10.037, 1, 10347, 24, 238.45
2026/08/09 20:01:11.037, 0, 13313, 66, 306.37
2026/08/09 20:01:11.037, 1, 3019, 90, 177.23
2026/08/09 20:01:12.037, 0, 13313, 0, 219.14
2026/08/09 20:01:12.038, 1, 12267, 43, 296.54
2026/08/09 20:01:13.038, 0, 13313, 12, 221.93
2026/08/09 20:01:13.038, 1, 12267, 45, 176.78
2026/08/09 20:01:14.038, 0, 10977, 85, 194.21
2026/08/09 20:01:14.039, 1, 10379, 0, 230.72
2026/08/09 20:01:15.039, 0, 13025, 92, 308.33
2026/08/09 20:01:15.039, 1, 10155, 100, 206.65
2026/08/09 20:01:16.039, 0, 13217, 73, 315.55
2026/08/09 20:01:16.040, 1, 7531, 100, 259.44
2026/08/09 20:01:17.040, 0, 17313, 100, 300.42
2026/08/09 20:01:17.040, 1, 14379, 89, 354.54
2026/08/09 20:01:18.040, 0, 17313, 93, 318.44
2026/08/09 20:01:18.040, 1, 14379, 100, 245.44
2026/08/09 20:01:19.040, 0, 17313, 55, 254.74
2026/08/09 20:01:19.041, 1, 8107, 94, 259.31
2026/08/09 20:01:20.041, 0, 17281, 100, 316.79
2026/08/09 20:01:20.041, 1, 12299, 26, 318.92
2026/08/09 20:01:21.042, 0, 17281, 100, 318.88
2026/08/09 20:01:21.042, 1, 14347, 93, 300.80
2026/08/09 20:01:22.042, 0, 17281, 20, 308.07
2026/08/09 20:01:22.042, 1, 14411, 56, 309.09
2026/08/09 20:01:23.043, 0, 17281, 67, 268.55
2026/08/09 20:01:23.043, 1, 14411, 100, 325.96
2026/08/09 20:01:24.043, 0, 17281, 20, 315.95
2026/08/09 20:01:24.043, 1, 14411, 84, 321.68
2026/08/09 20:01:25.043, 0, 17281, 92, 276.51
2026/08/09 20:01:25.044, 1, 14379, 88, 303.11
2026/08/09 20:01:26.044, 0, 17281, 54, 295.87
2026/08/09 20:01:26.044, 1, 14379, 0, 194.27
2026/08/09 20:01:27.044, 0, 17281, 0, 240.59
2026/08/09 20:01:27.045, 1, 13963, 0, 236.27
2026/08/09 20:01:28.045, 0, 16673, 12, 238.74
2026/08/09 20:01:28.045, 1, 11467, 100, 246.95
2026/08/09 20:01:29.045, 0, 833, 24, 162.69
2026/08/09 20:01:29.045, 1, 14507, 8, 276.77
2026/08/09 20:01:30.046, 0, 3617, 94, 221.41
2026/08/09 20:01:30.046, 1, 14667, 0, 234.62
2026/08/09 20:01:31.046, 0, 8033, 100, 255.70
2026/08/09 20:01:31.046, 1, 11275, 69, 258.61
2026/08/09 20:01:32.047, 0, 10113, 27, 294.33
2026/08/09 20:01:32.047, 1, 11403, 69, 295.49
2026/08/09 20:01:33.047, 0, 11137, 78, 279.76
2026/08/09 20:01:33.047, 1, 11403, 58, 273.25
2026/08/09 20:01:34.047, 0, 11137, 46, 274.64
2026/08/09 20:01:34.048, 1, 11403, 100, 287.24
2026/08/09 20:01:35.048, 0, 13441, 91, 293.47
2026/08/09 20:01:35.048, 1, 11403, 86, 315.98
2026/08/09 20:01:36.048, 0, 13441, 87, 325.31
2026/08/09 20:01:36.049, 1, 14539, 45, 290.78
2026/08/09 20:01:37.049, 0, 13441, 78, 296.58
2026/08/09 20:01:37.049, 1, 14539, 70, 296.57
2026/08/09 20:01:38.049, 0, 13441, 56, 272.69
2026/08/09 20:01:38.050, 1, 14571, 98, 306.25
2026/08/09 20:01:39.050, 0, 13441, 24, 295.67
2026/08/09 20:01:39.050, 1, 14571, 89, 308.04
2026/08/09 20:01:40.050, 0, 13441, 67, 265.25
2026/08/09 20:01:40.050, 1, 14571, 100, 330.39
2026/08/09 20:01:41.051, 0, 13441, 94, 281.91
2026/08/09 20:01:41.051, 1, 14571, 51, 316.90
2026/08/09 20:01:42.051, 0, 13441, 68, 298.89
2026/08/09 20:01:42.051, 1, 14571, 100, 300.01
2026/08/09 20:01:43.052, 0, 13441, 36, 272.95
2026/08/09 20:01:43.052, 1, 14571, 32, 311.63
2026/08/09 20:01:44.052, 0, 13441, 71, 271.58
2026/08/09 20:01:44.052, 1, 14539, 75, 281.42
2026/08/09 20:01:45.052, 0, 13441, 81, 278.69
2026/08/09 20:01:45.053, 1, 14539, 10, 290.71
2026/08/09 20:01:46.053, 0, 13729, 29, 233.32
2026/08/09 20:01:46.053, 1, 11659, 33, 277.63
2026/08/09 20:01:47.053, 0, 8641, 100, 194.41
2026/08/09 20:01:47.053, 1, 4843, 70, 262.87
2026/08/09 20:01:48.053, 0, 9985, 100, 274.08
2026/08/09 20:01:48.054, 1, 12235, 100, 298.80
2026/08/09 20:01:49.054, 0, 13601, 100, 287.88
2026/08/09 20:01:49.054, 1, 14283, 57, 298.12
2026/08/09 20:01:50.054, 0, 13601, 81, 290.42
2026/08/09 20:01:50.055, 1, 14443, 92, 291.23
2026/08/09 20:01:51.055, 0, 13601, 100, 282.40
2026/08/09 20:01:51.055, 1, 18763, 19, 262.25
2026/08/09 20:01:52.055, 0, 13601, 68, 305.20
2026/08/09 20:01:52.055, 1, 18763, 21, 315.32
2026/08/09 20:01:53.056, 0, 13601, 7, 264.80
2026/08/09 20:01:53.056, 1, 18763, 81, 310.81
2026/08/09 20:01:54.056, 0, 13601, 15, 323.61
2026/08/09 20:01:54.056, 1, 18763, 55, 301.45
2026/08/09 20:01:55.057, 0, 13601, 99, 288.28
2026/08/09 20:01:55.057, 1, 18763, 57, 275.71
2026/08/09 20:01:56.057, 0, 13601, 86, 341.89
2026/08/09 20:01:56.057, 1, 14699, 73, 233.47
2026/08/09 20:01:57.058, 0, 13601, 100, 285.24
2026/08/09 20:01:57.058, 1, 9995, 100, 194.72
2026/08/09 20:01:58.058, 0, 13761, 100, 294.54
2026/08/09 20:01:58.058, 1, 7147, 87, 294.77
2026/08/09 20:01:59.058, 0, 13921, 23, 283.45
2026/08/09 20:01:59.059, 1, 12395, 100, 307.38
2026/08/09 20:02:00.059, 0, 13921, 64, 309.88
2026/08/09 20:02:00.059, 1, 12395, 100, 303.40
2026/08/09 20:02:01.059, 0, 13921, 89, 323.88
2026/08/09 20:02:01.060, 1, 12395, 76, 320.46
2026/08/09 20:02:02.060, 0, 13953, 40, 298.59
2026/08/09 20:02:02.060, 1, 14539, 100, 320.35
2026/08/09 20:02:03.060, 0, 13953, 100, 296.66
2026/08/09 20:02:03.060, 1, 14539, 89, 310.26
2026/08/09 20:02:04.061, 0, 13953, 65, 274.01
2026/08/09 20:02:04.061, 1, 14539, 21, 291.67
2026/08/09 20:02:05.061, 0, 13953, 0, 206.92
2026/08/09 20:02:05.061, 1, 14539, 78, 288.61
2026/08/09 20:02:06.062, 0, 13953, 100, 209.19
2026/08/09 20:02:06.062, 1, 14539, 0, 274.62
2026/08/09 20:02:07.062, 0, 10369, 0, 206.36
2026/08/09 20:02:07.062, 1, 7467, 100, 273.02
2026/08/09 20:02:08.062, 0, 13057, 100, 236.62
2026/08/09 20:02:08.063, 1, 11307, 63, 329.14
2026/08/09 20:02:09.063, 0, 13057, 89, 338.27
2026/08/09 20:02:09.063, 1, 13387, 55, 302.43
2026/08/09 20:02:10.063, 0, 13505, 100, 265.79
2026/08/09 20:02:10.063, 1, 12395, 84, 325.55
2026/08/09 20:02:11.064, 0, 13473, 44, 263.08
2026/08/09 20:02:11.064, 1, 12395, 58, 313.95
2026/08/09 20:02:12.064, 0, 13473, 100, 283.16
2026/08/09 20:02:12.064, 1, 14443, 86, 291.80
2026/08/09 20:02:13.065, 0, 13569, 75, 302.97
2026/08/09 20:02:13.065, 1, 14443, 86, 324.97
2026/08/09 20:02:14.065, 0, 13697, 58, 303.75
2026/08/09 20:02:14.065, 1, 14443, 88, 328.19
2026/08/09 20:02:15.065, 0, 13697, 72, 275.04
2026/08/09 20:02:15.066, 1, 14475, 100, 307.30
2026/08/09 20:02:16.066, 0, 13697, 18, 250.88
2026/08/09 20:02:16.066, 1, 14475, 85, 294.82
2026/08/09 20:02:17.066, 0, 13697, 100, 284.50
2026/08/09 20:02:17.066, 1, 14475, 54, 308.49
2026/08/09 20:02:18.067, 0, 13697, 40, 305.05
2026/08/09 20:02:18.067, 1, 14475, 40, 294.26
2026/08/09 20:02:19.067, 0, 13697, 100, 305.95
2026/08/09 20:02:19.067, 1, 14475, 56, 302.41
2026/08/09 20:02:20.067, 0, 13697, 80, 277.14
2026/08/09 20:02:20.068, 1, 14475, 54, 312.04
2026/08/09 20:02:21.068, 0, 13697, 85, 318.43
2026/08/09 20:02:21.068, 1, 14475, 81, 297.62
2026/08/09 20:02:22.068, 0, 13697, 70, 318.39
2026/08/09 20:02:22.068, 1, 14475, 100, 308.90
2026/08/09 20:02:23.068, 0, 13697, 79, 298.67
2026/08/09 20:02:23.069, 1, 14475, 100, 317.82
2026/08/09 20:02:24.069, 0, 13697, 89, 293.68
2026/08/09 20:02:24.069, 1, 14475, 72, 320.23
2026/08/09 20:02:25.069, 0, 13729, 75, 274.73
2026/08/09 20:02:25.070, 1, 14635, 47, 274.20
2026/08/09 20:02:26.070, 0, 13729, 42, 276.98
2026/08/09 20:02:26.070, 1, 14635, 37, 309.65
2026/08/09 20:02:27.070, 0, 13729, 0, 184.51
2026/08/09 20:02:27.070, 1, 14635, 91, 268.72
2026/08/09 20:02:28.071, 0, 14689, 100, 245.25
2026/08/09 20:02:28.071, 1, 6411, 83, 263.73
2026/08/09 20:02:29.071, 0, 14689, 4, 202.19
2026/08/09 20:02:29.071, 1, 9899, 0, 285.32
2026/08/09 20:02:30.071, 0, 14689, 69, 184.78
2026/08/09 20:02:30.072, 1, 10571, 86, 285.84
2026/08/09 20:02:31.072, 0, 14689, 100, 293.90
2026/08/09 20:02:31.072, 1, 12203, 8, 295.12
2026/08/09 20:02:32.072, 0, 14689, 68, 282.56
2026/08/09 20:02:32.073, 1, 14379, 12, 264.31
2026/08/09 20:02:33.073, 0, 14689, 35, 316.66
2026/08/09 20:02:33.073, 1, 14379, 96, 274.70
2026/08/09 20:02:34.073, 0, 14625, 73, 298.33
2026/08/09 20:02:34.073, 1, 14379, 100, 328.36
2026/08/09 20:02:35.074, 0, 14625, 57, 277.59
2026/08/09 20:02:35.074, 1, 14379, 69, 293.06
2026/08/09 20:02:36.074, 0, 14625, 94, 290.87
2026/08/09 20:02:36.074, 1, 14379, 97, 303.21
2026/08/09 20:02:37.074, 0, 14625, 83, 256.88
2026/08/09 20:02:37.075, 1, 14379, 88, 324.70
2026/08/09 20:02:38.075, 0, 14657, 98, 291.08
2026/08/09 20:02:38.075, 1, 14379, 33, 312.14
2026/08/09 20:02:39.075, 0, 14657, 79, 266.85
2026/08/09 20:02:39.076, 1, 14379, 92, 299.81
2026/08/09 20:02:40.076, 0, 14657, 100, 288.94
2026/08/09 20:02:40.076, 1, 14379, 71, 297.05
2026/08/09 20:02:41.076, 0, 14657, 74, 268.02
2026/08/09 20:02:41.076, 1, 14379, 89, 293.04
2026/08/09 20:02:42.077, 0, 14625, 80, 279.02
2026/08/09 20:02:42.077, 1, 14379, 95, 302.41
2026/08/09 20:02:43.077, 0, 14625, 80, 308.67
2026/08/09 20:02:43.077, 1, 14379, 100, 313.42
2026/08/09 20:02:44.077, 0, 14625, 77, 314.86
2026/08/09 20:02:44.078, 1, 14379, 78, 309.03
2026/08/09 20:02:45.078, 0, 14657, 17, 308.39
2026/08/09 20:02:45.078, 1, 14379, 51, 259.56
2026/08/09 20:02:46.078, 0, 14657, 58, 241.57
2026/08/09 20:02:46.079, 1, 14379, 41, 285.44
2026/08/09 20:02:47.079, 0, 14657, 69, 291.23
2026/08/09 20:02:47.079, 1, 14379, 100, 308.63
2026/08/09 20:02:48.079, 0, 14657, 89, 297.19
2026/08/09 20:02:48.079, 1, 14379, 65, 303.18
2026/08/09 20:02:49.080, 0, 14657, 72, 262.99
2026/08/09 20:02:49.080, 1, 14379, 29, 263.98
2026/08/09 20:02:50.080, 0, 14625, 98, 308.92
2026/08/09 20:02:50.080, 1, 14379, 80, 288.30
2026/08/09 20:02:51.081, 0, 14625, 69, 275.88
2026/08/09 20:02:51.081, 1, 14379, 53, 275.50
2026/08/09 20:02:52.081, 0, 14625, 76, 285.12
2026/08/09 20:02:52.081, 1, 14379, 59, 317.36
2026/08/09 20:02:53.082, 0, 14625, 61, 295.71
2026/08/09 20:02:53.082, 1, 14379, 90, 308.61
2026/08/09 20:02:54.082, 0, 14625, 78, 338.52
2026/08/09 20:02:54.082, 1, 14379, 47, 321.83
2026/08/09 20:02:55.082, 0, 8321, 39, 242.75
2026/08/09 20:02:55.083, 1, 14379, 96, 289.79
2026/08/09 20:02:56.083, 0, 8833, 12, 190.27
2026/08/09 20:02:56.083, 1, 14379, 93, 288.11
2026/08/09 20:02:57.083, 0, 7265, 34, 238.55
2026/08/09 20:02:57.083, 1, 14379, 84, 293.50
2026/08/09 20:02:58.084, 0, 11105, 29, 289.48
2026/08/09 20:02:58.084, 1, 14379, 97, 298.74
2026/08/09 20:02:59.084, 0, 11105, 87, 252.60
2026/08/09 20:02:59.084, 1, 14379, 90, 294.93
2026/08/09 20:03:00.085, 0, 11105, 0, 195.71
2026/08/09 20:03:00.085, 1, 14379, 92, 295.98
2026/08/09 20:03:01.085, 0, 11105, 78, 235.44
2026/08/09 20:03:01.085, 1, 14507, 71, 295.56
2026/08/09 20:03:02.086, 0, 3393, 75, 187.16
2026/08/09 20:03:02.086, 1, 14507, 74, 316.37
2026/08/09 20:03:03.086, 0, 11009, 83, 286.57
2026/08/09 20:03:03.086, 1, 14507, 100, 328.30
2026/08/09 20:03:04.087, 0, 13281, 100, 309.03
2026/08/09 20:03:04.087, 1, 14507, 78, 293.56
2026/08/09 20:03:05.087, 0, 13281, 97, 292.61
2026/08/09 20:03:05.087, 1, 14507, 88, 303.04
2026/08/09 20:03:06.088, 0, 13249, 79, 279.14
2026/08/09 20:03:06.088, 1, 14507, 59, 302.39
2026/08/09 20:03:07.088, 0, 13249, 0, 272.64
2026/08/09 20:03:07.088, 1, 14507, 100, 290.92
2026/08/09 20:03:08.088, 0, 13249, 49, 262.66
2026/08/09 20:03:08.089, 1, 14507, 57, 298.36
2026/08/09 20:03:09.089, 0, 13281, 13, 282.94
2026/08/09 20:03:09.089, 1, 14507, 80, 284.83
2026/08/09 20:03:10.089, 0, 13281, 89, 284.66
2026/08/09 20:03:10.089, 1, 14507, 55, 297.02
2026/08/09 20:03:11.090, 0, 13281, 27, 257.45
2026/08/09 20:03:11.090, 1, 14507, 15, 254.03
2026/08/09 20:03:12.090, 0, 13281, 0, 171.94
2026/08/09 20:03:12.090, 1, 14507, 0, 167.49
2026/08/09 20:03:13.090, 0, 13281, 0, 168.93
2026/08/09 20:03:13.091, 1, 14507, 0, 142.48
2026/08/09 20:03:14.091, 0, 13281, 0, 156.36
2026/08/09 20:03:14.091, 1, 14507, 0, 137.21
2026/08/09 20:03:15.091, 0, 13281, 0, 156.15
2026/08/09 20:03:15.091, 1, 14507, 0, 132.63
2026/08/09 20:03:16.092, 0, 13281, 0, 155.53
2026/08/09 20:03:16.092, 1, 14507, 0, 131.89
2026/08/09 20:03:17.092, 0, 13281, 0, 155.33
2026/08/09 20:03:17.092, 1, 14507, 0, 132.58
2026/08/09 20:03:18.092, 0, 13281, 0, 155.10
2026/08/09 20:03:18.092, 1, 14507, 0, 132.44
2026/08/09 20:03:19.093, 0, 13281, 0, 154.95
2026/08/09 20:03:19.093, 1, 14507, 0, 131.05
2026/08/09 20:03:20.093, 0, 13281, 0, 154.62
2026/08/09 20:03:20.093, 1, 14507, 0, 130.90
2026/08/09 20:03:21.093, 0, 13281, 0, 154.38
2026/08/09 20:03:21.093, 1, 14507, 0, 130.72
2026/08/09 20:03:22.094, 0, 13281, 0, 154.17
2026/08/09 20:03:22.094, 1, 14507, 0, 131.34
2026/08/09 20:03:23.094, 0, 13281, 0, 153.90
2026/08/09 20:03:23.094, 1, 14507, 0, 130.14
2026/08/09 20:03:24.094, 0, 13281, 0, 153.90
2026/08/09 20:03:24.095, 1, 14507, 0, 130.11
2026/08/09 20:03:25.095, 0, 13281, 0, 153.56
2026/08/09 20:03:25.095, 1, 14507, 0, 129.94
2026/08/09 20:03:26.095, 0, 13281, 0, 153.18
2026/08/09 20:03:26.095, 1, 14507, 0, 129.91
2026/08/09 20:03:27.095, 0, 13281, 0, 152.81
2026/08/09 20:03:27.095, 1, 14507, 0, 130.62
2026/08/09 20:03:28.096, 0, 13281, 0, 152.33
2026/08/09 20:03:28.096, 1, 14507, 0, 130.45
2026/08/09 20:03:29.096, 0, 13281, 0, 140.30
2026/08/09 20:03:29.096, 1, 14507, 0, 129.92
2026/08/09 20:03:30.096, 0, 13281, 0, 94.09
2026/08/09 20:03:30.096, 1, 14507, 0, 129.85
2026/08/09 20:03:31.097, 0, 13281, 0, 54.85
2026/08/09 20:03:31.097, 1, 14507, 0, 129.77
2026/08/09 20:03:32.097, 0, 13281, 0, 54.48
2026/08/09 20:03:32.097, 1, 14507, 0, 129.61
2026/08/09 20:03:33.097, 0, 13281, 0, 54.30
2026/08/09 20:03:33.097, 1, 14507, 0, 129.53
2026/08/09 20:03:34.098, 0, 13281, 0, 53.97
2026/08/09 20:03:34.098, 1, 14507, 0, 129.52
2026/08/09 20:03:35.098, 0, 13281, 0, 53.92
2026/08/09 20:03:35.098, 1, 14507, 0, 129.55
2026/08/09 20:03:36.098, 0, 13281, 0, 53.92
2026/08/09 20:03:36.098, 1, 14507, 0, 129.45
2026/08/09 20:03:37.099, 0, 13281, 0, 53.76
2026/08/09 20:03:37.099, 1, 14507, 0, 130.17
2026/08/09 20:03:38.099, 0, 13281, 0, 53.55
2026/08/09 20:03:38.099, 1, 14507, 0, 129.47
2026/08/09 20:03:39.099, 0, 13281, 0, 53.32
2026/08/09 20:03:39.099, 1, 14507, 0, 129.22
2026/08/09 20:03:40.099, 0, 13281, 0, 53.21
2026/08/09 20:03:40.100, 1, 14507, 0, 129.18
2026/08/09 20:03:41.100, 0, 13281, 0, 53.10
2026/08/09 20:03:41.100, 1, 14507, 0, 129.60
2026/08/09 20:03:42.100, 0, 13281, 0, 53.02
2026/08/09 20:03:42.100, 1, 14507, 0, 129.31
