2026/08/10 03:21:10.930, 0, 93, 0
2026/08/10 03:21:10.933, 1, 15, 0
2026/08/10 03:21:11.937, 0, 93, 0
2026/08/10 03:21:11.937, 1, 15, 0
2026/08/10 03:21:12.938, 0, 95, 0
2026/08/10 03:21:12.938, 1, 301, 0
2026/08/10 03:21:13.938, 0, 95, 0
2026/08/10 03:21:13.951, 1, 301, 0
2026/08/10 03:21:14.952, 0, 401, 0
2026/08/10 03:21:14.952, 1, 301, 0
2026/08/10 03:21:15.952, 0, 433, 0
2026/08/10 03:21:15.952, 1, 301, 0
2026/08/10 03:21:16.953, 0, 433, 0
2026/08/10 03:21:16.953, 1, 301, 0
2026/08/10 03:21:17.953, 0, 433, 0
2026/08/10 03:21:17.953, 1, 301, 0
2026/08/10 03:21:18.953, 0, 433, 0
2026/08/10 03:21:18.953, 1, 301, 0
2026/08/10 03:21:19.954, 0, 433, 0
2026/08/10 03:21:19.954, 1, 301, 0
2026/08/10 03:21:20.954, 0, 433, 0
2026/08/10 03:21:20.954, 1, 345, 0
2026/08/10 03:21:21.954, 0, 433, 0
2026/08/10 03:21:21.954, 1, 377, 0
2026/08/10 03:21:22.954, 0, 433, 0
2026/08/10 03:21:22.955, 1, 377, 15
2026/08/10 03:21:23.955, 0, 433, 0
2026/08/10 03:21:23.955, 1, 377, 0
2026/08/10 03:21:24.955, 0, 433, 0
2026/08/10 03:21:24.955, 1, 377, 0
2026/08/10 03:21:25.955, 0, 433, 0
2026/08/10 03:21:25.955, 1, 377, 0
2026/08/10 03:21:26.956, 0, 433, 0
2026/08/10 03:21:26.956, 1, 377, 0
2026/08/10 03:21:27.956, 0, 433, 0
2026/08/10 03:21:27.956, 1, 377, 0
2026/08/10 03:21:28.956, 0, 433, 0
2026/08/10 03:21:28.956, 1, 815, 32
2026/08/10 03:21:29.957, 0, 433, 0
2026/08/10 03:21:29.957, 1, 1253, 26
2026/08/10 03:21:30.957, 0, 433, 0
2026/08/10 03:21:30.957, 1, 1627, 27
2026/08/10 03:21:31.957, 0, 433, 0
2026/08/10 03:21:31.957, 1, 1627, 26
2026/08/10 03:21:32.958, 0, 433, 0
2026/08/10 03:21:32.958, 1, 1627, 27
2026/08/10 03:21:33.958, 0, 433, 0
2026/08/10 03:21:33.958, 1, 1627, 24
2026/08/10 03:21:34.958, 0, 433, 0
2026/08/10 03:21:34.959, 1, 1627, 28
2026/08/10 03:21:35.959, 0, 433, 0
2026/08/10 03:21:35.959, 1, 1629, 2
2026/08/10 03:21:36.959, 0, 433, 0
2026/08/10 03:21:36.959, 1, 1629, 28
2026/08/10 03:21:37.959, 0, 433, 0
2026/08/10 03:21:37.960, 1, 1629, 19
2026/08/10 03:21:38.960, 0, 433, 0
2026/08/10 03:21:38.960, 1, 1629, 28
2026/08/10 03:21:39.960, 0, 433, 0
2026/08/10 03:21:39.960, 1, 1629, 24
2026/08/10 03:21:40.960, 0, 433, 0
2026/08/10 03:21:40.961, 1, 1629, 25
2026/08/10 03:21:41.961, 0, 433, 0
2026/08/10 03:21:41.961, 1, 1629, 29
2026/08/10 03:21:42.961, 0, 433, 0
2026/08/10 03:21:42.961, 1, 1629, 28
2026/08/10 03:21:43.961, 0, 433, 0
2026/08/10 03:21:43.962, 1, 1629, 28
2026/08/10 03:21:44.962, 0, 433, 0
2026/08/10 03:21:44.962, 1, 1629, 26
2026/08/10 03:21:45.962, 0, 433, 0
2026/08/10 03:21:45.962, 1, 1629, 23
2026/08/10 03:21:46.962, 0, 433, 0
2026/08/10 03:21:46.963, 1, 1629, 0
2026/08/10 03:21:47.963, 0, 433, 0
2026/08/10 03:21:47.963, 1, 1629, 28
2026/08/10 03:21:48.963, 0, 433, 0
2026/08/10 03:21:48.963, 1, 1629, 29
2026/08/10 03:21:49.963, 0, 433, 0
2026/08/10 03:21:49.964, 1, 1629, 25
2026/08/10 03:21:50.964, 0, 433, 0
2026/08/10 03:21:50.964, 1, 1629, 26
2026/08/10 03:21:51.964, 0, 433, 0
2026/08/10 03:21:51.964, 1, 1629, 26
2026/08/10 03:21:52.964, 0, 433, 0
2026/08/10 03:21:52.964, 1, 1629, 29
2026/08/10 03:21:53.965, 0, 433, 0
2026/08/10 03:21:53.965, 1, 1629, 23
2026/08/10 03:21:54.965, 0, 433, 0
2026/08/10 03:21:54.965, 1, 1629, 24
2026/08/10 03:21:55.965, 0, 433, 0
2026/08/10 03:21:55.966, 1, 1629, 27
2026/08/10 03:21:56.966, 0, 433, 0
2026/08/10 03:21:56.966, 1, 1629, 25
2026/08/10 03:21:57.966, 0, 433, 0
2026/08/10 03:21:57.966, 1, 1629, 28
2026/08/10 03:21:58.966, 0, 433, 0
2026/08/10 03:21:58.967, 1, 1629, 26
2026/08/10 03:21:59.967, 0, 433, 0
2026/08/10 03:21:59.967, 1, 1629, 28
2026/08/10 03:22:00.967, 0, 433, 0
2026/08/10 03:22:00.967, 1, 1629, 26
2026/08/10 03:22:01.968, 0, 433, 0
2026/08/10 03:22:01.968, 1, 1629, 27
2026/08/10 03:22:02.968, 0, 433, 0
2026/08/10 03:22:02.968, 1, 1629, 20
2026/08/10 03:22:03.968, 0, 433, 0
2026/08/10 03:22:03.969, 1, 1629, 24
2026/08/10 03:22:04.969, 0, 433, 0
2026/08/10 03:22:04.969, 1, 1629, 29
2026/08/10 03:22:05.969, 0, 433, 0
2026/08/10 03:22:05.969, 1, 1629, 25
2026/08/10 03:22:06.970, 0, 433, 0
2026/08/10 03:22:06.970, 1, 1629, 27
2026/08/10 03:22:07.970, 0, 433, 0
2026/08/10 03:22:07.970, 1, 1629, 26
2026/08/10 03:22:08.970, 0, 433, 0
2026/08/10 03:22:08.971, 1, 1629, 25
2026/08/10 03:22:09.971, 0, 433, 0
2026/08/10 03:22:09.971, 1, 1629, 28
2026/08/10 03:22:10.971, 0, 433, 0
2026/08/10 03:22:10.971, 1, 1629, 27
2026/08/10 03:22:11.972, 0, 433, 0
2026/08/10 03:22:11.972, 1, 1629, 9
2026/08/10 03:22:12.972, 0, 433, 0
2026/08/10 03:22:12.972, 1, 1629, 28
2026/08/10 03:22:13.972, 0, 433, 0
2026/08/10 03:22:13.973, 1, 1629, 19
2026/08/10 03:22:14.973, 0, 433, 0
2026/08/10 03:22:14.973, 1, 1629, 25
2026/08/10 03:22:15.973, 0, 433, 0
2026/08/10 03:22:15.973, 1, 1629, 28
2026/08/10 03:22:16.974, 0, 433, 0
2026/08/10 03:22:16.974, 1, 1629, 24
2026/08/10 03:22:17.974, 0, 433, 0
2026/08/10 03:22:17.974, 1, 1629, 25
2026/08/10 03:22:18.974, 0, 433, 0
2026/08/10 03:22:18.975, 1, 1629, 27
2026/08/10 03:22:19.975, 0, 433, 0
2026/08/10 03:22:19.975, 1, 1629, 25
2026/08/10 03:22:20.975, 0, 433, 0
2026/08/10 03:22:20.975, 1, 1629, 26
2026/08/10 03:22:21.976, 0, 433, 0
2026/08/10 03:22:21.976, 1, 1629, 26
2026/08/10 03:22:22.976, 0, 433, 0
2026/08/10 03:22:22.976, 1, 1629, 27
2026/08/10 03:22:23.976, 0, 433, 0
2026/08/10 03:22:23.977, 1, 1629, 27
2026/08/10 03:22:24.977, 0, 433, 0
2026/08/10 03:22:24.977, 1, 1629, 0
2026/08/10 03:22:25.977, 0, 433, 0
2026/08/10 03:22:25.977, 1, 1629, 26
2026/08/10 03:22:26.978, 0, 433, 0
2026/08/10 03:22:26.978, 1, 1629, 26
2026/08/10 03:22:27.978, 0, 433, 0
2026/08/10 03:22:27.978, 1, 1629, 25
2026/08/10 03:22:28.978, 0, 433, 0
2026/08/10 03:22:28.979, 1, 1629, 29
2026/08/10 03:22:29.979, 0, 433, 0
2026/08/10 03:22:29.979, 1, 1629, 25
2026/08/10 03:22:30.979, 0, 433, 0
2026/08/10 03:22:30.979, 1, 1629, 25
2026/08/10 03:22:31.980, 0, 433, 0
2026/08/10 03:22:31.980, 1, 1629, 27
2026/08/10 03:22:32.980, 0, 433, 0
2026/08/10 03:22:32.980, 1, 1629, 27
2026/08/10 03:22:33.980, 0, 433, 0
2026/08/10 03:22:33.981, 1, 1629, 26
2026/08/10 03:22:34.981, 0, 433, 0
2026/08/10 03:22:34.981, 1, 1629, 28
2026/08/10 03:22:35.981, 0, 433, 0
2026/08/10 03:22:35.981, 1, 1629, 12
2026/08/10 03:22:36.982, 0, 433, 0
2026/08/10 03:22:36.982, 1, 1629, 25
2026/08/10 03:22:37.982, 0, 433, 0
2026/08/10 03:22:37.982, 1, 1629, 28
2026/08/10 03:22:38.982, 0, 433, 0
2026/08/10 03:22:38.983, 1, 1629, 25
2026/08/10 03:22:39.983, 0, 433, 0
2026/08/10 03:22:39.983, 1, 1629, 26
2026/08/10 03:22:40.983, 0, 433, 0
2026/08/10 03:22:40.983, 1, 1629, 27
2026/08/10 03:22:41.983, 0, 433, 0
2026/08/10 03:22:41.984, 1, 1629, 26
2026/08/10 03:22:42.984, 0, 433, 0
2026/08/10 03:22:42.984, 1, 1629, 29
2026/08/10 03:22:43.984, 0, 433, 0
2026/08/10 03:22:43.984, 1, 1629, 27
2026/08/10 03:22:44.985, 0, 433, 0
2026/08/10 03:22:44.985, 1, 1629, 25
2026/08/10 03:22:45.985, 0, 433, 0
2026/08/10 03:22:45.985, 1, 1629, 26
2026/08/10 03:22:46.987, 0, 433, 0
2026/08/10 03:22:46.988, 1, 1629, 26
2026/08/10 03:22:47.988, 0, 433, 0
2026/08/10 03:22:47.988, 1, 1629, 25
2026/08/10 03:22:48.988, 0, 433, 0
2026/08/10 03:22:48.988, 1, 1629, 27
2026/08/10 03:22:49.989, 0, 433, 0
2026/08/10 03:22:49.989, 1, 1629, 26
2026/08/10 03:22:50.989, 0, 433, 0
2026/08/10 03:22:50.989, 1, 1629, 9
2026/08/10 03:22:51.989, 0, 433, 0
2026/08/10 03:22:51.990, 1, 1629, 27
2026/08/10 03:22:52.990, 0, 433, 0
2026/08/10 03:22:52.990, 1, 1629, 27
2026/08/10 03:22:53.990, 0, 433, 0
2026/08/10 03:22:53.990, 1, 1629, 27
2026/08/10 03:22:54.990, 0, 433, 0
2026/08/10 03:22:54.991, 1, 1629, 30
2026/08/10 03:22:55.991, 0, 433, 0
2026/08/10 03:22:55.991, 1, 1629, 29
2026/08/10 03:22:56.991, 0, 433, 0
2026/08/10 03:22:56.991, 1, 1629, 26
2026/08/10 03:22:57.992, 0, 433, 0
2026/08/10 03:22:57.992, 1, 1629, 26
2026/08/10 03:22:58.992, 0, 433, 0
2026/08/10 03:22:58.992, 1, 1629, 25
2026/08/10 03:22:59.992, 0, 433, 0
2026/08/10 03:22:59.993, 1, 1629, 27
2026/08/10 03:23:00.993, 0, 433, 1
2026/08/10 03:23:00.993, 1, 1629, 28
2026/08/10 03:23:01.993, 0, 433, 0
2026/08/10 03:23:01.993, 1, 1629, 27
2026/08/10 03:23:02.993, 0, 433, 0
2026/08/10 03:23:02.994, 1, 1629, 24
2026/08/10 03:23:03.994, 0, 433, 0
2026/08/10 03:23:03.994, 1, 1629, 24
2026/08/10 03:23:04.994, 0, 433, 0
2026/08/10 03:23:04.994, 1, 1629, 27
2026/08/10 03:23:05.995, 0, 433, 0
2026/08/10 03:23:05.995, 1, 1629, 24
2026/08/10 03:23:06.995, 0, 433, 0
2026/08/10 03:23:06.995, 1, 1629, 26
2026/08/10 03:23:07.995, 0, 433, 0
2026/08/10 03:23:07.995, 1, 1629, 26
2026/08/10 03:23:08.996, 0, 433, 0
2026/08/10 03:23:08.996, 1, 1629, 22
2026/08/10 03:23:09.996, 0, 433, 0
2026/08/10 03:23:09.996, 1, 1629, 27
2026/08/10 03:23:10.996, 0, 433, 0
2026/08/10 03:23:10.997, 1, 1629, 29
2026/08/10 03:23:11.997, 0, 433, 0
2026/08/10 03:23:11.997, 1, 1629, 26
2026/08/10 03:23:12.997, 0, 433, 0
2026/08/10 03:23:12.997, 1, 1629, 30
2026/08/10 03:23:13.998, 0, 433, 0
2026/08/10 03:23:13.998, 1, 1629, 25
2026/08/10 03:23:14.998, 0, 433, 0
2026/08/10 03:23:14.998, 1, 1629, 26
2026/08/10 03:23:15.999, 0, 433, 0
2026/08/10 03:23:15.999, 1, 1629, 28
2026/08/10 03:23:16.999, 0, 433, 0
2026/08/10 03:23:16.999, 1, 1629, 28
2026/08/10 03:23:17.999, 0, 433, 0
2026/08/10 03:23:18.000, 1, 1629, 24
2026/08/10 03:23:19.000, 0, 433, 0
2026/08/10 03:23:19.000, 1, 1629, 28
2026/08/10 03:23:20.000, 0, 433, 0
2026/08/10 03:23:20.000, 1, 1629, 31
2026/08/10 03:23:21.001, 0, 433, 0
2026/08/10 03:23:21.001, 1, 1629, 25
2026/08/10 03:23:22.001, 0, 433, 0
2026/08/10 03:23:22.001, 1, 1629, 11
2026/08/10 03:23:23.001, 0, 433, 0
2026/08/10 03:23:23.002, 1, 1629, 26
2026/08/10 03:23:24.002, 0, 433, 0
2026/08/10 03:23:24.002, 1, 1629, 19
2026/08/10 03:23:25.002, 0, 433, 0
2026/08/10 03:23:25.002, 1, 1629, 25
2026/08/10 03:23:26.003, 0, 433, 0
2026/08/10 03:23:26.003, 1, 1629, 28
2026/08/10 03:23:27.003, 0, 433, 0
2026/08/10 03:23:27.003, 1, 1629, 26
2026/08/10 03:23:28.003, 0, 433, 0
2026/08/10 03:23:28.004, 1, 1629, 28
2026/08/10 03:23:29.004, 0, 433, 0
2026/08/10 03:23:29.004, 1, 1629, 28
2026/08/10 03:23:30.004, 0, 433, 0
2026/08/10 03:23:30.004, 1, 1629, 28
2026/08/10 03:23:31.005, 0, 433, 0
2026/08/10 03:23:31.005, 1, 1629, 26
2026/08/10 03:23:32.005, 0, 433, 0
2026/08/10 03:23:32.005, 1, 1629, 25
2026/08/10 03:23:33.005, 0, 433, 0
2026/08/10 03:23:33.006, 1, 1629, 25
2026/08/10 03:23:34.006, 0, 433, 0
2026/08/10 03:23:34.006, 1, 1629, 26
2026/08/10 03:23:35.006, 0, 433, 0
2026/08/10 03:23:35.006, 1, 1629, 3
2026/08/10 03:23:36.007, 0, 433, 0
2026/08/10 03:23:36.007, 1, 1629, 23
2026/08/10 03:23:37.007, 0, 433, 0
2026/08/10 03:23:37.007, 1, 1629, 25
2026/08/10 03:23:38.007, 0, 433, 0
2026/08/10 03:23:38.008, 1, 1629, 23
2026/08/10 03:23:39.008, 0, 433, 0
2026/08/10 03:23:39.008, 1, 1629, 25
2026/08/10 03:23:40.008, 0, 433, 0
2026/08/10 03:23:40.008, 1, 1629, 26
2026/08/10 03:23:41.008, 0, 433, 0
2026/08/10 03:23:41.009, 1, 1629, 26
2026/08/10 03:23:42.009, 0, 433, 0
2026/08/10 03:23:42.009, 1, 1629, 27
2026/08/10 03:23:43.009, 0, 433, 0
2026/08/10 03:23:43.009, 1, 1629, 16
2026/08/10 03:23:44.009, 0, 433, 0
2026/08/10 03:23:44.010, 1, 1629, 26
2026/08/10 03:23:45.010, 0, 433, 0
2026/08/10 03:23:45.010, 1, 1629, 26
2026/08/10 03:23:46.010, 0, 433, 0
2026/08/10 03:23:46.010, 1, 1629, 27
2026/08/10 03:23:47.010, 0, 433, 0
2026/08/10 03:23:47.011, 1, 1629, 29
2026/08/10 03:23:48.011, 0, 433, 0
2026/08/10 03:23:48.011, 1, 1629, 24
2026/08/10 03:23:49.011, 0, 433, 0
2026/08/10 03:23:49.011, 1, 1629, 25
2026/08/10 03:23:50.011, 0, 433, 0
2026/08/10 03:23:50.012, 1, 1629, 25
2026/08/10 03:23:51.012, 0, 433, 0
2026/08/10 03:23:51.012, 1, 1629, 26
2026/08/10 03:23:52.012, 0, 433, 0
2026/08/10 03:23:52.012, 1, 1629, 25
2026/08/10 03:23:53.012, 0, 433, 0
2026/08/10 03:23:53.013, 1, 1629, 27
2026/08/10 03:23:54.013, 0, 433, 0
2026/08/10 03:23:54.013, 1, 1629, 5
2026/08/10 03:23:55.013, 0, 433, 0
2026/08/10 03:23:55.013, 1, 1629, 25
2026/08/10 03:23:56.013, 0, 433, 0
2026/08/10 03:23:56.014, 1, 1629, 22
2026/08/10 03:23:57.014, 0, 433, 0
2026/08/10 03:23:57.014, 1, 1629, 27
2026/08/10 03:23:58.014, 0, 433, 0
2026/08/10 03:23:58.014, 1, 1629, 27
2026/08/10 03:23:59.014, 0, 433, 0
2026/08/10 03:23:59.015, 1, 1629, 24
2026/08/10 03:24:00.015, 0, 433, 0
2026/08/10 03:24:00.015, 1, 1629, 27
2026/08/10 03:24:01.015, 0, 433, 2
2026/08/10 03:24:01.015, 1, 1629, 29
2026/08/10 03:24:02.015, 0, 433, 0
2026/08/10 03:24:02.015, 1, 1629, 27
2026/08/10 03:24:03.016, 0, 433, 0
2026/08/10 03:24:03.016, 1, 1629, 2
2026/08/10 03:24:04.016, 0, 433, 0
2026/08/10 03:24:04.016, 1, 1629, 25
2026/08/10 03:24:05.016, 0, 433, 0
2026/08/10 03:24:05.017, 1, 1629, 26
2026/08/10 03:24:06.017, 0, 433, 0
2026/08/10 03:24:06.017, 1, 1629, 27
2026/08/10 03:24:07.017, 0, 433, 0
2026/08/10 03:24:07.017, 1, 1629, 27
2026/08/10 03:24:08.017, 0, 433, 0
2026/08/10 03:24:08.018, 1, 1629, 25
2026/08/10 03:24:09.018, 0, 433, 0
2026/08/10 03:24:09.018, 1, 1629, 31
2026/08/10 03:24:10.018, 0, 433, 0
2026/08/10 03:24:10.018, 1, 1629, 29
2026/08/10 03:24:11.018, 0, 433, 0
2026/08/10 03:24:11.019, 1, 1629, 26
2026/08/10 03:24:12.019, 0, 433, 0
2026/08/10 03:24:12.019, 1, 1629, 27
2026/08/10 03:24:13.019, 0, 433, 0
2026/08/10 03:24:13.019, 1, 1629, 25
2026/08/10 03:24:14.019, 0, 433, 0
2026/08/10 03:24:14.020, 1, 1629, 25
2026/08/10 03:24:15.020, 0, 433, 0
2026/08/10 03:24:15.020, 1, 1629, 28
2026/08/10 03:24:16.020, 0, 433, 0
2026/08/10 03:24:16.020, 1, 1629, 24
2026/08/10 03:24:17.021, 0, 433, 0
2026/08/10 03:24:17.021, 1, 1629, 27
2026/08/10 03:24:18.021, 0, 433, 0
2026/08/10 03:24:18.021, 1, 1629, 27
2026/08/10 03:24:19.021, 0, 433, 0
2026/08/10 03:24:19.022, 1, 1629, 24
2026/08/10 03:24:20.022, 0, 433, 0
2026/08/10 03:24:20.022, 1, 1629, 26
2026/08/10 03:24:21.022, 0, 433, 0
2026/08/10 03:24:21.022, 1, 1629, 26
2026/08/10 03:24:22.023, 0, 433, 0
2026/08/10 03:24:22.023, 1, 1629, 24
2026/08/10 03:24:23.023, 0, 433, 0
2026/08/10 03:24:23.023, 1, 1629, 24
2026/08/10 03:24:24.023, 0, 433, 0
2026/08/10 03:24:24.024, 1, 1629, 29
2026/08/10 03:24:25.024, 0, 433, 0
2026/08/10 03:24:25.024, 1, 1629, 25
2026/08/10 03:24:26.024, 0, 433, 0
2026/08/10 03:24:26.024, 1, 1629, 25
2026/08/10 03:24:27.025, 0, 433, 0
2026/08/10 03:24:27.025, 1, 1629, 2
2026/08/10 03:24:28.025, 0, 433, 0
2026/08/10 03:24:28.025, 1, 1629, 26
2026/08/10 03:24:29.025, 0, 433, 0
2026/08/10 03:24:29.026, 1, 1629, 29
2026/08/10 03:24:30.026, 0, 433, 0
2026/08/10 03:24:30.026, 1, 1629, 26
2026/08/10 03:24:31.026, 0, 433, 0
2026/08/10 03:24:31.027, 1, 1629, 25
2026/08/10 03:24:32.027, 0, 433, 0
2026/08/10 03:24:32.027, 1, 1629, 25
2026/08/10 03:24:33.027, 0, 433, 0
2026/08/10 03:24:33.027, 1, 1629, 27
2026/08/10 03:24:34.028, 0, 433, 0
2026/08/10 03:24:34.028, 1, 1629, 29
2026/08/10 03:24:35.028, 0, 433, 0
2026/08/10 03:24:35.028, 1, 1629, 25
2026/08/10 03:24:36.028, 0, 433, 0
2026/08/10 03:24:36.029, 1, 1629, 25
2026/08/10 03:24:37.029, 0, 433, 0
2026/08/10 03:24:37.029, 1, 1629, 25
2026/08/10 03:24:38.029, 0, 433, 0
2026/08/10 03:24:38.029, 1, 1629, 11
2026/08/10 03:24:39.029, 0, 433, 0
2026/08/10 03:24:39.030, 1, 1629, 20
2026/08/10 03:24:40.030, 0, 433, 0
2026/08/10 03:24:40.030, 1, 1629, 0
2026/08/10 03:24:41.030, 0, 433, 0
2026/08/10 03:24:41.030, 1, 1629, 18
2026/08/10 03:24:42.031, 0, 433, 0
2026/08/10 03:24:42.032, 1, 1629, 24
2026/08/10 03:24:43.032, 0, 433, 0
2026/08/10 03:24:43.032, 1, 1629, 20
2026/08/10 03:24:44.032, 0, 433, 0
2026/08/10 03:24:44.032, 1, 1629, 22
2026/08/10 03:24:45.032, 0, 433, 0
2026/08/10 03:24:45.033, 1, 1629, 22
2026/08/10 03:24:46.033, 0, 433, 0
2026/08/10 03:24:46.033, 1, 1629, 23
2026/08/10 03:24:47.033, 0, 433, 0
2026/08/10 03:24:47.033, 1, 1629, 20
2026/08/10 03:24:48.033, 0, 433, 0
2026/08/10 03:24:48.034, 1, 1629, 22
2026/08/10 03:24:49.034, 0, 433, 0
2026/08/10 03:24:49.034, 1, 1629, 22
2026/08/10 03:24:50.034, 0, 433, 0
2026/08/10 03:24:50.034, 1, 1629, 22
2026/08/10 03:24:51.034, 0, 433, 0
2026/08/10 03:24:51.035, 1, 1629, 25
2026/08/10 03:24:52.035, 0, 433, 0
2026/08/10 03:24:52.035, 1, 1629, 23
2026/08/10 03:24:53.035, 0, 433, 0
2026/08/10 03:24:53.035, 1, 1629, 20
2026/08/10 03:24:54.035, 0, 433, 0
2026/08/10 03:24:54.036, 1, 1629, 23
2026/08/10 03:24:55.036, 0, 433, 0
2026/08/10 03:24:55.036, 1, 1629, 7
2026/08/10 03:24:56.036, 0, 433, 0
2026/08/10 03:24:56.036, 1, 1629, 25
2026/08/10 03:24:57.037, 0, 433, 0
2026/08/10 03:24:57.037, 1, 1629, 20
2026/08/10 03:24:58.037, 0, 433, 0
2026/08/10 03:24:58.037, 1, 1629, 24
2026/08/10 03:24:59.037, 0, 433, 0
2026/08/10 03:24:59.037, 1, 1629, 21
2026/08/10 03:25:00.038, 0, 433, 0
2026/08/10 03:25:00.038, 1, 1629, 22
2026/08/10 03:25:01.038, 0, 433, 0
2026/08/10 03:25:01.038, 1, 1629, 19
2026/08/10 03:25:02.038, 0, 433, 0
2026/08/10 03:25:02.038, 1, 1629, 20
2026/08/10 03:25:03.039, 0, 433, 0
2026/08/10 03:25:03.039, 1, 1629, 26
2026/08/10 03:25:04.039, 0, 433, 0
2026/08/10 03:25:04.039, 1, 1629, 32
2026/08/10 03:25:05.039, 0, 433, 0
2026/08/10 03:25:05.040, 1, 1629, 24
2026/08/10 03:25:06.040, 0, 433, 0
2026/08/10 03:25:06.040, 1, 1629, 27
2026/08/10 03:25:07.040, 0, 433, 0
2026/08/10 03:25:07.040, 1, 1629, 25
2026/08/10 03:25:08.040, 0, 433, 0
2026/08/10 03:25:08.041, 1, 1629, 24
2026/08/10 03:25:09.041, 0, 433, 0
2026/08/10 03:25:09.041, 1, 1629, 3
2026/08/10 03:25:10.041, 0, 433, 0
2026/08/10 03:25:10.041, 1, 1629, 26
2026/08/10 03:25:11.041, 0, 433, 0
2026/08/10 03:25:11.042, 1, 1629, 3
2026/08/10 03:25:12.042, 0, 433, 0
2026/08/10 03:25:12.042, 1, 1629, 29
2026/08/10 03:25:13.042, 0, 433, 0
2026/08/10 03:25:13.042, 1, 1629, 36
2026/08/10 03:25:14.043, 0, 433, 0
2026/08/10 03:25:14.043, 1, 1629, 6
2026/08/10 03:25:15.043, 0, 433, 0
2026/08/10 03:25:15.043, 1, 1629, 24
2026/08/10 03:25:16.043, 0, 433, 0
2026/08/10 03:25:16.043, 1, 1629, 29
2026/08/10 03:25:17.044, 0, 433, 0
2026/08/10 03:25:17.044, 1, 1629, 28
2026/08/10 03:25:18.044, 0, 433, 0
2026/08/10 03:25:18.044, 1, 1629, 27
2026/08/10 03:25:19.044, 0, 433, 0
2026/08/10 03:25:19.045, 1, 1629, 26
2026/08/10 03:25:20.045, 0, 433, 0
2026/08/10 03:25:20.045, 1, 1629, 28
2026/08/10 03:25:21.045, 0, 433, 0
2026/08/10 03:25:21.045, 1, 1629, 25
2026/08/10 03:25:22.045, 0, 433, 0
2026/08/10 03:25:22.046, 1, 1629, 25
2026/08/10 03:25:23.046, 0, 433, 0
2026/08/10 03:25:23.046, 1, 1629, 21
2026/08/10 03:25:24.046, 0, 433, 0
2026/08/10 03:25:24.046, 1, 1629, 23
2026/08/10 03:25:25.046, 0, 433, 0
2026/08/10 03:25:25.047, 1, 1629, 23
2026/08/10 03:25:26.047, 0, 433, 0
2026/08/10 03:25:26.047, 1, 1629, 25
2026/08/10 03:25:27.047, 0, 433, 0
2026/08/10 03:25:27.047, 1, 1629, 23
2026/08/10 03:25:28.047, 0, 433, 0
2026/08/10 03:25:28.048, 1, 1629, 24
2026/08/10 03:25:29.048, 0, 433, 0
2026/08/10 03:25:29.048, 1, 1629, 18
2026/08/10 03:25:30.048, 0, 433, 0
2026/08/10 03:25:30.048, 1, 1629, 3
2026/08/10 03:25:31.048, 0, 433, 0
2026/08/10 03:25:31.049, 1, 1629, 21
2026/08/10 03:25:32.049, 0, 433, 0
2026/08/10 03:25:32.049, 1, 1629, 20
2026/08/10 03:25:33.049, 0, 433, 0
2026/08/10 03:25:33.049, 1, 1629, 22
2026/08/10 03:25:34.049, 0, 433, 0
2026/08/10 03:25:34.050, 1, 1629, 19
2026/08/10 03:25:35.050, 0, 433, 0
2026/08/10 03:25:35.050, 1, 1629, 25
2026/08/10 03:25:36.050, 0, 433, 0
2026/08/10 03:25:36.050, 1, 1629, 22
2026/08/10 03:25:37.050, 0, 433, 0
2026/08/10 03:25:37.051, 1, 1629, 23
2026/08/10 03:25:38.051, 0, 433, 0
2026/08/10 03:25:38.051, 1, 1629, 21
2026/08/10 03:25:39.051, 0, 433, 0
2026/08/10 03:25:39.051, 1, 1629, 21
2026/08/10 03:25:40.052, 0, 433, 0
2026/08/10 03:25:40.052, 1, 1629, 19
2026/08/10 03:25:41.052, 0, 433, 0
2026/08/10 03:25:41.052, 1, 1629, 24
2026/08/10 03:25:42.052, 0, 433, 0
2026/08/10 03:25:42.052, 1, 1629, 22
2026/08/10 03:25:43.053, 0, 433, 0
2026/08/10 03:25:43.053, 1, 1629, 24
2026/08/10 03:25:44.053, 0, 433, 0
2026/08/10 03:25:44.053, 1, 1629, 18
2026/08/10 03:25:45.053, 0, 433, 0
2026/08/10 03:25:45.054, 1, 1629, 25
2026/08/10 03:25:46.054, 0, 433, 0
2026/08/10 03:25:46.054, 1, 1629, 20
2026/08/10 03:25:47.054, 0, 433, 0
2026/08/10 03:25:47.054, 1, 1629, 21
2026/08/10 03:25:48.054, 0, 433, 0
2026/08/10 03:25:48.055, 1, 1629, 21
2026/08/10 03:25:49.055, 0, 433, 0
2026/08/10 03:25:49.055, 1, 1629, 22
2026/08/10 03:25:50.055, 0, 433, 0
2026/08/10 03:25:50.055, 1, 1629, 23
2026/08/10 03:25:51.055, 0, 433, 0
2026/08/10 03:25:51.056, 1, 1629, 20
2026/08/10 03:25:52.056, 0, 433, 0
2026/08/10 03:25:52.056, 1, 1629, 24
2026/08/10 03:25:53.056, 0, 433, 0
2026/08/10 03:25:53.056, 1, 1629, 23
2026/08/10 03:25:54.056, 0, 433, 0
2026/08/10 03:25:54.057, 1, 1629, 24
2026/08/10 03:25:55.057, 0, 433, 0
2026/08/10 03:25:55.057, 1, 1629, 23
2026/08/10 03:25:56.057, 0, 433, 0
2026/08/10 03:25:56.057, 1, 1629, 25
2026/08/10 03:25:57.057, 0, 433, 0
2026/08/10 03:25:57.058, 1, 1629, 26
2026/08/10 03:25:58.058, 0, 433, 0
2026/08/10 03:25:58.058, 1, 1629, 9
2026/08/10 03:25:59.058, 0, 433, 0
2026/08/10 03:25:59.058, 1, 1629, 20
2026/08/10 03:26:00.058, 0, 433, 0
2026/08/10 03:26:00.059, 1, 1629, 16
2026/08/10 03:26:01.059, 0, 433, 0
2026/08/10 03:26:01.059, 1, 1629, 21
2026/08/10 03:26:02.059, 0, 433, 0
2026/08/10 03:26:02.059, 1, 1629, 23
2026/08/10 03:26:03.060, 0, 433, 0
2026/08/10 03:26:03.060, 1, 1629, 34
2026/08/10 03:26:04.060, 0, 433, 0
2026/08/10 03:26:04.060, 1, 1629, 42
2026/08/10 03:26:05.060, 0, 433, 0
2026/08/10 03:26:05.061, 1, 1629, 9
2026/08/10 03:26:06.061, 0, 433, 0
2026/08/10 03:26:06.061, 1, 1629, 42
2026/08/10 03:26:07.061, 0, 433, 0
2026/08/10 03:26:07.061, 1, 1629, 39
2026/08/10 03:26:08.061, 0, 433, 0
2026/08/10 03:26:08.062, 1, 1629, 39
2026/08/10 03:26:09.062, 0, 433, 0
2026/08/10 03:26:09.062, 1, 1629, 39
2026/08/10 03:26:10.062, 0, 433, 0
2026/08/10 03:26:10.062, 1, 1629, 40
2026/08/10 03:26:11.062, 0, 433, 0
2026/08/10 03:26:11.063, 1, 1629, 35
2026/08/10 03:26:12.063, 0, 433, 0
2026/08/10 03:26:12.063, 1, 1629, 41
2026/08/10 03:26:13.063, 0, 433, 0
2026/08/10 03:26:13.063, 1, 1629, 43
2026/08/10 03:26:14.063, 0, 433, 0
2026/08/10 03:26:14.064, 1, 1629, 42
2026/08/10 03:26:15.064, 0, 433, 0
2026/08/10 03:26:15.064, 1, 1629, 44
2026/08/10 03:26:16.064, 0, 433, 0
2026/08/10 03:26:16.064, 1, 1629, 33
2026/08/10 03:26:17.065, 0, 433, 0
2026/08/10 03:26:17.065, 1, 1629, 40
2026/08/10 03:26:18.065, 0, 433, 0
2026/08/10 03:26:18.065, 1, 1629, 26
2026/08/10 03:26:19.065, 0, 433, 0
2026/08/10 03:26:19.065, 1, 1629, 0
2026/08/10 03:26:20.066, 0, 433, 0
2026/08/10 03:26:20.066, 1, 1629, 34
2026/08/10 03:26:21.066, 0, 433, 0
2026/08/10 03:26:21.066, 1, 1629, 37
2026/08/10 03:26:22.066, 0, 433, 0
2026/08/10 03:26:22.066, 1, 1629, 39
2026/08/10 03:26:23.067, 0, 433, 0
2026/08/10 03:26:23.067, 1, 1629, 15
2026/08/10 03:26:24.067, 0, 433, 0
2026/08/10 03:26:24.067, 1, 1629, 42
2026/08/10 03:26:25.067, 0, 433, 0
2026/08/10 03:26:25.067, 1, 1629, 34
2026/08/10 03:26:26.068, 0, 433, 0
2026/08/10 03:26:26.068, 1, 1629, 30
2026/08/10 03:26:27.068, 0, 433, 0
2026/08/10 03:26:27.068, 1, 1629, 23
2026/08/10 03:26:28.068, 0, 433, 0
2026/08/10 03:26:28.069, 1, 1629, 25
2026/08/10 03:26:29.069, 0, 465, 0
2026/08/10 03:26:29.069, 1, 1661, 29
2026/08/10 03:26:30.069, 0, 1815, 3
2026/08/10 03:26:30.069, 1, 3011, 53
2026/08/10 03:26:31.070, 0, 3223, 60
2026/08/10 03:26:31.070, 1, 4451, 30
2026/08/10 03:26:32.070, 0, 3287, 72
2026/08/10 03:26:32.071, 1, 6147, 84
2026/08/10 03:26:33.071, 0, 3479, 87
2026/08/10 03:26:33.071, 1, 6179, 100
2026/08/10 03:26:34.071, 0, 3577, 85
2026/08/10 03:26:34.071, 1, 6339, 24
2026/08/10 03:26:35.071, 0, 3577, 85
2026/08/10 03:26:35.072, 1, 6307, 75
2026/08/10 03:26:36.072, 0, 3577, 70
2026/08/10 03:26:36.072, 1, 6307, 72
2026/08/10 03:26:37.072, 0, 3577, 80
2026/08/10 03:26:37.073, 1, 6307, 95
2026/08/10 03:26:38.073, 0, 3577, 79
2026/08/10 03:26:38.073, 1, 6819, 91
2026/08/10 03:26:39.073, 0, 3577, 82
2026/08/10 03:26:39.073, 1, 6819, 91
2026/08/10 03:26:40.074, 0, 3577, 83
2026/08/10 03:26:40.074, 1, 7233, 93
2026/08/10 03:26:41.074, 0, 3577, 74
2026/08/10 03:26:41.074, 1, 7235, 92
2026/08/10 03:26:42.074, 0, 3577, 80
2026/08/10 03:26:42.075, 1, 7235, 68
2026/08/10 03:26:43.075, 0, 3577, 1
2026/08/10 03:26:43.075, 1, 7235, 9
2026/08/10 03:26:44.075, 0, 3577, 33
2026/08/10 03:26:44.076, 1, 7235, 79
2026/08/10 03:26:45.076, 0, 3577, 12
2026/08/10 03:26:45.076, 1, 7235, 47
2026/08/10 03:26:46.076, 0, 4121, 58
2026/08/10 03:26:46.077, 1, 7235, 93
2026/08/10 03:26:47.077, 0, 7193, 65
2026/08/10 03:26:47.078, 1, 7747, 99
2026/08/10 03:26:48.078, 0, 6681, 34
2026/08/10 03:26:48.078, 1, 10883, 83
2026/08/10 03:26:49.078, 0, 9209, 63
2026/08/10 03:26:49.078, 1, 11907, 100
2026/08/10 03:26:50.079, 0, 9209, 46
2026/08/10 03:26:50.079, 1, 11907, 81
2026/08/10 03:26:51.079, 0, 9209, 56
2026/08/10 03:26:51.080, 1, 12931, 95
2026/08/10 03:26:52.080, 0, 9209, 98
2026/08/10 03:26:52.080, 1, 12931, 86
2026/08/10 03:26:53.080, 0, 9209, 64
2026/08/10 03:26:53.081, 1, 12931, 96
2026/08/10 03:26:54.081, 0, 9209, 100
2026/08/10 03:26:54.081, 1, 12931, 96
2026/08/10 03:26:55.082, 0, 9209, 56
2026/08/10 03:26:55.082, 1, 12931, 47
2026/08/10 03:26:56.082, 0, 9209, 80
2026/08/10 03:26:56.083, 1, 12931, 100
2026/08/10 03:26:57.083, 0, 9209, 100
2026/08/10 03:26:57.083, 1, 13155, 48
2026/08/10 03:26:58.083, 0, 9273, 76
2026/08/10 03:26:58.084, 1, 13155, 78
2026/08/10 03:26:59.084, 0, 9273, 87
2026/08/10 03:26:59.084, 1, 13155, 81
2026/08/10 03:27:00.084, 0, 9273, 75
2026/08/10 03:27:00.084, 1, 13155, 97
2026/08/10 03:27:01.085, 0, 9273, 57
2026/08/10 03:27:01.085, 1, 13155, 98
2026/08/10 03:27:02.085, 0, 9273, 57
2026/08/10 03:27:02.086, 1, 14211, 63
2026/08/10 03:27:03.086, 0, 9273, 92
2026/08/10 03:27:03.086, 1, 14211, 64
2026/08/10 03:27:04.086, 0, 10329, 75
2026/08/10 03:27:04.087, 1, 14211, 95
2026/08/10 03:27:05.087, 0, 10329, 78
2026/08/10 03:27:05.087, 1, 15203, 93
2026/08/10 03:27:06.087, 0, 11321, 56
2026/08/10 03:27:06.088, 1, 15203, 88
2026/08/10 03:27:07.088, 0, 11353, 95
2026/08/10 03:27:07.088, 1, 15203, 78
2026/08/10 03:27:08.088, 0, 11353, 75
2026/08/10 03:27:08.088, 1, 15171, 74
2026/08/10 03:27:09.089, 0, 11353, 100
2026/08/10 03:27:09.089, 1, 15171, 72
2026/08/10 03:27:10.089, 0, 11321, 62
2026/08/10 03:27:10.089, 1, 15171, 13
2026/08/10 03:27:11.089, 0, 11321, 79
2026/08/10 03:27:11.090, 1, 15171, 81
2026/08/10 03:27:12.090, 0, 13369, 100
2026/08/10 03:27:12.090, 1, 15171, 100
2026/08/10 03:27:13.090, 0, 13369, 90
2026/08/10 03:27:13.091, 1, 15171, 80
2026/08/10 03:27:14.091, 0, 13369, 70
2026/08/10 03:27:14.091, 1, 15171, 86
2026/08/10 03:27:15.091, 0, 13369, 84
2026/08/10 03:27:15.092, 1, 15171, 99
2026/08/10 03:27:16.092, 0, 13465, 100
2026/08/10 03:27:16.092, 1, 15171, 71
2026/08/10 03:27:17.092, 0, 13465, 0
2026/08/10 03:27:17.092, 1, 15171, 97
2026/08/10 03:27:18.092, 0, 13465, 78
2026/08/10 03:27:18.093, 1, 15171, 89
2026/08/10 03:27:19.093, 0, 15513, 79
2026/08/10 03:27:19.093, 1, 15171, 77
2026/08/10 03:27:20.094, 0, 15545, 70
2026/08/10 03:27:20.094, 1, 15171, 66
2026/08/10 03:27:21.094, 0, 15545, 68
2026/08/10 03:27:21.094, 1, 15171, 28
2026/08/10 03:27:22.094, 0, 15545, 62
2026/08/10 03:27:22.095, 1, 15171, 52
2026/08/10 03:27:23.095, 0, 15545, 88
2026/08/10 03:27:23.095, 1, 15171, 85
2026/08/10 03:27:24.095, 0, 15545, 89
2026/08/10 03:27:24.095, 1, 15171, 83
2026/08/10 03:27:25.096, 0, 15545, 82
2026/08/10 03:27:25.096, 1, 15171, 71
2026/08/10 03:27:26.096, 0, 15545, 90
2026/08/10 03:27:26.097, 1, 15171, 36
2026/08/10 03:27:27.097, 0, 15545, 85
2026/08/10 03:27:27.097, 1, 15171, 100
2026/08/10 03:27:28.097, 0, 15545, 80
2026/08/10 03:27:28.098, 1, 15171, 75
2026/08/10 03:27:29.098, 0, 15545, 84
2026/08/10 03:27:29.098, 1, 15171, 42
2026/08/10 03:27:30.098, 0, 15545, 96
2026/08/10 03:27:30.099, 1, 15171, 85
2026/08/10 03:27:31.099, 0, 15545, 75
2026/08/10 03:27:31.099, 1, 15235, 100
2026/08/10 03:27:32.099, 0, 15545, 93
2026/08/10 03:27:32.100, 1, 15235, 79
2026/08/10 03:27:33.100, 0, 15545, 73
2026/08/10 03:27:33.100, 1, 17283, 100
2026/08/10 03:27:34.100, 0, 15545, 65
2026/08/10 03:27:34.100, 1, 17283, 62
2026/08/10 03:27:35.101, 0, 15545, 60
2026/08/10 03:27:35.101, 1, 17283, 32
2026/08/10 03:27:36.101, 0, 15545, 91
2026/08/10 03:27:36.102, 1, 17283, 100
2026/08/10 03:27:37.102, 0, 15545, 100
2026/08/10 03:27:37.102, 1, 17283, 93
2026/08/10 03:27:38.102, 0, 15673, 100
2026/08/10 03:27:38.102, 1, 17283, 76
2026/08/10 03:27:39.103, 0, 15673, 90
2026/08/10 03:27:39.103, 1, 17283, 89
2026/08/10 03:27:40.103, 0, 15673, 100
2026/08/10 03:27:40.103, 1, 17283, 49
2026/08/10 03:27:41.103, 0, 15673, 64
2026/08/10 03:27:41.104, 1, 17283, 74
2026/08/10 03:27:42.104, 0, 15673, 100
2026/08/10 03:27:42.104, 1, 17283, 81
2026/08/10 03:27:43.104, 0, 15673, 100
2026/08/10 03:27:43.104, 1, 17283, 60
2026/08/10 03:27:44.105, 0, 15673, 92
2026/08/10 03:27:44.105, 1, 17283, 39
2026/08/10 03:27:45.105, 0, 15673, 88
2026/08/10 03:27:45.105, 1, 17283, 85
2026/08/10 03:27:46.105, 0, 15673, 85
2026/08/10 03:27:46.106, 1, 17283, 74
2026/08/10 03:27:47.106, 0, 15673, 95
2026/08/10 03:27:47.106, 1, 17283, 51
2026/08/10 03:27:48.106, 0, 15673, 70
2026/08/10 03:27:48.107, 1, 17283, 69
2026/08/10 03:27:49.107, 0, 15673, 71
2026/08/10 03:27:49.107, 1, 17283, 99
2026/08/10 03:27:50.107, 0, 15673, 60
2026/08/10 03:27:50.108, 1, 17283, 100
2026/08/10 03:27:51.108, 0, 15673, 80
2026/08/10 03:27:51.108, 1, 17283, 100
2026/08/10 03:27:52.108, 0, 15673, 65
2026/08/10 03:27:52.108, 1, 17283, 84
2026/08/10 03:27:53.109, 0, 15673, 57
2026/08/10 03:27:53.109, 1, 17283, 46
2026/08/10 03:27:54.109, 0, 15673, 89
2026/08/10 03:27:54.109, 1, 17283, 58
2026/08/10 03:27:55.110, 0, 15673, 64
2026/08/10 03:27:55.110, 1, 17283, 92
2026/08/10 03:27:56.110, 0, 15673, 25
2026/08/10 03:27:56.110, 1, 17283, 100
2026/08/10 03:27:57.111, 0, 15801, 50
2026/08/10 03:27:57.111, 1, 17283, 76
2026/08/10 03:27:58.111, 0, 15801, 40
2026/08/10 03:27:58.111, 1, 17283, 24
2026/08/10 03:27:59.111, 0, 15801, 100
2026/08/10 03:27:59.112, 1, 17283, 100
2026/08/10 03:28:00.112, 0, 15801, 76
2026/08/10 03:28:00.112, 1, 17283, 78
2026/08/10 03:28:01.112, 0, 15801, 86
2026/08/10 03:28:01.112, 1, 17283, 88
2026/08/10 03:28:02.113, 0, 15801, 68
2026/08/10 03:28:02.113, 1, 17283, 73
2026/08/10 03:28:03.113, 0, 15801, 63
2026/08/10 03:28:03.113, 1, 17283, 23
2026/08/10 03:28:04.114, 0, 15801, 70
2026/08/10 03:28:04.114, 1, 17283, 49
2026/08/10 03:28:05.114, 0, 15801, 88
2026/08/10 03:28:05.114, 1, 17283, 95
2026/08/10 03:28:06.114, 0, 15801, 44
2026/08/10 03:28:06.115, 1, 17283, 82
2026/08/10 03:28:07.115, 0, 15801, 45
2026/08/10 03:28:07.115, 1, 17283, 0
2026/08/10 03:28:08.115, 0, 15801, 74
2026/08/10 03:28:08.116, 1, 17283, 76
2026/08/10 03:28:09.116, 0, 15801, 100
2026/08/10 03:28:09.116, 1, 17283, 70
2026/08/10 03:28:10.116, 0, 15801, 24
2026/08/10 03:28:10.116, 1, 17283, 76
2026/08/10 03:28:11.117, 0, 15801, 48
2026/08/10 03:28:11.117, 1, 17283, 85
2026/08/10 03:28:12.117, 0, 15929, 45
2026/08/10 03:28:12.117, 1, 17283, 35
2026/08/10 03:28:13.117, 0, 15929, 50
2026/08/10 03:28:13.118, 1, 17283, 90
2026/08/10 03:28:14.118, 0, 15929, 35
2026/08/10 03:28:14.118, 1, 17283, 51
2026/08/10 03:28:15.118, 0, 15929, 95
2026/08/10 03:28:15.119, 1, 17283, 69
2026/08/10 03:28:16.119, 0, 15929, 39
2026/08/10 03:28:16.119, 1, 17283, 81
2026/08/10 03:28:17.119, 0, 15929, 72
2026/08/10 03:28:17.120, 1, 17283, 23
2026/08/10 03:28:18.120, 0, 15929, 11
2026/08/10 03:28:18.120, 1, 17283, 39
2026/08/10 03:28:19.120, 0, 15929, 82
2026/08/10 03:28:19.121, 1, 17283, 31
2026/08/10 03:28:20.121, 0, 15929, 50
2026/08/10 03:28:20.121, 1, 17283, 68
2026/08/10 03:28:21.122, 0, 15929, 79
2026/08/10 03:28:21.122, 1, 17283, 80
2026/08/10 03:28:22.122, 0, 15929, 71
2026/08/10 03:28:22.122, 1, 17315, 59
2026/08/10 03:28:23.122, 0, 15929, 61
2026/08/10 03:28:23.123, 1, 17315, 75
2026/08/10 03:28:24.123, 0, 15929, 95
2026/08/10 03:28:24.123, 1, 17315, 73
2026/08/10 03:28:25.123, 0, 15929, 53
2026/08/10 03:28:25.123, 1, 17315, 91
2026/08/10 03:28:26.124, 0, 15929, 56
2026/08/10 03:28:26.124, 1, 17315, 71
2026/08/10 03:28:27.124, 0, 15929, 85
2026/08/10 03:28:27.124, 1, 17315, 90
2026/08/10 03:28:28.124, 0, 15929, 68
2026/08/10 03:28:28.125, 1, 17315, 64
2026/08/10 03:28:29.125, 0, 15929, 12
2026/08/10 03:28:29.125, 1, 17315, 100
2026/08/10 03:28:30.125, 0, 16185, 50
2026/08/10 03:28:30.126, 1, 17315, 80
2026/08/10 03:28:31.126, 0, 16185, 100
2026/08/10 03:28:31.126, 1, 19171, 100
2026/08/10 03:28:32.126, 0, 16185, 35
2026/08/10 03:28:32.127, 1, 19171, 44
2026/08/10 03:28:33.127, 0, 16185, 45
2026/08/10 03:28:33.127, 1, 19171, 95
2026/08/10 03:28:34.127, 0, 16185, 61
2026/08/10 03:28:34.128, 1, 19331, 38
2026/08/10 03:28:35.128, 0, 18201, 75
2026/08/10 03:28:35.128, 1, 19331, 90
2026/08/10 03:28:36.129, 0, 18201, 64
2026/08/10 03:28:36.129, 1, 19331, 47
2026/08/10 03:28:37.129, 0, 18201, 15
2026/08/10 03:28:37.129, 1, 19331, 80
2026/08/10 03:28:38.130, 0, 18201, 82
2026/08/10 03:28:38.130, 1, 19331, 55
2026/08/10 03:28:39.130, 0, 18201, 35
2026/08/10 03:28:39.130, 1, 19331, 34
2026/08/10 03:28:40.130, 0, 18201, 81
2026/08/10 03:28:40.131, 1, 19331, 65
2026/08/10 03:28:41.131, 0, 18201, 91
2026/08/10 03:28:41.131, 1, 19331, 48
2026/08/10 03:28:42.132, 0, 18201, 45
2026/08/10 03:28:42.132, 1, 19331, 55
2026/08/10 03:28:43.132, 0, 18201, 91
2026/08/10 03:28:43.132, 1, 19331, 69
2026/08/10 03:28:44.132, 0, 18201, 77
2026/08/10 03:28:44.133, 1, 19331, 93
2026/08/10 03:28:45.133, 0, 18201, 47
2026/08/10 03:28:45.133, 1, 19459, 81
2026/08/10 03:28:46.133, 0, 18201, 76
2026/08/10 03:28:46.134, 1, 19459, 38
2026/08/10 03:28:47.134, 0, 18201, 34
2026/08/10 03:28:47.134, 1, 19459, 79
2026/08/10 03:28:48.134, 0, 18201, 99
2026/08/10 03:28:48.135, 1, 19459, 89
2026/08/10 03:28:49.135, 0, 18201, 0
2026/08/10 03:28:49.135, 1, 19459, 61
2026/08/10 03:28:50.135, 0, 18201, 39
2026/08/10 03:28:50.135, 1, 19459, 48
2026/08/10 03:28:51.136, 0, 18201, 72
2026/08/10 03:28:51.136, 1, 19459, 80
2026/08/10 03:28:52.136, 0, 18201, 55
2026/08/10 03:28:52.136, 1, 19459, 29
2026/08/10 03:28:53.136, 0, 18201, 79
2026/08/10 03:28:53.137, 1, 19459, 65
2026/08/10 03:28:54.137, 0, 18201, 74
2026/08/10 03:28:54.137, 1, 19459, 32
2026/08/10 03:28:55.137, 0, 18201, 29
2026/08/10 03:28:55.138, 1, 19459, 6
2026/08/10 03:28:56.138, 0, 18201, 34
2026/08/10 03:28:56.138, 1, 19459, 68
2026/08/10 03:28:57.139, 0, 18201, 21
2026/08/10 03:28:57.139, 1, 19555, 25
2026/08/10 03:28:58.139, 0, 18201, 86
2026/08/10 03:28:58.139, 1, 19555, 72
2026/08/10 03:28:59.139, 0, 18201, 96
2026/08/10 03:28:59.140, 1, 19555, 50
2026/08/10 03:29:00.140, 0, 18361, 49
2026/08/10 03:29:00.140, 1, 19555, 83
2026/08/10 03:29:01.140, 0, 18361, 38
2026/08/10 03:29:01.141, 1, 19555, 84
2026/08/10 03:29:02.141, 0, 18361, 61
2026/08/10 03:29:02.141, 1, 19555, 80
2026/08/10 03:29:03.141, 0, 18361, 98
2026/08/10 03:29:03.141, 1, 19555, 25
2026/08/10 03:29:04.141, 0, 18361, 86
2026/08/10 03:29:04.142, 1, 19555, 65
2026/08/10 03:29:05.142, 0, 18361, 96
2026/08/10 03:29:05.142, 1, 19555, 77
2026/08/10 03:29:06.142, 0, 18361, 78
2026/08/10 03:29:06.143, 1, 19555, 63
2026/08/10 03:29:07.143, 0, 18361, 73
2026/08/10 03:29:07.143, 1, 19555, 48
2026/08/10 03:29:08.143, 0, 18361, 72
2026/08/10 03:29:08.144, 1, 19555, 77
2026/08/10 03:29:09.144, 0, 18361, 87
2026/08/10 03:29:09.144, 1, 19555, 78
2026/08/10 03:29:10.144, 0, 18361, 49
2026/08/10 03:29:10.145, 1, 19555, 68
2026/08/10 03:29:11.145, 0, 18361, 89
2026/08/10 03:29:11.145, 1, 19555, 46
2026/08/10 03:29:12.145, 0, 18361, 36
2026/08/10 03:29:12.146, 1, 19555, 66
2026/08/10 03:29:13.146, 0, 18361, 100
2026/08/10 03:29:13.146, 1, 19587, 91
2026/08/10 03:29:14.146, 0, 18361, 75
2026/08/10 03:29:14.147, 1, 19587, 53
2026/08/10 03:29:15.147, 0, 18361, 100
2026/08/10 03:29:15.147, 1, 19587, 36
2026/08/10 03:29:16.147, 0, 18361, 96
2026/08/10 03:29:16.148, 1, 19587, 65
2026/08/10 03:29:17.148, 0, 18361, 77
2026/08/10 03:29:17.148, 1, 19555, 53
2026/08/10 03:29:18.148, 0, 18361, 83
2026/08/10 03:29:18.149, 1, 19555, 65
2026/08/10 03:29:19.149, 0, 18361, 35
2026/08/10 03:29:19.149, 1, 19555, 66
2026/08/10 03:29:20.150, 0, 18361, 57
2026/08/10 03:29:20.150, 1, 19555, 100
2026/08/10 03:29:21.150, 0, 18361, 97
2026/08/10 03:29:21.150, 1, 19555, 99
2026/08/10 03:29:22.151, 0, 18361, 81
2026/08/10 03:29:22.151, 1, 19555, 74
2026/08/10 03:29:23.151, 0, 18361, 68
2026/08/10 03:29:23.152, 1, 19555, 92
2026/08/10 03:29:24.152, 0, 18361, 100
2026/08/10 03:29:24.152, 1, 19555, 69
2026/08/10 03:29:25.152, 0, 18361, 60
2026/08/10 03:29:25.152, 1, 19555, 91
2026/08/10 03:29:26.153, 0, 18361, 80
2026/08/10 03:29:26.153, 1, 19555, 81
2026/08/10 03:29:27.153, 0, 18361, 84
2026/08/10 03:29:27.153, 1, 19555, 66
2026/08/10 03:29:28.154, 0, 18361, 90
2026/08/10 03:29:28.154, 1, 19555, 80
2026/08/10 03:29:29.154, 0, 18361, 88
2026/08/10 03:29:29.154, 1, 19555, 88
2026/08/10 03:29:30.154, 0, 18361, 43
2026/08/10 03:29:30.155, 1, 19555, 98
2026/08/10 03:29:31.155, 0, 18361, 70
2026/08/10 03:29:31.155, 1, 19555, 93
2026/08/10 03:29:32.156, 0, 18361, 100
2026/08/10 03:29:32.156, 1, 19555, 53
2026/08/10 03:29:33.156, 0, 18361, 87
2026/08/10 03:29:33.156, 1, 19555, 70
2026/08/10 03:29:34.157, 0, 18361, 56
2026/08/10 03:29:34.157, 1, 19555, 75
2026/08/10 03:29:35.157, 0, 18361, 89
2026/08/10 03:29:35.157, 1, 19555, 100
2026/08/10 03:29:36.157, 0, 18361, 100
2026/08/10 03:29:36.158, 1, 19555, 50
2026/08/10 03:29:37.158, 0, 18361, 42
2026/08/10 03:29:37.158, 1, 19555, 100
2026/08/10 03:29:38.158, 0, 18361, 45
2026/08/10 03:29:38.159, 1, 19587, 80
2026/08/10 03:29:39.159, 0, 18361, 33
2026/08/10 03:29:39.159, 1, 19587, 40
2026/08/10 03:29:40.159, 0, 18361, 100
2026/08/10 03:29:40.160, 1, 19587, 100
2026/08/10 03:29:41.160, 0, 18361, 97
2026/08/10 03:29:41.160, 1, 19587, 70
2026/08/10 03:29:42.160, 0, 18361, 80
2026/08/10 03:29:42.161, 1, 19555, 67
2026/08/10 03:29:43.161, 0, 18361, 62
2026/08/10 03:29:43.161, 1, 19555, 89
2026/08/10 03:29:44.161, 0, 18361, 91
2026/08/10 03:29:44.162, 1, 19555, 98
2026/08/10 03:29:45.162, 0, 18361, 77
2026/08/10 03:29:45.162, 1, 19555, 99
2026/08/10 03:29:46.162, 0, 18361, 87
2026/08/10 03:29:46.163, 1, 19555, 81
2026/08/10 03:29:47.163, 0, 18361, 97
2026/08/10 03:29:47.163, 1, 19555, 75
2026/08/10 03:29:48.163, 0, 18361, 75
2026/08/10 03:29:48.164, 1, 19555, 100
2026/08/10 03:29:49.164, 0, 18361, 72
2026/08/10 03:29:49.164, 1, 19555, 64
2026/08/10 03:29:50.164, 0, 18361, 71
2026/08/10 03:29:50.165, 1, 19555, 46
2026/08/10 03:29:51.165, 0, 18361, 73
2026/08/10 03:29:51.165, 1, 19555, 100
2026/08/10 03:29:52.165, 0, 18361, 27
2026/08/10 03:29:52.167, 1, 19555, 63
2026/08/10 03:29:53.167, 0, 18361, 51
2026/08/10 03:29:53.167, 1, 19555, 47
2026/08/10 03:29:54.167, 0, 18361, 67
2026/08/10 03:29:54.168, 1, 19555, 89
2026/08/10 03:29:55.168, 0, 18361, 49
2026/08/10 03:29:55.168, 1, 19555, 87
2026/08/10 03:29:56.168, 0, 18361, 60
2026/08/10 03:29:56.168, 1, 21571, 36
2026/08/10 03:29:57.169, 0, 18361, 84
2026/08/10 03:29:57.169, 1, 21571, 83
2026/08/10 03:29:58.169, 0, 18361, 83
2026/08/10 03:29:58.169, 1, 21571, 76
2026/08/10 03:29:59.169, 0, 18361, 96
2026/08/10 03:29:59.170, 1, 21571, 89
2026/08/10 03:30:00.170, 0, 18361, 51
2026/08/10 03:30:00.170, 1, 21571, 68
2026/08/10 03:30:01.170, 0, 18361, 37
2026/08/10 03:30:01.171, 1, 21571, 0
2026/08/10 03:30:02.171, 0, 18361, 100
2026/08/10 03:30:02.171, 1, 21795, 100
2026/08/10 03:30:03.171, 0, 18361, 21
2026/08/10 03:30:03.172, 1, 21795, 33
2026/08/10 03:30:04.172, 0, 18361, 59
2026/08/10 03:30:04.172, 1, 21795, 36
2026/08/10 03:30:05.172, 0, 18361, 60
2026/08/10 03:30:05.173, 1, 21795, 70
2026/08/10 03:30:06.173, 0, 18361, 77
2026/08/10 03:30:06.173, 1, 21795, 52
2026/08/10 03:30:07.173, 0, 18361, 70
2026/08/10 03:30:07.174, 1, 21795, 84
2026/08/10 03:30:08.174, 0, 18361, 77
2026/08/10 03:30:08.174, 1, 21795, 74
2026/08/10 03:30:09.174, 0, 18361, 71
2026/08/10 03:30:09.175, 1, 21795, 61
2026/08/10 03:30:10.175, 0, 18361, 86
2026/08/10 03:30:10.175, 1, 21795, 97
2026/08/10 03:30:11.175, 0, 18361, 77
2026/08/10 03:30:11.176, 1, 21795, 83
2026/08/10 03:30:12.176, 0, 18361, 23
2026/08/10 03:30:12.176, 1, 21827, 41
2026/08/10 03:30:13.176, 0, 18361, 65
2026/08/10 03:30:13.177, 1, 21827, 100
2026/08/10 03:30:14.177, 0, 18361, 65
2026/08/10 03:30:14.178, 1, 21827, 100
2026/08/10 03:30:15.178, 0, 18361, 63
2026/08/10 03:30:15.178, 1, 21827, 70
2026/08/10 03:30:16.178, 0, 18361, 35
2026/08/10 03:30:16.179, 1, 21827, 58
2026/08/10 03:30:17.179, 0, 18361, 99
2026/08/10 03:30:17.179, 1, 21795, 94
2026/08/10 03:30:18.179, 0, 18361, 49
2026/08/10 03:30:18.180, 1, 21795, 60
2026/08/10 03:30:19.180, 0, 18361, 88
2026/08/10 03:30:19.180, 1, 21795, 88
2026/08/10 03:30:20.180, 0, 18361, 92
2026/08/10 03:30:20.182, 1, 21795, 67
2026/08/10 03:30:21.182, 0, 18361, 70
2026/08/10 03:30:21.182, 1, 21795, 66
2026/08/10 03:30:22.182, 0, 18361, 89
2026/08/10 03:30:22.183, 1, 21795, 76
2026/08/10 03:30:23.183, 0, 18361, 92
2026/08/10 03:30:23.183, 1, 21795, 54
2026/08/10 03:30:24.183, 0, 18361, 100
2026/08/10 03:30:24.184, 1, 21795, 61
2026/08/10 03:30:25.184, 0, 18361, 47
2026/08/10 03:30:25.184, 1, 21795, 72
2026/08/10 03:30:26.184, 0, 18361, 84
2026/08/10 03:30:26.185, 1, 21795, 66
2026/08/10 03:30:27.185, 0, 18361, 84
2026/08/10 03:30:27.185, 1, 21795, 81
2026/08/10 03:30:28.185, 0, 18361, 39
2026/08/10 03:30:28.186, 1, 21795, 91
2026/08/10 03:30:29.186, 0, 18361, 84
2026/08/10 03:30:29.186, 1, 21795, 79
2026/08/10 03:30:30.186, 0, 18361, 88
2026/08/10 03:30:30.186, 1, 21795, 81
2026/08/10 03:30:31.186, 0, 18361, 98
2026/08/10 03:30:31.187, 1, 21795, 0
2026/08/10 03:30:32.187, 0, 18361, 56
2026/08/10 03:30:32.187, 1, 21795, 0
2026/08/10 03:30:33.187, 0, 18361, 100
2026/08/10 03:30:33.188, 1, 21795, 0
2026/08/10 03:30:34.188, 0, 18361, 56
2026/08/10 03:30:34.188, 1, 21795, 60
2026/08/10 03:30:35.188, 0, 18361, 74
2026/08/10 03:30:35.188, 1, 21827, 67
2026/08/10 03:30:36.188, 0, 18361, 82
2026/08/10 03:30:36.189, 1, 21827, 76
2026/08/10 03:30:37.189, 0, 18361, 92
2026/08/10 03:30:37.189, 1, 21827, 79
2026/08/10 03:30:38.189, 0, 18361, 73
2026/08/10 03:30:38.189, 1, 21795, 86
2026/08/10 03:30:39.190, 0, 18361, 32
2026/08/10 03:30:39.190, 1, 21795, 64
2026/08/10 03:30:40.190, 0, 18361, 65
2026/08/10 03:30:40.190, 1, 21795, 66
2026/08/10 03:30:41.190, 0, 18361, 52
2026/08/10 03:30:41.191, 1, 21795, 16
2026/08/10 03:30:42.191, 0, 18361, 70
2026/08/10 03:30:42.191, 1, 21795, 76
2026/08/10 03:30:43.191, 0, 18361, 100
2026/08/10 03:30:43.192, 1, 21795, 72
2026/08/10 03:30:44.192, 0, 18361, 43
2026/08/10 03:30:44.193, 1, 21795, 44
2026/08/10 03:30:45.193, 0, 18361, 51
2026/08/10 03:30:45.193, 1, 21795, 73
2026/08/10 03:30:46.193, 0, 18361, 61
2026/08/10 03:30:46.194, 1, 21795, 66
2026/08/10 03:30:47.194, 0, 18361, 75
2026/08/10 03:30:47.194, 1, 21795, 75
2026/08/10 03:30:48.194, 0, 18361, 93
2026/08/10 03:30:48.195, 1, 21795, 88
2026/08/10 03:30:49.195, 0, 18361, 25
2026/08/10 03:30:49.195, 1, 21795, 48
2026/08/10 03:30:50.195, 0, 18361, 100
2026/08/10 03:30:50.196, 1, 21795, 100
2026/08/10 03:30:51.196, 0, 18361, 34
2026/08/10 03:30:51.196, 1, 21795, 100
2026/08/10 03:30:52.196, 0, 18361, 64
2026/08/10 03:30:52.196, 1, 21795, 72
2026/08/10 03:30:53.197, 0, 18361, 100
2026/08/10 03:30:53.197, 1, 21795, 33
2026/08/10 03:30:54.197, 0, 18361, 66
2026/08/10 03:30:54.197, 1, 21795, 80
2026/08/10 03:30:55.198, 0, 18361, 98
2026/08/10 03:30:55.198, 1, 21795, 27
2026/08/10 03:30:56.198, 0, 18361, 46
2026/08/10 03:30:56.198, 1, 21795, 75
2026/08/10 03:30:57.198, 0, 18361, 99
2026/08/10 03:30:57.199, 1, 21795, 83
2026/08/10 03:30:58.199, 0, 18361, 57
2026/08/10 03:30:58.199, 1, 21795, 56
2026/08/10 03:30:59.199, 0, 18361, 80
2026/08/10 03:30:59.200, 1, 21795, 40
2026/08/10 03:31:00.200, 0, 18361, 82
2026/08/10 03:31:00.200, 1, 21795, 65
2026/08/10 03:31:01.200, 0, 18361, 47
2026/08/10 03:31:01.201, 1, 21795, 100
2026/08/10 03:31:02.201, 0, 18361, 89
2026/08/10 03:31:02.201, 1, 21795, 65
2026/08/10 03:31:03.201, 0, 18361, 64
2026/08/10 03:31:03.202, 1, 21795, 79
2026/08/10 03:31:04.202, 0, 18361, 54
2026/08/10 03:31:04.202, 1, 21795, 55
2026/08/10 03:31:05.202, 0, 18361, 95
2026/08/10 03:31:05.202, 1, 21795, 99
2026/08/10 03:31:06.202, 0, 18361, 42
2026/08/10 03:31:06.203, 1, 21795, 24
2026/08/10 03:31:07.203, 0, 18361, 72
2026/08/10 03:31:07.203, 1, 21795, 55
2026/08/10 03:31:08.203, 0, 18361, 93
2026/08/10 03:31:08.204, 1, 21795, 39
2026/08/10 03:31:09.204, 0, 18361, 82
2026/08/10 03:31:09.204, 1, 21795, 37
2026/08/10 03:31:10.204, 0, 18361, 30
2026/08/10 03:31:10.205, 1, 21795, 72
2026/08/10 03:31:11.205, 0, 18361, 56
2026/08/10 03:31:11.205, 1, 21795, 63
2026/08/10 03:31:12.205, 0, 18361, 80
2026/08/10 03:31:12.206, 1, 21795, 62
2026/08/10 03:31:13.206, 0, 18361, 40
2026/08/10 03:31:13.206, 1, 21795, 100
2026/08/10 03:31:14.206, 0, 18361, 39
2026/08/10 03:31:14.206, 1, 21795, 84
2026/08/10 03:31:15.207, 0, 18361, 90
2026/08/10 03:31:15.207, 1, 21795, 33
2026/08/10 03:31:16.207, 0, 18361, 88
2026/08/10 03:31:16.207, 1, 21795, 42
2026/08/10 03:31:17.207, 0, 18361, 35
2026/08/10 03:31:17.208, 1, 21795, 84
2026/08/10 03:31:18.208, 0, 18361, 72
2026/08/10 03:31:18.208, 1, 21827, 81
2026/08/10 03:31:19.208, 0, 18361, 41
2026/08/10 03:31:19.208, 1, 21827, 78
2026/08/10 03:31:20.209, 0, 18361, 70
2026/08/10 03:31:20.209, 1, 21827, 19
2026/08/10 03:31:21.209, 0, 18361, 66
2026/08/10 03:31:21.209, 1, 21827, 44
2026/08/10 03:31:22.210, 0, 18361, 69
2026/08/10 03:31:22.210, 1, 21795, 92
2026/08/10 03:31:23.210, 0, 18361, 99
2026/08/10 03:31:23.210, 1, 21795, 100
2026/08/10 03:31:24.210, 0, 18361, 100
2026/08/10 03:31:24.211, 1, 21795, 46
2026/08/10 03:31:25.211, 0, 18361, 86
2026/08/10 03:31:25.211, 1, 21795, 45
2026/08/10 03:31:26.211, 0, 18361, 48
2026/08/10 03:31:26.212, 1, 21795, 100
2026/08/10 03:31:27.212, 0, 18361, 100
2026/08/10 03:31:27.212, 1, 21795, 88
2026/08/10 03:31:28.212, 0, 18361, 73
2026/08/10 03:31:28.213, 1, 21795, 52
2026/08/10 03:31:29.213, 0, 18361, 75
2026/08/10 03:31:29.213, 1, 21795, 54
2026/08/10 03:31:30.213, 0, 18361, 100
2026/08/10 03:31:30.214, 1, 21795, 63
2026/08/10 03:31:31.214, 0, 18361, 100
2026/08/10 03:31:31.214, 1, 21795, 69
2026/08/10 03:31:32.214, 0, 18361, 63
2026/08/10 03:31:32.215, 1, 21795, 100
2026/08/10 03:31:33.215, 0, 18361, 73
2026/08/10 03:31:33.216, 1, 21827, 88
2026/08/10 03:31:34.216, 0, 18361, 50
2026/08/10 03:31:34.216, 1, 21827, 59
2026/08/10 03:31:35.216, 0, 18361, 49
2026/08/10 03:31:35.217, 1, 21827, 100
2026/08/10 03:31:36.217, 0, 18361, 85
2026/08/10 03:31:36.217, 1, 21827, 51
2026/08/10 03:31:37.218, 0, 18361, 51
2026/08/10 03:31:37.218, 1, 21827, 83
2026/08/10 03:31:38.218, 0, 18361, 97
2026/08/10 03:31:38.218, 1, 21795, 75
2026/08/10 03:31:39.218, 0, 18361, 64
2026/08/10 03:31:39.219, 1, 21795, 73
2026/08/10 03:31:40.219, 0, 18361, 94
2026/08/10 03:31:40.219, 1, 21827, 94
2026/08/10 03:31:41.219, 0, 18361, 77
2026/08/10 03:31:41.220, 1, 21827, 44
2026/08/10 03:31:42.220, 0, 18361, 83
2026/08/10 03:31:42.220, 1, 21827, 62
2026/08/10 03:31:43.220, 0, 18361, 98
2026/08/10 03:31:43.221, 1, 21827, 61
2026/08/10 03:31:44.221, 0, 18361, 93
2026/08/10 03:31:44.221, 1, 21827, 99
2026/08/10 03:31:45.222, 0, 18361, 100
2026/08/10 03:31:45.222, 1, 21795, 73
2026/08/10 03:31:46.222, 0, 18361, 86
2026/08/10 03:31:46.222, 1, 21795, 73
2026/08/10 03:31:47.223, 0, 18361, 68
2026/08/10 03:31:47.223, 1, 21795, 93
2026/08/10 03:31:48.223, 0, 18361, 81
2026/08/10 03:31:48.223, 1, 21795, 88
2026/08/10 03:31:49.224, 0, 18361, 60
2026/08/10 03:31:49.224, 1, 21795, 74
2026/08/10 03:31:50.224, 0, 18361, 73
2026/08/10 03:31:50.224, 1, 21795, 30
2026/08/10 03:31:51.224, 0, 18361, 72
2026/08/10 03:31:51.225, 1, 21795, 75
2026/08/10 03:31:52.225, 0, 18361, 68
2026/08/10 03:31:52.225, 1, 21795, 96
2026/08/10 03:31:53.225, 0, 18361, 86
2026/08/10 03:31:53.226, 1, 21795, 56
2026/08/10 03:31:54.226, 0, 18361, 44
2026/08/10 03:31:54.226, 1, 21795, 70
2026/08/10 03:31:55.226, 0, 18361, 100
2026/08/10 03:31:55.227, 1, 21795, 83
2026/08/10 03:31:56.227, 0, 18361, 98
2026/08/10 03:31:56.227, 1, 21795, 59
2026/08/10 03:31:57.227, 0, 18361, 74
2026/08/10 03:31:57.228, 1, 21795, 80
2026/08/10 03:31:58.228, 0, 18361, 65
2026/08/10 03:31:58.228, 1, 21795, 78
2026/08/10 03:31:59.228, 0, 18361, 75
2026/08/10 03:31:59.228, 1, 21795, 77
2026/08/10 03:32:00.229, 0, 18361, 38
2026/08/10 03:32:00.229, 1, 21795, 13
2026/08/10 03:32:01.229, 0, 18361, 53
2026/08/10 03:32:01.229, 1, 21795, 89
2026/08/10 03:32:02.230, 0, 18361, 43
2026/08/10 03:32:02.230, 1, 21795, 57
2026/08/10 03:32:03.230, 0, 18361, 99
2026/08/10 03:32:03.231, 1, 21795, 60
2026/08/10 03:32:04.231, 0, 18361, 77
2026/08/10 03:32:04.231, 1, 21795, 49
2026/08/10 03:32:05.231, 0, 18361, 53
2026/08/10 03:32:05.232, 1, 21795, 81
2026/08/10 03:32:06.232, 0, 18361, 91
2026/08/10 03:32:06.232, 1, 21827, 83
2026/08/10 03:32:07.232, 0, 18361, 100
2026/08/10 03:32:07.233, 1, 21827, 58
2026/08/10 03:32:08.233, 0, 18361, 100
2026/08/10 03:32:08.233, 1, 21827, 100
2026/08/10 03:32:09.233, 0, 18361, 72
2026/08/10 03:32:09.234, 1, 21827, 83
2026/08/10 03:32:10.234, 0, 18361, 100
2026/08/10 03:32:10.234, 1, 21795, 51
2026/08/10 03:32:11.234, 0, 18361, 100
2026/08/10 03:32:11.235, 1, 21795, 62
2026/08/10 03:32:12.235, 0, 20313, 95
2026/08/10 03:32:12.235, 1, 21795, 56
2026/08/10 03:32:13.235, 0, 20313, 54
2026/08/10 03:32:13.236, 1, 21955, 13
2026/08/10 03:32:14.236, 0, 20441, 19
2026/08/10 03:32:14.236, 1, 21955, 13
2026/08/10 03:32:15.236, 0, 20441, 41
2026/08/10 03:32:15.237, 1, 21955, 100
2026/08/10 03:32:16.237, 0, 20441, 93
2026/08/10 03:32:16.237, 1, 21955, 74
2026/08/10 03:32:17.237, 0, 20441, 78
2026/08/10 03:32:17.237, 1, 21955, 87
2026/08/10 03:32:18.238, 0, 20441, 83
2026/08/10 03:32:18.239, 1, 21955, 92
2026/08/10 03:32:19.239, 0, 20441, 46
2026/08/10 03:32:19.239, 1, 21955, 68
2026/08/10 03:32:20.239, 0, 20441, 88
2026/08/10 03:32:20.240, 1, 21955, 75
2026/08/10 03:32:21.240, 0, 20441, 71
2026/08/10 03:32:21.240, 1, 21955, 99
2026/08/10 03:32:22.240, 0, 20441, 100
2026/08/10 03:32:22.241, 1, 21955, 81
2026/08/10 03:32:23.241, 0, 20441, 70
2026/08/10 03:32:23.241, 1, 21955, 24
2026/08/10 03:32:24.241, 0, 20441, 100
2026/08/10 03:32:24.242, 1, 21955, 33
2026/08/10 03:32:25.242, 0, 20441, 72
2026/08/10 03:32:25.242, 1, 21955, 100
2026/08/10 03:32:26.242, 0, 20441, 77
2026/08/10 03:32:26.243, 1, 21955, 63
2026/08/10 03:32:27.243, 0, 20441, 61
2026/08/10 03:32:27.243, 1, 21955, 83
2026/08/10 03:32:28.243, 0, 20441, 37
2026/08/10 03:32:28.244, 1, 21955, 85
2026/08/10 03:32:29.244, 0, 20441, 67
2026/08/10 03:32:29.244, 1, 21955, 65
2026/08/10 03:32:30.244, 0, 20441, 66
2026/08/10 03:32:30.245, 1, 21955, 59
2026/08/10 03:32:31.245, 0, 20441, 87
2026/08/10 03:32:31.245, 1, 21955, 100
2026/08/10 03:32:32.245, 0, 20441, 55
2026/08/10 03:32:32.246, 1, 21955, 76
2026/08/10 03:32:33.246, 0, 20441, 82
2026/08/10 03:32:33.246, 1, 21955, 68
2026/08/10 03:32:34.246, 0, 20441, 100
2026/08/10 03:32:34.247, 1, 21955, 79
2026/08/10 03:32:35.247, 0, 20441, 61
2026/08/10 03:32:35.247, 1, 21955, 78
2026/08/10 03:32:36.247, 0, 20441, 99
2026/08/10 03:32:36.247, 1, 21955, 45
2026/08/10 03:32:37.248, 0, 20441, 66
2026/08/10 03:32:37.248, 1, 21955, 47
2026/08/10 03:32:38.248, 0, 20441, 100
2026/08/10 03:32:38.249, 1, 21955, 33
2026/08/10 03:32:39.249, 0, 20441, 98
2026/08/10 03:32:39.249, 1, 21955, 69
2026/08/10 03:32:40.249, 0, 20441, 72
2026/08/10 03:32:40.250, 1, 21955, 76
2026/08/10 03:32:41.250, 0, 20441, 83
2026/08/10 03:32:41.250, 1, 21955, 100
2026/08/10 03:32:42.250, 0, 20441, 54
2026/08/10 03:32:42.251, 1, 21955, 57
2026/08/10 03:32:43.251, 0, 20441, 100
2026/08/10 03:32:43.251, 1, 21955, 74
2026/08/10 03:32:44.251, 0, 20441, 82
2026/08/10 03:32:44.251, 1, 21955, 96
2026/08/10 03:32:45.252, 0, 20441, 100
2026/08/10 03:32:45.252, 1, 21955, 87
2026/08/10 03:32:46.252, 0, 20441, 61
2026/08/10 03:32:46.252, 1, 21955, 99
2026/08/10 03:32:47.253, 0, 20441, 96
2026/08/10 03:32:47.253, 1, 21955, 89
2026/08/10 03:32:48.253, 0, 20441, 73
2026/08/10 03:32:48.253, 1, 21987, 100
2026/08/10 03:32:49.254, 0, 20441, 82
2026/08/10 03:32:49.254, 1, 21955, 100
2026/08/10 03:32:50.254, 0, 20409, 97
2026/08/10 03:32:50.254, 1, 21955, 95
2026/08/10 03:32:51.254, 0, 20409, 50
2026/08/10 03:32:51.255, 1, 21955, 67
2026/08/10 03:32:52.255, 0, 20409, 100
2026/08/10 03:32:52.255, 1, 21955, 90
2026/08/10 03:32:53.255, 0, 20409, 36
2026/08/10 03:32:53.255, 1, 21955, 61
2026/08/10 03:32:54.256, 0, 20409, 74
2026/08/10 03:32:54.256, 1, 21955, 76
2026/08/10 03:32:55.256, 0, 20409, 84
2026/08/10 03:32:55.257, 1, 21955, 77
2026/08/10 03:32:56.257, 0, 20409, 79
2026/08/10 03:32:56.257, 1, 21955, 100
2026/08/10 03:32:57.257, 0, 20409, 82
2026/08/10 03:32:57.257, 1, 21955, 78
2026/08/10 03:32:58.258, 0, 20409, 57
2026/08/10 03:32:58.258, 1, 21955, 73
2026/08/10 03:32:59.258, 0, 20409, 47
2026/08/10 03:32:59.259, 1, 21955, 100
2026/08/10 03:33:00.259, 0, 20409, 74
2026/08/10 03:33:00.259, 1, 21955, 80
2026/08/10 03:33:01.259, 0, 20409, 19
2026/08/10 03:33:01.259, 1, 21955, 100
2026/08/10 03:33:02.260, 0, 20409, 97
2026/08/10 03:33:02.260, 1, 21955, 91
2026/08/10 03:33:03.260, 0, 20409, 98
2026/08/10 03:33:03.260, 1, 21955, 80
2026/08/10 03:33:04.261, 0, 20409, 61
2026/08/10 03:33:04.261, 1, 21955, 92
2026/08/10 03:33:05.261, 0, 20793, 100
2026/08/10 03:33:05.261, 1, 21955, 75
2026/08/10 03:33:06.262, 0, 20793, 83
2026/08/10 03:33:06.262, 1, 21955, 95
2026/08/10 03:33:07.262, 0, 20793, 73
2026/08/10 03:33:07.263, 1, 21955, 85
2026/08/10 03:33:08.263, 0, 20825, 84
2026/08/10 03:33:08.263, 1, 21955, 64
2026/08/10 03:33:09.263, 0, 20825, 79
2026/08/10 03:33:09.264, 1, 21955, 54
2026/08/10 03:33:10.264, 0, 20825, 32
2026/08/10 03:33:10.265, 1, 22083, 73
2026/08/10 03:33:11.265, 0, 20825, 54
2026/08/10 03:33:11.265, 1, 22083, 78
2026/08/10 03:33:12.265, 0, 20825, 63
2026/08/10 03:33:12.266, 1, 22083, 98
2026/08/10 03:33:13.266, 0, 21049, 49
2026/08/10 03:33:13.266, 1, 22083, 75
2026/08/10 03:33:14.266, 0, 21049, 52
2026/08/10 03:33:14.267, 1, 22083, 67
2026/08/10 03:33:15.267, 0, 21049, 70
2026/08/10 03:33:15.267, 1, 22083, 83
2026/08/10 03:33:16.267, 0, 21049, 89
2026/08/10 03:33:16.268, 1, 22083, 89
2026/08/10 03:33:17.268, 0, 21049, 73
2026/08/10 03:33:17.268, 1, 22051, 72
2026/08/10 03:33:18.268, 0, 21017, 100
2026/08/10 03:33:18.269, 1, 22051, 83
2026/08/10 03:33:19.269, 0, 21273, 38
2026/08/10 03:33:19.269, 1, 22051, 100
2026/08/10 03:33:20.270, 0, 21273, 97
2026/08/10 03:33:20.270, 1, 22051, 100
2026/08/10 03:33:21.270, 0, 21273, 69
2026/08/10 03:33:21.271, 1, 22051, 100
2026/08/10 03:33:22.271, 0, 21273, 72
2026/08/10 03:33:22.271, 1, 22051, 20
2026/08/10 03:33:23.271, 0, 21273, 74
2026/08/10 03:33:23.271, 1, 22051, 91
2026/08/10 03:33:24.272, 0, 21273, 37
2026/08/10 03:33:24.272, 1, 22051, 85
2026/08/10 03:33:25.272, 0, 21273, 99
2026/08/10 03:33:25.272, 1, 22051, 100
2026/08/10 03:33:26.272, 0, 21273, 94
2026/08/10 03:33:26.273, 1, 22051, 85
2026/08/10 03:33:27.273, 0, 21273, 76
2026/08/10 03:33:27.273, 1, 22051, 67
2026/08/10 03:33:28.273, 0, 21273, 100
2026/08/10 03:33:28.274, 1, 22051, 51
2026/08/10 03:33:29.274, 0, 21273, 100
2026/08/10 03:33:29.274, 1, 22307, 69
2026/08/10 03:33:30.274, 0, 21273, 96
2026/08/10 03:33:30.275, 1, 22307, 81
2026/08/10 03:33:31.275, 0, 21273, 33
2026/08/10 03:33:31.275, 1, 22307, 100
2026/08/10 03:33:32.276, 0, 21273, 22
2026/08/10 03:33:32.276, 1, 22307, 100
2026/08/10 03:33:33.276, 0, 21273, 67
2026/08/10 03:33:33.277, 1, 22307, 74
2026/08/10 03:33:34.278, 0, 21273, 77
2026/08/10 03:33:34.278, 1, 22307, 73
2026/08/10 03:33:35.278, 0, 21273, 92
2026/08/10 03:33:35.278, 1, 22307, 76
2026/08/10 03:33:36.278, 0, 21273, 97
2026/08/10 03:33:36.279, 1, 22307, 73
2026/08/10 03:33:37.279, 0, 21273, 90
2026/08/10 03:33:37.279, 1, 22307, 97
2026/08/10 03:33:38.280, 0, 21273, 41
2026/08/10 03:33:38.280, 1, 22307, 86
2026/08/10 03:33:39.280, 0, 21273, 91
2026/08/10 03:33:39.280, 1, 22307, 76
2026/08/10 03:33:40.281, 0, 21273, 100
2026/08/10 03:33:40.281, 1, 22307, 58
2026/08/10 03:33:41.281, 0, 21273, 44
2026/08/10 03:33:41.281, 1, 22307, 69
2026/08/10 03:33:42.282, 0, 21273, 70
2026/08/10 03:33:42.282, 1, 22307, 92
2026/08/10 03:33:43.282, 0, 21273, 98
2026/08/10 03:33:43.283, 1, 22307, 63
2026/08/10 03:33:44.283, 0, 21529, 47
2026/08/10 03:33:44.284, 1, 22307, 58
2026/08/10 03:33:45.284, 0, 21529, 100
2026/08/10 03:33:45.284, 1, 22307, 63
2026/08/10 03:33:46.284, 0, 21529, 62
2026/08/10 03:33:46.285, 1, 22275, 82
2026/08/10 03:33:47.285, 0, 21529, 96
2026/08/10 03:33:47.285, 1, 22275, 90
2026/08/10 03:33:48.286, 0, 21529, 91
2026/08/10 03:33:48.286, 1, 22275, 54
2026/08/10 03:33:49.286, 0, 21529, 79
2026/08/10 03:33:49.287, 1, 22275, 90
2026/08/10 03:33:50.287, 0, 21529, 97
2026/08/10 03:33:50.287, 1, 22307, 74
2026/08/10 03:33:51.287, 0, 21529, 86
2026/08/10 03:33:51.288, 1, 22307, 100
2026/08/10 03:33:52.288, 0, 21529, 97
2026/08/10 03:33:52.288, 1, 22307, 36
2026/08/10 03:33:53.288, 0, 21529, 42
2026/08/10 03:33:53.289, 1, 22307, 100
2026/08/10 03:33:54.289, 0, 21529, 72
2026/08/10 03:33:54.289, 1, 22307, 100
2026/08/10 03:33:55.289, 0, 21529, 76
2026/08/10 03:33:55.289, 1, 22307, 60
2026/08/10 03:33:56.289, 0, 21529, 71
2026/08/10 03:33:56.290, 1, 22307, 76
2026/08/10 03:33:57.290, 0, 21529, 100
2026/08/10 03:33:57.290, 1, 22307, 99
2026/08/10 03:33:58.290, 0, 21529, 35
2026/08/10 03:33:58.291, 1, 22307, 43
2026/08/10 03:33:59.291, 0, 21529, 92
2026/08/10 03:33:59.291, 1, 22307, 91
2026/08/10 03:34:00.291, 0, 21529, 78
2026/08/10 03:34:00.291, 1, 22307, 75
2026/08/10 03:34:01.292, 0, 21529, 100
2026/08/10 03:34:01.292, 1, 22307, 91
2026/08/10 03:34:02.292, 0, 21529, 49
2026/08/10 03:34:02.292, 1, 22307, 100
2026/08/10 03:34:03.293, 0, 21529, 100
2026/08/10 03:34:03.294, 1, 22307, 63
2026/08/10 03:34:04.294, 0, 21529, 72
2026/08/10 03:34:04.295, 1, 22307, 81
2026/08/10 03:34:05.295, 0, 21529, 39
2026/08/10 03:34:05.295, 1, 22307, 79
2026/08/10 03:34:06.295, 0, 21529, 76
2026/08/10 03:34:06.296, 1, 22307, 23
2026/08/10 03:34:07.296, 0, 21529, 45
2026/08/10 03:34:07.296, 1, 22307, 85
2026/08/10 03:34:08.296, 0, 21529, 78
2026/08/10 03:34:08.297, 1, 22307, 50
2026/08/10 03:34:09.297, 0, 21529, 100
2026/08/10 03:34:09.297, 1, 22307, 100
2026/08/10 03:34:10.297, 0, 21529, 49
2026/08/10 03:34:10.298, 1, 22307, 94
2026/08/10 03:34:11.298, 0, 21529, 69
2026/08/10 03:34:11.298, 1, 22307, 100
2026/08/10 03:34:12.298, 0, 21529, 68
2026/08/10 03:34:12.298, 1, 22307, 31
2026/08/10 03:34:13.299, 0, 21529, 84
2026/08/10 03:34:13.299, 1, 22307, 92
2026/08/10 03:34:14.299, 0, 21529, 80
2026/08/10 03:34:14.300, 1, 22307, 72
2026/08/10 03:34:15.300, 0, 21497, 47
2026/08/10 03:34:15.300, 1, 22307, 62
2026/08/10 03:34:16.300, 0, 21497, 64
2026/08/10 03:34:16.301, 1, 22307, 97
2026/08/10 03:34:17.301, 0, 21497, 95
2026/08/10 03:34:17.301, 1, 22307, 77
2026/08/10 03:34:18.301, 0, 21497, 85
2026/08/10 03:34:18.302, 1, 22307, 99
2026/08/10 03:34:19.302, 0, 21497, 80
2026/08/10 03:34:19.302, 1, 22307, 84
2026/08/10 03:34:20.302, 0, 21497, 84
2026/08/10 03:34:20.303, 1, 22307, 100
2026/08/10 03:34:21.303, 0, 21497, 95
2026/08/10 03:34:21.303, 1, 22307, 90
2026/08/10 03:34:22.303, 0, 21497, 89
2026/08/10 03:34:22.304, 1, 22307, 100
2026/08/10 03:34:23.304, 0, 21497, 100
2026/08/10 03:34:23.304, 1, 22307, 99
2026/08/10 03:34:24.304, 0, 21497, 100
2026/08/10 03:34:24.305, 1, 22307, 0
2026/08/10 03:34:25.305, 0, 21497, 71
2026/08/10 03:34:25.305, 1, 22307, 0
2026/08/10 03:34:26.305, 0, 21497, 70
2026/08/10 03:34:26.306, 1, 7107, 60
2026/08/10 03:34:27.306, 0, 21497, 42
2026/08/10 03:34:27.306, 1, 8419, 51
2026/08/10 03:34:28.306, 0, 21497, 82
2026/08/10 03:34:28.307, 1, 9955, 56
2026/08/10 03:34:29.307, 0, 21497, 91
2026/08/10 03:34:29.307, 1, 9955, 2
2026/08/10 03:34:30.307, 0, 21497, 86
2026/08/10 03:34:30.308, 1, 11011, 79
2026/08/10 03:34:31.308, 0, 21497, 34
2026/08/10 03:34:31.308, 1, 11011, 34
2026/08/10 03:34:32.308, 0, 21497, 77
2026/08/10 03:34:32.309, 1, 11011, 100
2026/08/10 03:34:33.309, 0, 21497, 83
2026/08/10 03:34:33.309, 1, 14147, 100
2026/08/10 03:34:34.310, 0, 21497, 100
2026/08/10 03:34:34.310, 1, 15235, 77
2026/08/10 03:34:35.310, 0, 21497, 100
2026/08/10 03:34:35.311, 1, 15235, 38
2026/08/10 03:34:36.311, 0, 21497, 0
2026/08/10 03:34:36.311, 1, 15619, 90
2026/08/10 03:34:37.311, 0, 21497, 0
2026/08/10 03:34:37.312, 1, 15747, 69
2026/08/10 03:34:38.312, 0, 6169, 68
2026/08/10 03:34:38.312, 1, 15779, 16
2026/08/10 03:34:39.312, 0, 11321, 100
2026/08/10 03:34:39.313, 1, 15747, 67
2026/08/10 03:34:40.313, 0, 11481, 100
2026/08/10 03:34:40.313, 1, 15747, 0
2026/08/10 03:34:41.313, 0, 12505, 80
2026/08/10 03:34:41.314, 1, 15747, 4
2026/08/10 03:34:42.314, 0, 13657, 76
2026/08/10 03:34:42.314, 1, 15747, 0
2026/08/10 03:34:43.314, 0, 13817, 100
2026/08/10 03:34:43.315, 1, 15747, 17
2026/08/10 03:34:44.315, 0, 13817, 100
2026/08/10 03:34:44.315, 1, 15747, 58
2026/08/10 03:34:45.315, 0, 13913, 100
2026/08/10 03:34:45.316, 1, 15747, 100
2026/08/10 03:34:46.316, 0, 13913, 91
2026/08/10 03:34:46.316, 1, 15747, 13
2026/08/10 03:34:47.316, 0, 14041, 100
2026/08/10 03:34:47.316, 1, 15747, 7
2026/08/10 03:34:48.316, 0, 14041, 51
2026/08/10 03:34:48.317, 1, 15747, 0
2026/08/10 03:34:49.317, 0, 14265, 73
2026/08/10 03:34:49.317, 1, 15747, 0
2026/08/10 03:34:50.317, 0, 14265, 0
2026/08/10 03:34:50.318, 1, 5219, 89
2026/08/10 03:34:51.318, 0, 14265, 87
2026/08/10 03:34:51.318, 1, 9219, 100
2026/08/10 03:34:52.318, 0, 14265, 100
2026/08/10 03:34:52.319, 1, 9763, 90
2026/08/10 03:34:53.319, 0, 14233, 100
2026/08/10 03:34:53.319, 1, 9987, 52
2026/08/10 03:34:54.319, 0, 14233, 36
2026/08/10 03:34:54.319, 1, 11875, 100
2026/08/10 03:34:55.320, 0, 14233, 100
2026/08/10 03:34:55.320, 1, 13923, 93
2026/08/10 03:34:56.320, 0, 14233, 100
2026/08/10 03:34:56.321, 1, 14115, 90
2026/08/10 03:34:57.321, 0, 14265, 63
2026/08/10 03:34:57.321, 1, 14147, 100
2026/08/10 03:34:58.321, 0, 14233, 45
2026/08/10 03:34:58.322, 1, 14211, 38
2026/08/10 03:34:59.322, 0, 14233, 100
2026/08/10 03:34:59.322, 1, 16259, 82
2026/08/10 03:35:00.322, 0, 14233, 87
2026/08/10 03:35:00.323, 1, 15267, 50
2026/08/10 03:35:01.323, 0, 14233, 0
2026/08/10 03:35:01.323, 1, 15395, 85
2026/08/10 03:35:02.323, 0, 7321, 7
2026/08/10 03:35:02.324, 1, 15395, 81
2026/08/10 03:35:03.324, 0, 10777, 90
2026/08/10 03:35:03.324, 1, 17475, 90
2026/08/10 03:35:04.324, 0, 11257, 100
2026/08/10 03:35:04.325, 1, 17475, 99
2026/08/10 03:35:05.325, 0, 12441, 78
2026/08/10 03:35:05.325, 1, 17475, 57
2026/08/10 03:35:06.325, 0, 12569, 100
2026/08/10 03:35:06.326, 1, 17475, 93
2026/08/10 03:35:07.326, 0, 12569, 70
2026/08/10 03:35:07.326, 1, 17571, 48
2026/08/10 03:35:08.326, 0, 12537, 77
2026/08/10 03:35:08.327, 1, 17571, 76
2026/08/10 03:35:09.327, 0, 12537, 98
2026/08/10 03:35:09.327, 1, 17571, 90
2026/08/10 03:35:10.327, 0, 12729, 74
2026/08/10 03:35:10.328, 1, 17571, 63
2026/08/10 03:35:11.328, 0, 12729, 85
2026/08/10 03:35:11.328, 1, 17571, 32
2026/08/10 03:35:12.328, 0, 12729, 100
2026/08/10 03:35:12.328, 1, 17603, 90
2026/08/10 03:35:13.329, 0, 12729, 87
2026/08/10 03:35:13.329, 1, 17603, 72
2026/08/10 03:35:14.329, 0, 12729, 75
2026/08/10 03:35:14.330, 1, 17603, 100
2026/08/10 03:35:15.330, 0, 12761, 82
2026/08/10 03:35:15.330, 1, 17731, 100
2026/08/10 03:35:16.330, 0, 12761, 35
2026/08/10 03:35:16.331, 1, 17731, 62
2026/08/10 03:35:17.331, 0, 12761, 55
2026/08/10 03:35:17.331, 1, 17731, 95
2026/08/10 03:35:18.331, 0, 12761, 35
2026/08/10 03:35:18.332, 1, 17731, 57
2026/08/10 03:35:19.332, 0, 12761, 63
2026/08/10 03:35:19.332, 1, 17731, 79
2026/08/10 03:35:20.332, 0, 12761, 57
2026/08/10 03:35:20.332, 1, 17731, 64
2026/08/10 03:35:21.333, 0, 12761, 99
2026/08/10 03:35:21.333, 1, 17699, 74
2026/08/10 03:35:22.333, 0, 12761, 94
2026/08/10 03:35:22.334, 1, 17699, 71
2026/08/10 03:35:23.334, 0, 12761, 100
2026/08/10 03:35:23.334, 1, 17699, 54
2026/08/10 03:35:24.334, 0, 12761, 68
2026/08/10 03:35:24.335, 1, 17699, 23
2026/08/10 03:35:25.335, 0, 12761, 93
2026/08/10 03:35:25.335, 1, 17699, 100
2026/08/10 03:35:26.335, 0, 12761, 70
2026/08/10 03:35:26.336, 1, 17699, 65
2026/08/10 03:35:27.336, 0, 12761, 100
2026/08/10 03:35:27.336, 1, 17699, 90
2026/08/10 03:35:28.336, 0, 12761, 83
2026/08/10 03:35:28.337, 1, 17699, 99
2026/08/10 03:35:29.337, 0, 12761, 63
2026/08/10 03:35:29.337, 1, 17699, 86
2026/08/10 03:35:30.337, 0, 12761, 47
2026/08/10 03:35:30.338, 1, 17699, 73
2026/08/10 03:35:31.338, 0, 12761, 69
2026/08/10 03:35:31.338, 1, 17699, 100
2026/08/10 03:35:32.338, 0, 12761, 88
2026/08/10 03:35:32.338, 1, 17699, 74
2026/08/10 03:35:33.339, 0, 13977, 21
2026/08/10 03:35:33.339, 1, 17699, 48
2026/08/10 03:35:34.339, 0, 13977, 80
2026/08/10 03:35:34.340, 1, 17699, 92
2026/08/10 03:35:35.340, 0, 13977, 90
2026/08/10 03:35:35.340, 1, 17699, 94
2026/08/10 03:35:36.340, 0, 13977, 100
2026/08/10 03:35:36.340, 1, 17699, 0
2026/08/10 03:35:37.340, 0, 13977, 84
2026/08/10 03:35:37.341, 1, 17699, 0
2026/08/10 03:35:38.341, 0, 13977, 93
2026/08/10 03:35:38.341, 1, 17699, 0
2026/08/10 03:35:39.341, 0, 13945, 90
2026/08/10 03:35:39.342, 1, 17699, 100
2026/08/10 03:35:40.342, 0, 13945, 52
2026/08/10 03:35:40.342, 1, 17699, 7
2026/08/10 03:35:41.342, 0, 13945, 81
2026/08/10 03:35:41.342, 1, 14211, 0
2026/08/10 03:35:42.343, 0, 13945, 98
2026/08/10 03:35:42.343, 1, 7171, 85
2026/08/10 03:35:43.343, 0, 13945, 66
2026/08/10 03:35:43.343, 1, 8739, 92
2026/08/10 03:35:44.343, 0, 13945, 40
2026/08/10 03:35:44.344, 1, 8835, 97
2026/08/10 03:35:45.344, 0, 13945, 91
2026/08/10 03:35:45.344, 1, 9859, 62
2026/08/10 03:35:46.344, 0, 13945, 50
2026/08/10 03:35:46.345, 1, 12931, 100
2026/08/10 03:35:47.345, 0, 13945, 100
2026/08/10 03:35:47.345, 1, 12995, 98
2026/08/10 03:35:48.345, 0, 13945, 90
2026/08/10 03:35:48.346, 1, 13155, 61
2026/08/10 03:35:49.346, 0, 13945, 73
2026/08/10 03:35:49.346, 1, 15203, 56
2026/08/10 03:35:50.346, 0, 13945, 96
2026/08/10 03:35:50.347, 1, 14147, 43
2026/08/10 03:35:51.347, 0, 13945, 68
2026/08/10 03:35:51.347, 1, 14147, 88
2026/08/10 03:35:52.348, 0, 13945, 88
2026/08/10 03:35:52.348, 1, 14147, 6
2026/08/10 03:35:53.348, 0, 13945, 61
2026/08/10 03:35:53.348, 1, 14147, 85
2026/08/10 03:35:54.349, 0, 13945, 87
2026/08/10 03:35:54.349, 1, 14179, 100
2026/08/10 03:35:55.349, 0, 13977, 66
2026/08/10 03:35:55.349, 1, 14179, 80
2026/08/10 03:35:56.350, 0, 13977, 92
2026/08/10 03:35:56.350, 1, 14179, 67
2026/08/10 03:35:57.350, 0, 13977, 66
2026/08/10 03:35:57.350, 1, 14435, 96
2026/08/10 03:35:58.350, 0, 13977, 86
2026/08/10 03:35:58.351, 1, 14435, 58
2026/08/10 03:35:59.351, 0, 13977, 52
2026/08/10 03:35:59.351, 1, 14435, 76
2026/08/10 03:36:00.351, 0, 13945, 57
2026/08/10 03:36:00.352, 1, 14435, 72
2026/08/10 03:36:01.352, 0, 13945, 100
2026/08/10 03:36:01.352, 1, 14435, 44
2026/08/10 03:36:02.352, 0, 13945, 100
2026/08/10 03:36:02.353, 1, 14435, 81
2026/08/10 03:36:03.353, 0, 13977, 59
2026/08/10 03:36:03.353, 1, 15459, 69
2026/08/10 03:36:04.354, 0, 13977, 70
2026/08/10 03:36:04.354, 1, 15459, 52
2026/08/10 03:36:05.354, 0, 13977, 82
2026/08/10 03:36:05.355, 1, 15459, 66
2026/08/10 03:36:06.355, 0, 13977, 98
2026/08/10 03:36:06.355, 1, 15459, 75
2026/08/10 03:36:07.355, 0, 13977, 100
2026/08/10 03:36:07.355, 1, 15459, 50
2026/08/10 03:36:08.356, 0, 13977, 95
2026/08/10 03:36:08.356, 1, 15459, 95
2026/08/10 03:36:09.356, 0, 13977, 100
2026/08/10 03:36:09.356, 1, 15459, 85
2026/08/10 03:36:10.357, 0, 13977, 84
2026/08/10 03:36:10.357, 1, 15459, 95
2026/08/10 03:36:11.357, 0, 13977, 100
2026/08/10 03:36:11.358, 1, 15459, 91
2026/08/10 03:36:12.358, 0, 13977, 62
2026/08/10 03:36:12.358, 1, 17571, 72
2026/08/10 03:36:13.358, 0, 13977, 42
2026/08/10 03:36:13.359, 1, 17571, 88
2026/08/10 03:36:14.359, 0, 13977, 36
2026/08/10 03:36:14.359, 1, 17731, 81
2026/08/10 03:36:15.359, 0, 13977, 55
2026/08/10 03:36:15.360, 1, 17731, 67
2026/08/10 03:36:16.360, 0, 16025, 36
2026/08/10 03:36:16.360, 1, 17731, 59
2026/08/10 03:36:17.360, 0, 16025, 74
2026/08/10 03:36:17.361, 1, 17731, 98
2026/08/10 03:36:18.361, 0, 16025, 100
2026/08/10 03:36:18.361, 1, 17731, 100
2026/08/10 03:36:19.361, 0, 16025, 100
2026/08/10 03:36:19.362, 1, 17731, 92
2026/08/10 03:36:20.362, 0, 16025, 97
2026/08/10 03:36:20.362, 1, 17731, 100
2026/08/10 03:36:21.362, 0, 16025, 94
2026/08/10 03:36:21.363, 1, 17731, 74
2026/08/10 03:36:22.363, 0, 16025, 64
2026/08/10 03:36:22.363, 1, 17731, 69
2026/08/10 03:36:23.363, 0, 16153, 66
2026/08/10 03:36:23.364, 1, 17699, 92
2026/08/10 03:36:24.364, 0, 16153, 100
2026/08/10 03:36:24.364, 1, 17699, 66
2026/08/10 03:36:25.364, 0, 16153, 32
2026/08/10 03:36:25.365, 1, 17699, 73
2026/08/10 03:36:26.365, 0, 16153, 100
2026/08/10 03:36:26.365, 1, 17699, 41
2026/08/10 03:36:27.365, 0, 16153, 69
2026/08/10 03:36:27.366, 1, 17699, 79
2026/08/10 03:36:28.366, 0, 16153, 88
2026/08/10 03:36:28.366, 1, 17699, 98
2026/08/10 03:36:29.366, 0, 16153, 100
2026/08/10 03:36:29.367, 1, 17699, 79
2026/08/10 03:36:30.367, 0, 16153, 42
2026/08/10 03:36:30.367, 1, 17827, 100
2026/08/10 03:36:31.367, 0, 16153, 100
2026/08/10 03:36:31.367, 1, 17955, 91
2026/08/10 03:36:32.368, 0, 16153, 97
2026/08/10 03:36:32.368, 1, 17955, 41
2026/08/10 03:36:33.368, 0, 16153, 59
2026/08/10 03:36:33.368, 1, 17955, 97
2026/08/10 03:36:34.369, 0, 16153, 91
2026/08/10 03:36:34.369, 1, 17955, 66
2026/08/10 03:36:35.369, 0, 16153, 95
2026/08/10 03:36:35.369, 1, 17955, 37
2026/08/10 03:36:36.369, 0, 16153, 43
2026/08/10 03:36:36.370, 1, 17955, 90
2026/08/10 03:36:37.370, 0, 16153, 78
2026/08/10 03:36:37.370, 1, 17955, 68
2026/08/10 03:36:38.370, 0, 16153, 76
2026/08/10 03:36:38.371, 1, 17955, 61
2026/08/10 03:36:39.371, 0, 18233, 83
2026/08/10 03:36:39.371, 1, 17955, 94
2026/08/10 03:36:40.371, 0, 18489, 24
2026/08/10 03:36:40.372, 1, 17955, 100
2026/08/10 03:36:41.372, 0, 18489, 55
2026/08/10 03:36:41.372, 1, 17955, 100
2026/08/10 03:36:42.373, 0, 18489, 47
2026/08/10 03:36:42.373, 1, 17955, 19
2026/08/10 03:36:43.373, 0, 18489, 86
2026/08/10 03:36:43.373, 1, 17955, 80
2026/08/10 03:36:44.373, 0, 18489, 95
2026/08/10 03:36:44.374, 1, 17955, 48
2026/08/10 03:36:45.374, 0, 18489, 40
2026/08/10 03:36:45.374, 1, 17955, 96
2026/08/10 03:36:46.374, 0, 18489, 97
2026/08/10 03:36:46.375, 1, 17955, 100
2026/08/10 03:36:47.375, 0, 18489, 100
2026/08/10 03:36:47.375, 1, 17955, 100
2026/08/10 03:36:48.375, 0, 18489, 100
2026/08/10 03:36:48.376, 1, 17955, 33
2026/08/10 03:36:49.376, 0, 18489, 100
2026/08/10 03:36:49.376, 1, 17955, 52
2026/08/10 03:36:50.376, 0, 18489, 70
2026/08/10 03:36:50.376, 1, 16131, 0
2026/08/10 03:36:51.377, 0, 18489, 90
2026/08/10 03:36:51.377, 1, 6467, 55
2026/08/10 03:36:52.377, 0, 18617, 58
2026/08/10 03:36:52.377, 1, 10915, 46
2026/08/10 03:36:53.378, 0, 18617, 65
2026/08/10 03:36:53.378, 1, 14019, 50
2026/08/10 03:36:54.378, 0, 18617, 76
2026/08/10 03:36:54.378, 1, 15011, 100
2026/08/10 03:36:55.379, 0, 18617, 50
2026/08/10 03:36:55.379, 1, 15011, 83
2026/08/10 03:36:56.379, 0, 18617, 95
2026/08/10 03:36:56.380, 1, 15011, 58
2026/08/10 03:36:57.380, 0, 18617, 76
2026/08/10 03:36:57.380, 1, 15011, 59
2026/08/10 03:36:58.380, 0, 18617, 87
2026/08/10 03:36:58.380, 1, 15011, 69
2026/08/10 03:36:59.380, 0, 18617, 78
2026/08/10 03:36:59.381, 1, 17283, 75
2026/08/10 03:37:00.381, 0, 18617, 84
2026/08/10 03:37:00.381, 1, 17283, 100
2026/08/10 03:37:01.381, 0, 18617, 57
2026/08/10 03:37:01.382, 1, 17283, 54
2026/08/10 03:37:02.382, 0, 18617, 100
2026/08/10 03:37:02.382, 1, 17347, 100
2026/08/10 03:37:03.382, 0, 18617, 92
2026/08/10 03:37:03.383, 1, 17507, 56
2026/08/10 03:37:04.383, 0, 18585, 85
2026/08/10 03:37:04.383, 1, 17507, 62
2026/08/10 03:37:05.383, 0, 18585, 58
2026/08/10 03:37:05.383, 1, 17475, 100
2026/08/10 03:37:06.384, 0, 18585, 50
2026/08/10 03:37:06.384, 1, 19555, 100
2026/08/10 03:37:07.384, 0, 18585, 100
2026/08/10 03:37:07.385, 1, 19555, 63
2026/08/10 03:37:08.385, 0, 18585, 100
2026/08/10 03:37:08.385, 1, 19555, 100
2026/08/10 03:37:09.385, 0, 18617, 57
2026/08/10 03:37:09.386, 1, 19555, 85
2026/08/10 03:37:10.386, 0, 18617, 36
2026/08/10 03:37:10.386, 1, 19555, 95
2026/08/10 03:37:11.386, 0, 18617, 76
2026/08/10 03:37:11.387, 1, 19555, 100
2026/08/10 03:37:12.387, 0, 18617, 100
2026/08/10 03:37:12.387, 1, 19555, 90
2026/08/10 03:37:13.387, 0, 18617, 100
2026/08/10 03:37:13.387, 1, 19555, 75
2026/08/10 03:37:14.387, 0, 18585, 60
2026/08/10 03:37:14.388, 1, 19555, 81
2026/08/10 03:37:15.388, 0, 18585, 88
2026/08/10 03:37:15.388, 1, 19555, 92
2026/08/10 03:37:16.389, 0, 18585, 81
2026/08/10 03:37:16.389, 1, 19683, 84
2026/08/10 03:37:17.389, 0, 18617, 61
2026/08/10 03:37:17.389, 1, 19683, 100
2026/08/10 03:37:18.390, 0, 18617, 82
2026/08/10 03:37:18.390, 1, 19683, 71
2026/08/10 03:37:19.390, 0, 18617, 100
2026/08/10 03:37:19.391, 1, 19683, 63
2026/08/10 03:37:20.391, 0, 18617, 75
2026/08/10 03:37:20.391, 1, 19683, 46
2026/08/10 03:37:21.391, 0, 18617, 83
2026/08/10 03:37:21.391, 1, 19683, 78
2026/08/10 03:37:22.392, 0, 18585, 86
2026/08/10 03:37:22.392, 1, 19683, 71
2026/08/10 03:37:23.392, 0, 18585, 66
2026/08/10 03:37:23.392, 1, 19683, 67
2026/08/10 03:37:24.392, 0, 18585, 98
2026/08/10 03:37:24.393, 1, 19683, 82
2026/08/10 03:37:25.393, 0, 19353, 91
2026/08/10 03:37:25.393, 1, 19683, 96
2026/08/10 03:37:26.393, 0, 19353, 29
2026/08/10 03:37:26.394, 1, 19683, 75
2026/08/10 03:37:27.394, 0, 19385, 100
2026/08/10 03:37:27.394, 1, 19683, 57
2026/08/10 03:37:28.394, 0, 19385, 42
2026/08/10 03:37:28.395, 1, 19651, 67
2026/08/10 03:37:29.395, 0, 19385, 61
2026/08/10 03:37:29.396, 1, 19651, 96
2026/08/10 03:37:30.396, 0, 19385, 100
2026/08/10 03:37:30.396, 1, 19651, 95
2026/08/10 03:37:31.396, 0, 19385, 95
2026/08/10 03:37:31.397, 1, 19971, 84
2026/08/10 03:37:32.397, 0, 19385, 91
2026/08/10 03:37:32.397, 1, 19971, 76
2026/08/10 03:37:33.398, 0, 19385, 74
2026/08/10 03:37:33.398, 1, 19971, 100
2026/08/10 03:37:34.398, 0, 19353, 100
2026/08/10 03:37:34.398, 1, 19971, 22
2026/08/10 03:37:35.398, 0, 19353, 80
2026/08/10 03:37:35.399, 1, 19971, 62
2026/08/10 03:37:36.399, 0, 19385, 48
2026/08/10 03:37:36.399, 1, 19971, 34
2026/08/10 03:37:37.399, 0, 19385, 77
2026/08/10 03:37:37.399, 1, 19971, 70
2026/08/10 03:37:38.400, 0, 19385, 63
2026/08/10 03:37:38.400, 1, 19971, 81
2026/08/10 03:37:39.400, 0, 19385, 100
2026/08/10 03:37:39.401, 1, 19971, 100
2026/08/10 03:37:40.401, 0, 19385, 26
2026/08/10 03:37:40.401, 1, 19971, 95
2026/08/10 03:37:41.401, 0, 19385, 58
2026/08/10 03:37:41.401, 1, 19971, 83
2026/08/10 03:37:42.402, 0, 19353, 100
2026/08/10 03:37:42.402, 1, 19939, 100
2026/08/10 03:37:43.402, 0, 19353, 74
2026/08/10 03:37:43.402, 1, 19939, 79
2026/08/10 03:37:44.402, 0, 19353, 46
2026/08/10 03:37:44.403, 1, 19939, 65
2026/08/10 03:37:45.403, 0, 19353, 26
2026/08/10 03:37:45.403, 1, 19939, 47
2026/08/10 03:37:46.403, 0, 19353, 100
2026/08/10 03:37:46.404, 1, 19939, 100
2026/08/10 03:37:47.404, 0, 19385, 81
2026/08/10 03:37:47.404, 1, 19971, 100
2026/08/10 03:37:48.404, 0, 19385, 74
2026/08/10 03:37:48.404, 1, 19971, 65
2026/08/10 03:37:49.405, 0, 19385, 86
2026/08/10 03:37:49.405, 1, 19971, 100
2026/08/10 03:37:50.405, 0, 19385, 100
2026/08/10 03:37:50.405, 1, 19971, 76
2026/08/10 03:37:51.405, 0, 19385, 24
2026/08/10 03:37:51.406, 1, 19971, 48
2026/08/10 03:37:52.406, 0, 19385, 36
2026/08/10 03:37:52.406, 1, 19971, 71
2026/08/10 03:37:53.406, 0, 19353, 81
2026/08/10 03:37:53.408, 1, 19971, 56
2026/08/10 03:37:54.408, 0, 19353, 40
2026/08/10 03:37:54.408, 1, 19971, 100
2026/08/10 03:37:55.408, 0, 19353, 59
2026/08/10 03:37:55.409, 1, 19971, 66
2026/08/10 03:37:56.409, 0, 19353, 71
2026/08/10 03:37:56.409, 1, 19971, 29
2026/08/10 03:37:57.409, 0, 19353, 89
2026/08/10 03:37:57.410, 1, 19971, 81
2026/08/10 03:37:58.410, 0, 19353, 96
2026/08/10 03:37:58.410, 1, 20067, 69
2026/08/10 03:37:59.410, 0, 19353, 100
2026/08/10 03:37:59.411, 1, 20067, 95
2026/08/10 03:38:00.411, 0, 19353, 0
2026/08/10 03:38:00.411, 1, 20067, 96
2026/08/10 03:38:01.411, 0, 19385, 0
2026/08/10 03:38:01.412, 1, 20067, 85
2026/08/10 03:38:02.412, 0, 19385, 100
2026/08/10 03:38:02.412, 1, 20067, 100
2026/08/10 03:38:03.412, 0, 19385, 77
2026/08/10 03:38:03.413, 1, 20067, 85
2026/08/10 03:38:04.413, 0, 19385, 36
2026/08/10 03:38:04.413, 1, 20323, 46
2026/08/10 03:38:05.413, 0, 19385, 46
2026/08/10 03:38:05.414, 1, 20323, 34
2026/08/10 03:38:06.414, 0, 19385, 71
2026/08/10 03:38:06.414, 1, 20323, 39
2026/08/10 03:38:07.414, 0, 19385, 88
2026/08/10 03:38:07.415, 1, 20323, 82
2026/08/10 03:38:08.415, 0, 19353, 63
2026/08/10 03:38:08.415, 1, 20323, 53
2026/08/10 03:38:09.415, 0, 19353, 100
2026/08/10 03:38:09.416, 1, 20323, 70
2026/08/10 03:38:10.416, 0, 19353, 80
2026/08/10 03:38:10.416, 1, 20323, 51
2026/08/10 03:38:11.416, 0, 19353, 57
2026/08/10 03:38:11.417, 1, 20323, 100
2026/08/10 03:38:12.418, 0, 19353, 100
2026/08/10 03:38:12.418, 1, 20323, 86
2026/08/10 03:38:13.418, 0, 19353, 81
2026/08/10 03:38:13.418, 1, 20323, 78
2026/08/10 03:38:14.420, 0, 19385, 87
2026/08/10 03:38:14.421, 1, 20323, 67
2026/08/10 03:38:15.421, 0, 19385, 100
2026/08/10 03:38:15.421, 1, 20291, 11
2026/08/10 03:38:16.421, 0, 19385, 41
2026/08/10 03:38:16.423, 1, 20291, 91
2026/08/10 03:38:17.423, 0, 19385, 74
2026/08/10 03:38:17.423, 1, 20291, 92
2026/08/10 03:38:18.423, 0, 19385, 95
2026/08/10 03:38:18.424, 1, 20291, 95
2026/08/10 03:38:19.424, 0, 19385, 71
2026/08/10 03:38:19.424, 1, 20419, 76
2026/08/10 03:38:20.424, 0, 19385, 81
2026/08/10 03:38:20.425, 1, 20419, 36
2026/08/10 03:38:21.425, 0, 19385, 100
2026/08/10 03:38:21.425, 1, 20419, 75
2026/08/10 03:38:22.425, 0, 19385, 58
2026/08/10 03:38:22.426, 1, 20419, 70
2026/08/10 03:38:23.426, 0, 19385, 78
2026/08/10 03:38:23.426, 1, 20419, 27
2026/08/10 03:38:24.426, 0, 19385, 95
2026/08/10 03:38:24.427, 1, 20419, 61
2026/08/10 03:38:25.427, 0, 19385, 87
2026/08/10 03:38:25.427, 1, 20419, 89
2026/08/10 03:38:26.427, 0, 19385, 70
2026/08/10 03:38:26.428, 1, 20387, 83
2026/08/10 03:38:27.428, 0, 19385, 11
2026/08/10 03:38:27.428, 1, 20387, 79
2026/08/10 03:38:28.428, 0, 19385, 90
2026/08/10 03:38:28.429, 1, 20387, 100
2026/08/10 03:38:29.429, 0, 19385, 100
2026/08/10 03:38:29.430, 1, 20387, 72
2026/08/10 03:38:30.430, 0, 19385, 38
2026/08/10 03:38:30.430, 1, 20419, 76
2026/08/10 03:38:31.430, 0, 19385, 68
2026/08/10 03:38:31.430, 1, 20419, 100
2026/08/10 03:38:32.430, 0, 19385, 100
2026/08/10 03:38:32.431, 1, 20419, 80
2026/08/10 03:38:33.431, 0, 19385, 89
2026/08/10 03:38:33.431, 1, 20419, 71
2026/08/10 03:38:34.431, 0, 19385, 100
2026/08/10 03:38:34.431, 1, 20419, 89
2026/08/10 03:38:35.432, 0, 19385, 77
2026/08/10 03:38:35.432, 1, 20419, 20
2026/08/10 03:38:36.432, 0, 19385, 94
2026/08/10 03:38:36.433, 1, 20419, 85
2026/08/10 03:38:37.433, 0, 19385, 53
2026/08/10 03:38:37.433, 1, 20419, 94
2026/08/10 03:38:38.433, 0, 19385, 85
2026/08/10 03:38:38.434, 1, 20419, 73
2026/08/10 03:38:39.434, 0, 19385, 70
2026/08/10 03:38:39.434, 1, 20419, 51
2026/08/10 03:38:40.434, 0, 19385, 100
2026/08/10 03:38:40.435, 1, 20419, 100
2026/08/10 03:38:41.435, 0, 19385, 63
2026/08/10 03:38:41.435, 1, 20419, 86
2026/08/10 03:38:42.437, 0, 19385, 85
2026/08/10 03:38:42.437, 1, 20419, 42
2026/08/10 03:38:43.437, 0, 19385, 100
2026/08/10 03:38:43.438, 1, 20419, 83
2026/08/10 03:38:44.438, 0, 19385, 71
2026/08/10 03:38:44.438, 1, 20419, 92
2026/08/10 03:38:45.438, 0, 19385, 74
2026/08/10 03:38:45.439, 1, 20419, 100
2026/08/10 03:38:46.439, 0, 19385, 100
2026/08/10 03:38:46.439, 1, 20419, 78
2026/08/10 03:38:47.439, 0, 19385, 82
2026/08/10 03:38:47.441, 1, 20675, 53
2026/08/10 03:38:48.441, 0, 19385, 86
2026/08/10 03:38:48.441, 1, 20675, 88
2026/08/10 03:38:49.441, 0, 19385, 58
2026/08/10 03:38:49.442, 1, 20675, 85
2026/08/10 03:38:50.443, 0, 19385, 59
2026/08/10 03:38:50.443, 1, 20675, 100
2026/08/10 03:38:51.443, 0, 19385, 71
2026/08/10 03:38:51.443, 1, 20675, 78
2026/08/10 03:38:52.444, 0, 19385, 71
2026/08/10 03:38:52.444, 1, 20675, 96
2026/08/10 03:38:53.444, 0, 19385, 100
2026/08/10 03:38:53.444, 1, 20675, 75
2026/08/10 03:38:54.445, 0, 19385, 65
2026/08/10 03:38:54.445, 1, 20675, 92
2026/08/10 03:38:55.445, 0, 19385, 80
2026/08/10 03:38:55.445, 1, 20675, 100
2026/08/10 03:38:56.446, 0, 19385, 40
2026/08/10 03:38:56.447, 1, 20707, 86
2026/08/10 03:38:57.447, 0, 19385, 100
2026/08/10 03:38:57.447, 1, 20675, 17
2026/08/10 03:38:58.447, 0, 19385, 100
2026/08/10 03:38:58.448, 1, 20675, 62
2026/08/10 03:38:59.448, 0, 19385, 99
2026/08/10 03:38:59.449, 1, 20675, 76
2026/08/10 03:39:00.449, 0, 19385, 77
2026/08/10 03:39:00.449, 1, 20675, 100
2026/08/10 03:39:01.450, 0, 19385, 92
2026/08/10 03:39:01.450, 1, 20675, 62
2026/08/10 03:39:02.450, 0, 19353, 73
2026/08/10 03:39:02.450, 1, 20643, 75
2026/08/10 03:39:03.450, 0, 19353, 86
2026/08/10 03:39:03.451, 1, 20643, 77
2026/08/10 03:39:04.451, 0, 19353, 66
2026/08/10 03:39:04.451, 1, 20643, 81
2026/08/10 03:39:05.451, 0, 19353, 98
2026/08/10 03:39:05.452, 1, 20643, 61
2026/08/10 03:39:06.452, 0, 19641, 75
2026/08/10 03:39:06.453, 1, 20675, 64
2026/08/10 03:39:07.453, 0, 19641, 100
2026/08/10 03:39:07.453, 1, 20675, 59
2026/08/10 03:39:08.454, 0, 19641, 58
2026/08/10 03:39:08.454, 1, 20675, 40
2026/08/10 03:39:09.454, 0, 19897, 69
2026/08/10 03:39:09.455, 1, 20675, 71
2026/08/10 03:39:10.455, 0, 19897, 52
2026/08/10 03:39:10.456, 1, 20675, 69
2026/08/10 03:39:11.456, 0, 19897, 75
2026/08/10 03:39:11.456, 1, 20675, 54
2026/08/10 03:39:12.456, 0, 19865, 80
2026/08/10 03:39:12.457, 1, 20675, 87
2026/08/10 03:39:13.457, 0, 19865, 68
2026/08/10 03:39:13.457, 1, 20675, 100
2026/08/10 03:39:14.458, 0, 19865, 67
2026/08/10 03:39:14.458, 1, 20675, 79
2026/08/10 03:39:15.458, 0, 19865, 88
2026/08/10 03:39:15.459, 1, 20675, 99
2026/08/10 03:39:16.459, 0, 19865, 69
2026/08/10 03:39:16.459, 1, 20899, 100
2026/08/10 03:39:17.460, 0, 19865, 86
2026/08/10 03:39:17.460, 1, 20899, 70
2026/08/10 03:39:18.460, 0, 19865, 74
2026/08/10 03:39:18.460, 1, 20899, 84
2026/08/10 03:39:19.460, 0, 19865, 66
2026/08/10 03:39:19.461, 1, 20899, 87
2026/08/10 03:39:20.461, 0, 19865, 47
2026/08/10 03:39:20.461, 1, 20899, 89
2026/08/10 03:39:21.462, 0, 19897, 72
2026/08/10 03:39:21.462, 1, 20899, 100
2026/08/10 03:39:22.462, 0, 19897, 84
2026/08/10 03:39:22.462, 1, 20867, 65
2026/08/10 03:39:23.462, 0, 19897, 31
2026/08/10 03:39:23.463, 1, 20867, 88
2026/08/10 03:39:24.463, 0, 19897, 48
2026/08/10 03:39:24.463, 1, 20867, 76
2026/08/10 03:39:25.464, 0, 19897, 96
2026/08/10 03:39:25.465, 1, 20867, 67
2026/08/10 03:39:26.465, 0, 19897, 85
2026/08/10 03:39:26.465, 1, 20867, 100
2026/08/10 03:39:27.465, 0, 19865, 95
2026/08/10 03:39:27.466, 1, 20867, 80
2026/08/10 03:39:28.466, 0, 19865, 60
2026/08/10 03:39:28.466, 1, 20867, 84
2026/08/10 03:39:29.466, 0, 19865, 98
2026/08/10 03:39:29.467, 1, 20867, 81
2026/08/10 03:39:30.467, 0, 19897, 58
2026/08/10 03:39:30.467, 1, 20867, 17
2026/08/10 03:39:31.468, 0, 19897, 100
2026/08/10 03:39:31.468, 1, 20867, 90
2026/08/10 03:39:32.468, 0, 19897, 40
2026/08/10 03:39:32.469, 1, 20867, 75
2026/08/10 03:39:33.469, 0, 19897, 100
2026/08/10 03:39:33.470, 1, 20867, 97
2026/08/10 03:39:34.470, 0, 19897, 100
2026/08/10 03:39:34.470, 1, 20867, 100
2026/08/10 03:39:35.470, 0, 19897, 94
2026/08/10 03:39:35.471, 1, 20867, 70
2026/08/10 03:39:36.471, 0, 19897, 100
2026/08/10 03:39:36.471, 1, 20867, 100
2026/08/10 03:39:37.471, 0, 19897, 61
2026/08/10 03:39:37.477, 1, 20867, 100
2026/08/10 03:39:38.477, 0, 19897, 100
2026/08/10 03:39:38.477, 1, 20867, 75
2026/08/10 03:39:39.477, 0, 19897, 100
2026/08/10 03:39:39.478, 1, 20867, 100
2026/08/10 03:39:40.478, 0, 19897, 99
2026/08/10 03:39:40.478, 1, 20899, 100
2026/08/10 03:39:41.478, 0, 19897, 91
2026/08/10 03:39:41.479, 1, 20899, 71
2026/08/10 03:39:42.479, 0, 19897, 100
2026/08/10 03:39:42.479, 1, 20899, 94
2026/08/10 03:39:43.479, 0, 19897, 100
2026/08/10 03:39:43.480, 1, 20899, 79
2026/08/10 03:39:44.480, 0, 19897, 92
2026/08/10 03:39:44.480, 1, 20899, 48
2026/08/10 03:39:45.481, 0, 19865, 77
2026/08/10 03:39:45.481, 1, 20899, 37
2026/08/10 03:39:46.481, 0, 21529, 86
2026/08/10 03:39:46.481, 1, 20899, 91
2026/08/10 03:39:47.481, 0, 21529, 41
2026/08/10 03:39:47.482, 1, 20899, 100
2026/08/10 03:39:48.483, 0, 21529, 69
2026/08/10 03:39:48.483, 1, 20899, 96
2026/08/10 03:39:49.483, 0, 21529, 100
2026/08/10 03:39:49.484, 1, 20899, 30
2026/08/10 03:39:50.484, 0, 21561, 67
2026/08/10 03:39:50.484, 1, 20899, 65
2026/08/10 03:39:51.484, 0, 21561, 100
2026/08/10 03:39:51.484, 1, 20899, 94
2026/08/10 03:39:52.485, 0, 21561, 85
2026/08/10 03:39:52.485, 1, 20899, 67
2026/08/10 03:39:53.485, 0, 21561, 44
2026/08/10 03:39:53.485, 1, 20899, 97
2026/08/10 03:39:54.485, 0, 21561, 75
2026/08/10 03:39:54.486, 1, 20899, 100
2026/08/10 03:39:55.486, 0, 21529, 76
2026/08/10 03:39:55.486, 1, 20867, 75
2026/08/10 03:39:56.486, 0, 21529, 84
2026/08/10 03:39:56.488, 1, 20867, 51
2026/08/10 03:39:57.488, 0, 21529, 85
2026/08/10 03:39:57.488, 1, 20867, 100
2026/08/10 03:39:58.488, 0, 21561, 49
2026/08/10 03:39:58.488, 1, 20867, 100
2026/08/10 03:39:59.489, 0, 21561, 69
2026/08/10 03:39:59.489, 1, 20867, 57
2026/08/10 03:40:00.489, 0, 21689, 50
2026/08/10 03:40:00.489, 1, 20867, 95
2026/08/10 03:40:01.490, 0, 21689, 89
2026/08/10 03:40:01.490, 1, 20867, 84
2026/08/10 03:40:02.490, 0, 21689, 83
2026/08/10 03:40:02.491, 1, 20867, 100
2026/08/10 03:40:03.491, 0, 21689, 65
2026/08/10 03:40:03.491, 1, 20867, 53
2026/08/10 03:40:04.491, 0, 21689, 82
2026/08/10 03:40:04.491, 1, 20867, 40
2026/08/10 03:40:05.492, 0, 21689, 10
2026/08/10 03:40:05.492, 1, 20867, 100
2026/08/10 03:40:06.492, 0, 21689, 99
2026/08/10 03:40:06.493, 1, 20867, 70
2026/08/10 03:40:07.493, 0, 21689, 100
2026/08/10 03:40:07.494, 1, 20867, 100
2026/08/10 03:40:08.494, 0, 21689, 100
2026/08/10 03:40:08.494, 1, 20867, 66
2026/08/10 03:40:09.495, 0, 21689, 90
2026/08/10 03:40:09.495, 1, 20867, 94
2026/08/10 03:40:10.495, 0, 21689, 100
2026/08/10 03:40:10.495, 1, 20867, 84
2026/08/10 03:40:11.496, 0, 21689, 74
2026/08/10 03:40:11.496, 1, 20867, 82
2026/08/10 03:40:12.496, 0, 21689, 100
2026/08/10 03:40:12.496, 1, 20867, 83
2026/08/10 03:40:13.497, 0, 21689, 41
2026/08/10 03:40:13.497, 1, 21123, 53
2026/08/10 03:40:14.497, 0, 21689, 84
2026/08/10 03:40:14.497, 1, 21123, 100
2026/08/10 03:40:15.498, 0, 21689, 73
2026/08/10 03:40:15.498, 1, 21123, 33
2026/08/10 03:40:16.498, 0, 21689, 100
2026/08/10 03:40:16.499, 1, 21123, 83
2026/08/10 03:40:17.499, 0, 21689, 88
2026/08/10 03:40:17.499, 1, 21123, 100
2026/08/10 03:40:18.499, 0, 21689, 100
2026/08/10 03:40:18.500, 1, 21123, 78
2026/08/10 03:40:19.500, 0, 21689, 61
2026/08/10 03:40:19.500, 1, 21123, 100
2026/08/10 03:40:20.500, 0, 21689, 100
2026/08/10 03:40:20.500, 1, 21123, 100
2026/08/10 03:40:21.501, 0, 21689, 100
2026/08/10 03:40:21.501, 1, 21123, 35
2026/08/10 03:40:22.502, 0, 21689, 100
2026/08/10 03:40:22.502, 1, 21123, 47
2026/08/10 03:40:23.502, 0, 21689, 90
2026/08/10 03:40:23.502, 1, 21123, 100
2026/08/10 03:40:24.502, 0, 21689, 53
2026/08/10 03:40:24.503, 1, 21123, 89
2026/08/10 03:40:25.503, 0, 21689, 65
2026/08/10 03:40:25.503, 1, 21123, 100
2026/08/10 03:40:26.504, 0, 21689, 53
2026/08/10 03:40:26.504, 1, 21123, 77
2026/08/10 03:40:27.504, 0, 21689, 81
2026/08/10 03:40:27.504, 1, 21123, 74
2026/08/10 03:40:28.504, 0, 21689, 77
2026/08/10 03:40:28.505, 1, 21123, 64
2026/08/10 03:40:29.506, 0, 21689, 100
2026/08/10 03:40:29.506, 1, 21123, 100
2026/08/10 03:40:30.506, 0, 21689, 36
2026/08/10 03:40:30.506, 1, 21123, 93
2026/08/10 03:40:31.506, 0, 21689, 73
2026/08/10 03:40:31.507, 1, 21123, 88
2026/08/10 03:40:32.507, 0, 21689, 69
2026/08/10 03:40:32.507, 1, 21123, 36
2026/08/10 03:40:33.507, 0, 21689, 100
2026/08/10 03:40:33.509, 1, 21123, 64
2026/08/10 03:40:34.509, 0, 21689, 75
2026/08/10 03:40:34.509, 1, 21667, 94
2026/08/10 03:40:35.509, 0, 21689, 62
2026/08/10 03:40:35.509, 1, 21667, 74
2026/08/10 03:40:36.510, 0, 21689, 87
2026/08/10 03:40:36.510, 1, 21667, 28
2026/08/10 03:40:37.510, 0, 21689, 34
2026/08/10 03:40:37.510, 1, 21667, 76
2026/08/10 03:40:38.510, 0, 21689, 72
2026/08/10 03:40:38.511, 1, 21667, 42
2026/08/10 03:40:39.511, 0, 21689, 100
2026/08/10 03:40:39.512, 1, 21667, 100
2026/08/10 03:40:40.512, 0, 21689, 94
2026/08/10 03:40:40.512, 1, 21667, 70
2026/08/10 03:40:41.512, 0, 21689, 100
2026/08/10 03:40:41.514, 1, 21667, 93
2026/08/10 03:40:42.514, 0, 21689, 100
2026/08/10 03:40:42.514, 1, 21667, 63
2026/08/10 03:40:43.514, 0, 21689, 43
2026/08/10 03:40:43.515, 1, 21667, 68
2026/08/10 03:40:44.515, 0, 21689, 44
2026/08/10 03:40:44.515, 1, 21667, 78
2026/08/10 03:40:45.515, 0, 21689, 66
2026/08/10 03:40:45.516, 1, 21667, 79
2026/08/10 03:40:46.516, 0, 21689, 100
2026/08/10 03:40:46.516, 1, 21667, 58
2026/08/10 03:40:47.516, 0, 21689, 48
2026/08/10 03:40:47.517, 1, 21667, 45
2026/08/10 03:40:48.517, 0, 21689, 86
2026/08/10 03:40:48.517, 1, 21667, 82
2026/08/10 03:40:49.518, 0, 21689, 83
2026/08/10 03:40:49.518, 1, 21667, 68
2026/08/10 03:40:50.518, 0, 21689, 65
2026/08/10 03:40:50.519, 1, 21635, 56
2026/08/10 03:40:51.519, 0, 21689, 64
2026/08/10 03:40:51.519, 1, 21635, 99
2026/08/10 03:40:52.519, 0, 21689, 67
2026/08/10 03:40:52.520, 1, 21635, 89
2026/08/10 03:40:53.520, 0, 21689, 47
2026/08/10 03:40:53.520, 1, 21635, 95
2026/08/10 03:40:54.520, 0, 21689, 66
2026/08/10 03:40:54.521, 1, 21635, 87
2026/08/10 03:40:55.522, 0, 21689, 81
2026/08/10 03:40:55.522, 1, 21667, 54
2026/08/10 03:40:56.522, 0, 21689, 70
2026/08/10 03:40:56.522, 1, 21667, 89
2026/08/10 03:40:57.522, 0, 21689, 100
2026/08/10 03:40:57.523, 1, 21667, 100
2026/08/10 03:40:58.523, 0, 21689, 100
2026/08/10 03:40:58.523, 1, 21667, 87
2026/08/10 03:40:59.524, 0, 21689, 54
2026/08/10 03:40:59.524, 1, 21667, 100
2026/08/10 03:41:00.524, 0, 21689, 63
2026/08/10 03:41:00.525, 1, 21667, 60
2026/08/10 03:41:01.525, 0, 21689, 89
2026/08/10 03:41:01.525, 1, 21667, 70
2026/08/10 03:41:02.525, 0, 21689, 91
2026/08/10 03:41:02.526, 1, 21667, 82
2026/08/10 03:41:03.526, 0, 21689, 100
2026/08/10 03:41:03.526, 1, 21667, 71
2026/08/10 03:41:04.526, 0, 21689, 72
2026/08/10 03:41:04.527, 1, 21667, 85
2026/08/10 03:41:05.527, 0, 21689, 58
2026/08/10 03:41:05.527, 1, 21667, 92
2026/08/10 03:41:06.527, 0, 21689, 98
2026/08/10 03:41:06.528, 1, 21667, 63
2026/08/10 03:41:07.528, 0, 21689, 70
2026/08/10 03:41:07.528, 1, 21667, 92
2026/08/10 03:41:08.528, 0, 21689, 47
2026/08/10 03:41:08.528, 1, 21667, 98
2026/08/10 03:41:09.529, 0, 21689, 90
2026/08/10 03:41:09.529, 1, 21667, 74
2026/08/10 03:41:10.529, 0, 21689, 85
2026/08/10 03:41:10.529, 1, 21667, 87
2026/08/10 03:41:11.530, 0, 21689, 100
2026/08/10 03:41:11.530, 1, 21667, 60
2026/08/10 03:41:12.530, 0, 21689, 58
2026/08/10 03:41:12.531, 1, 21667, 64
2026/08/10 03:41:13.531, 0, 21689, 79
2026/08/10 03:41:13.531, 1, 21667, 64
2026/08/10 03:41:14.531, 0, 21689, 100
2026/08/10 03:41:14.532, 1, 21667, 53
2026/08/10 03:41:15.532, 0, 21689, 29
2026/08/10 03:41:15.532, 1, 21667, 79
2026/08/10 03:41:16.534, 0, 21689, 55
2026/08/10 03:41:16.534, 1, 21667, 97
2026/08/10 03:41:17.534, 0, 21689, 77
2026/08/10 03:41:17.534, 1, 21667, 64
2026/08/10 03:41:18.535, 0, 21689, 93
2026/08/10 03:41:18.535, 1, 21667, 97
2026/08/10 03:41:19.535, 0, 21689, 100
2026/08/10 03:41:19.535, 1, 21667, 100
2026/08/10 03:41:20.535, 0, 21689, 48
2026/08/10 03:41:20.536, 1, 21667, 100
2026/08/10 03:41:21.536, 0, 21689, 29
2026/08/10 03:41:21.536, 1, 21667, 56
2026/08/10 03:41:22.536, 0, 21689, 61
2026/08/10 03:41:22.537, 1, 21667, 95
2026/08/10 03:41:23.537, 0, 21689, 59
2026/08/10 03:41:23.537, 1, 21667, 74
2026/08/10 03:41:24.538, 0, 21689, 72
2026/08/10 03:41:24.538, 1, 22787, 62
2026/08/10 03:41:25.538, 0, 21689, 26
2026/08/10 03:41:25.540, 1, 22787, 36
2026/08/10 03:41:26.540, 0, 21689, 69
2026/08/10 03:41:26.540, 1, 22787, 82
2026/08/10 03:41:27.540, 0, 21689, 91
2026/08/10 03:41:27.541, 1, 22851, 98
2026/08/10 03:41:28.541, 0, 21689, 84
2026/08/10 03:41:28.541, 1, 22851, 83
2026/08/10 03:41:29.541, 0, 21689, 40
2026/08/10 03:41:29.542, 1, 22851, 100
2026/08/10 03:41:30.542, 0, 21689, 85
2026/08/10 03:41:30.542, 1, 22851, 56
2026/08/10 03:41:31.542, 0, 21689, 86
2026/08/10 03:41:31.543, 1, 22851, 79
2026/08/10 03:41:32.543, 0, 21689, 50
2026/08/10 03:41:32.543, 1, 22851, 99
2026/08/10 03:41:33.543, 0, 21689, 86
2026/08/10 03:41:33.544, 1, 22851, 100
2026/08/10 03:41:34.544, 0, 21689, 100
2026/08/10 03:41:34.544, 1, 22851, 78
2026/08/10 03:41:35.544, 0, 21689, 78
2026/08/10 03:41:35.545, 1, 23267, 58
2026/08/10 03:41:36.546, 0, 21689, 100
2026/08/10 03:41:36.546, 1, 23267, 100
2026/08/10 03:41:37.546, 0, 21689, 97
2026/08/10 03:41:37.547, 1, 23267, 54
2026/08/10 03:41:38.547, 0, 21689, 70
2026/08/10 03:41:38.547, 1, 23267, 82
2026/08/10 03:41:39.547, 0, 21689, 81
2026/08/10 03:41:39.548, 1, 23267, 87
2026/08/10 03:41:40.548, 0, 21689, 77
2026/08/10 03:41:40.548, 1, 23267, 95
2026/08/10 03:41:41.548, 0, 21689, 62
2026/08/10 03:41:41.549, 1, 23267, 84
2026/08/10 03:41:42.549, 0, 21689, 92
2026/08/10 03:41:42.549, 1, 23267, 44
2026/08/10 03:41:43.549, 0, 21689, 100
2026/08/10 03:41:43.550, 1, 23235, 86
2026/08/10 03:41:44.550, 0, 21689, 63
2026/08/10 03:41:44.550, 1, 23235, 96
2026/08/10 03:41:45.550, 0, 21689, 71
2026/08/10 03:41:45.551, 1, 23235, 66
2026/08/10 03:41:46.551, 0, 21689, 73
2026/08/10 03:41:46.551, 1, 23235, 100
2026/08/10 03:41:47.551, 0, 21689, 20
2026/08/10 03:41:47.552, 1, 23235, 78
2026/08/10 03:41:48.552, 0, 21689, 83
2026/08/10 03:41:48.552, 1, 23235, 99
2026/08/10 03:41:49.552, 0, 21689, 68
2026/08/10 03:41:49.553, 1, 23171, 86
2026/08/10 03:41:50.553, 0, 21689, 39
2026/08/10 03:41:50.553, 1, 23171, 71
2026/08/10 03:41:51.553, 0, 23545, 73
2026/08/10 03:41:51.553, 1, 23171, 65
2026/08/10 03:41:52.554, 0, 23545, 83
2026/08/10 03:41:52.554, 1, 23203, 90
2026/08/10 03:41:53.554, 0, 23545, 100
2026/08/10 03:41:53.555, 1, 23203, 95
2026/08/10 03:41:54.555, 0, 23545, 68
2026/08/10 03:41:54.555, 1, 23203, 79
2026/08/10 03:41:55.555, 0, 23545, 100
2026/08/10 03:41:55.556, 1, 23203, 40
2026/08/10 03:41:56.556, 0, 23545, 100
2026/08/10 03:41:56.556, 1, 23203, 79
2026/08/10 03:41:57.557, 0, 23545, 78
2026/08/10 03:41:57.557, 1, 23203, 95
2026/08/10 03:41:58.557, 0, 23545, 70
2026/08/10 03:41:58.558, 1, 23203, 60
2026/08/10 03:41:59.558, 0, 23545, 100
2026/08/10 03:41:59.558, 1, 23203, 100
2026/08/10 03:42:00.558, 0, 23545, 80
2026/08/10 03:42:00.558, 1, 23203, 97
2026/08/10 03:42:01.559, 0, 23545, 53
2026/08/10 03:42:01.559, 1, 23203, 73
2026/08/10 03:42:02.559, 0, 23545, 100
2026/08/10 03:42:02.559, 1, 23203, 74
2026/08/10 03:42:03.559, 0, 23545, 89
2026/08/10 03:42:03.560, 1, 23203, 98
2026/08/10 03:42:04.560, 0, 23545, 92
2026/08/10 03:42:04.560, 1, 23203, 48
2026/08/10 03:42:05.560, 0, 23545, 45
2026/08/10 03:42:05.561, 1, 23203, 82
2026/08/10 03:42:06.561, 0, 23545, 99
2026/08/10 03:42:06.561, 1, 23203, 61
2026/08/10 03:42:07.561, 0, 23545, 66
2026/08/10 03:42:07.561, 1, 23203, 99
2026/08/10 03:42:08.562, 0, 23545, 79
2026/08/10 03:42:08.562, 1, 23203, 43
2026/08/10 03:42:09.562, 0, 23545, 75
2026/08/10 03:42:09.562, 1, 23203, 100
2026/08/10 03:42:10.563, 0, 23545, 80
2026/08/10 03:42:10.563, 1, 23203, 95
2026/08/10 03:42:11.563, 0, 23545, 73
2026/08/10 03:42:11.563, 1, 23203, 51
2026/08/10 03:42:12.563, 0, 23545, 92
2026/08/10 03:42:12.564, 1, 23203, 0
2026/08/10 03:42:13.564, 0, 23545, 100
2026/08/10 03:42:13.564, 1, 23203, 81
2026/08/10 03:42:14.564, 0, 23545, 79
2026/08/10 03:42:14.565, 1, 23203, 64
2026/08/10 03:42:15.565, 0, 23545, 52
2026/08/10 03:42:15.565, 1, 23203, 52
2026/08/10 03:42:16.566, 0, 23545, 60
2026/08/10 03:42:16.566, 1, 23203, 77
2026/08/10 03:42:17.566, 0, 23545, 100
2026/08/10 03:42:17.567, 1, 23203, 65
2026/08/10 03:42:18.567, 0, 23545, 76
2026/08/10 03:42:18.567, 1, 23203, 41
2026/08/10 03:42:19.567, 0, 23545, 40
2026/08/10 03:42:19.568, 1, 23203, 71
2026/08/10 03:42:20.568, 0, 23545, 81
2026/08/10 03:42:20.568, 1, 23203, 100
2026/08/10 03:42:21.568, 0, 23545, 63
2026/08/10 03:42:21.569, 1, 23203, 53
2026/08/10 03:42:22.569, 0, 23545, 66
2026/08/10 03:42:22.569, 1, 23203, 95
2026/08/10 03:42:23.569, 0, 23545, 56
2026/08/10 03:42:23.570, 1, 23203, 53
2026/08/10 03:42:24.570, 0, 23545, 100
2026/08/10 03:42:24.570, 1, 23203, 100
2026/08/10 03:42:25.571, 0, 23545, 77
2026/08/10 03:42:25.571, 1, 23203, 96
2026/08/10 03:42:26.571, 0, 23545, 100
2026/08/10 03:42:26.572, 1, 23203, 68
2026/08/10 03:42:27.572, 0, 23545, 100
2026/08/10 03:42:27.572, 1, 23203, 54
2026/08/10 03:42:28.572, 0, 23545, 60
2026/08/10 03:42:28.573, 1, 23203, 85
2026/08/10 03:42:29.573, 0, 23545, 0
2026/08/10 03:42:29.573, 1, 21251, 88
2026/08/10 03:42:30.573, 0, 23545, 0
2026/08/10 03:42:30.573, 1, 21251, 0
2026/08/10 03:42:31.574, 0, 23545, 0
2026/08/10 03:42:31.574, 1, 21251, 0
2026/08/10 03:42:32.574, 0, 23545, 0
2026/08/10 03:42:32.574, 1, 21251, 0
