2026/08/22 08:15:22.694, 0, 0 %, 217 MiB
2026/08/22 08:15:22.698, 1, 0 %, 16 MiB
2026/08/22 08:15:27.702, 0, 0 %, 481 MiB
2026/08/22 08:15:27.702, 1, 0 %, 347 MiB
2026/08/22 08:15:32.702, 0, 0 %, 567 MiB
2026/08/22 08:15:32.703, 1, 0 %, 347 MiB
2026/08/22 08:15:37.703, 0, 0 %, 633 MiB
2026/08/22 08:15:37.703, 1, 0 %, 389 MiB
2026/08/22 08:15:42.704, 0, 0 %, 633 MiB
2026/08/22 08:15:42.704, 1, 1 %, 431 MiB
2026/08/22 08:15:47.705, 0, 21 %, 1113 MiB
2026/08/22 08:15:47.705, 1, 26 %, 977 MiB
2026/08/22 08:15:52.706, 0, 88 %, 2105 MiB
2026/08/22 08:15:52.708, 1, 90 %, 1905 MiB
2026/08/22 08:15:57.709, 0, 88 %, 3131 MiB
2026/08/22 08:15:57.760, 1, 68 %, 7463 MiB
2026/08/22 08:16:02.761, 0, 63 %, 4027 MiB
2026/08/22 08:16:02.761, 1, 94 %, 12711 MiB
2026/08/22 08:16:07.762, 0, 51 %, 5275 MiB
2026/08/22 08:16:07.762, 1, 90 %, 13735 MiB
2026/08/22 08:16:12.763, 0, 81 %, 6139 MiB
2026/08/22 08:16:12.765, 1, 77 %, 18111 MiB
2026/08/22 08:16:17.766, 0, 2 %, 6591 MiB
2026/08/22 08:16:17.766, 1, 1 %, 18915 MiB
2026/08/22 08:16:22.767, 0, 77 %, 7839 MiB
2026/08/22 08:16:22.768, 1, 78 %, 19523 MiB
2026/08/22 08:16:27.769, 0, 19 %, 8095 MiB
2026/08/22 08:16:27.771, 1, 38 %, 20611 MiB
2026/08/22 08:16:32.772, 0, 98 %, 9247 MiB
2026/08/22 08:16:32.773, 1, 79 %, 21123 MiB
2026/08/22 08:16:37.774, 0, 79 %, 10015 MiB
2026/08/22 08:16:37.776, 1, 67 %, 21571 MiB
2026/08/22 08:16:42.777, 0, 70 %, 10111 MiB
2026/08/22 08:16:42.778, 1, 60 %, 22179 MiB
2026/08/22 08:16:47.779, 0, 11 %, 10431 MiB
2026/08/22 08:16:47.780, 1, 100 %, 22211 MiB
2026/08/22 08:16:52.781, 0, 100 %, 12095 MiB
2026/08/22 08:16:52.781, 1, 84 %, 21699 MiB
2026/08/22 08:16:57.782, 0, 61 %, 12991 MiB
2026/08/22 08:16:57.782, 1, 99 %, 21251 MiB
2026/08/22 08:17:02.783, 0, 88 %, 12991 MiB
2026/08/22 08:17:02.784, 1, 23 %, 21027 MiB
2026/08/22 08:17:07.785, 0, 0 %, 13473 MiB
2026/08/22 08:17:07.824, 1, 80 %, 21093 MiB
2026/08/22 08:17:12.824, 0, 99 %, 14625 MiB
2026/08/22 08:17:12.825, 1, 84 %, 20997 MiB
2026/08/22 08:17:17.825, 0, 50 %, 16353 MiB
2026/08/22 08:17:17.826, 1, 97 %, 21093 MiB
2026/08/22 08:17:22.827, 0, 53 %, 17281 MiB
2026/08/22 08:17:22.827, 1, 83 %, 21095 MiB
2026/08/22 08:17:27.828, 0, 98 %, 17537 MiB
2026/08/22 08:17:27.828, 1, 87 %, 21031 MiB
2026/08/22 08:17:32.829, 0, 100 %, 21155 MiB
2026/08/22 08:17:32.829, 1, 93 %, 21191 MiB
2026/08/22 08:17:37.829, 0, 77 %, 19331 MiB
2026/08/22 08:17:37.831, 1, 64 %, 21191 MiB
2026/08/22 08:17:42.831, 0, 85 %, 19651 MiB
2026/08/22 08:17:42.832, 1, 89 %, 21063 MiB
2026/08/22 08:17:47.833, 0, 72 %, 20707 MiB
2026/08/22 08:17:47.833, 1, 99 %, 21031 MiB
2026/08/22 08:17:52.834, 0, 99 %, 22563 MiB
2026/08/22 08:17:52.835, 1, 100 %, 21063 MiB
2026/08/22 08:17:57.836, 0, 98 %, 21155 MiB
2026/08/22 08:17:57.836, 1, 16 %, 21191 MiB
2026/08/22 08:18:02.837, 0, 52 %, 22627 MiB
2026/08/22 08:18:02.838, 1, 36 %, 21063 MiB
2026/08/22 08:18:07.839, 0, 59 %, 22979 MiB
2026/08/22 08:18:07.840, 1, 75 %, 21095 MiB
2026/08/22 08:18:12.841, 0, 13 %, 23907 MiB
2026/08/22 08:18:12.842, 1, 80 %, 21095 MiB
2026/08/22 08:18:17.843, 0, 99 %, 24035 MiB
2026/08/22 08:18:17.843, 1, 96 %, 21095 MiB
2026/08/22 08:18:22.844, 0, 68 %, 23555 MiB
2026/08/22 08:18:22.844, 1, 35 %, 21031 MiB
2026/08/22 08:18:27.845, 0, 62 %, 23683 MiB
2026/08/22 08:18:27.846, 1, 78 %, 21031 MiB
2026/08/22 08:18:32.846, 0, 65 %, 23715 MiB
2026/08/22 08:18:32.847, 1, 91 %, 21031 MiB
2026/08/22 08:18:37.847, 0, 71 %, 23843 MiB
2026/08/22 08:18:37.848, 1, 99 %, 21031 MiB
2026/08/22 08:18:42.849, 0, 62 %, 23427 MiB
2026/08/22 08:18:42.850, 1, 100 %, 21031 MiB
2026/08/22 08:18:47.850, 0, 66 %, 23523 MiB
2026/08/22 08:18:47.851, 1, 100 %, 21031 MiB
2026/08/22 08:18:52.851, 0, 64 %, 23747 MiB
2026/08/22 08:18:52.852, 1, 87 %, 21095 MiB
2026/08/22 08:18:57.852, 0, 68 %, 23619 MiB
2026/08/22 08:18:57.853, 1, 80 %, 21095 MiB
2026/08/22 08:19:02.853, 0, 80 %, 23491 MiB
2026/08/22 08:19:02.854, 1, 88 %, 21095 MiB
2026/08/22 08:19:07.854, 0, 74 %, 23363 MiB
2026/08/22 08:19:07.855, 1, 79 %, 21095 MiB
2026/08/22 08:19:12.855, 0, 72 %, 23299 MiB
2026/08/22 08:19:12.855, 1, 100 %, 21095 MiB
2026/08/22 08:19:17.856, 0, 37 %, 23299 MiB
2026/08/22 08:19:17.856, 1, 88 %, 21095 MiB
2026/08/22 08:19:22.857, 0, 39 %, 23299 MiB
2026/08/22 08:19:22.857, 1, 95 %, 21095 MiB
2026/08/22 08:19:27.858, 0, 39 %, 23299 MiB
2026/08/22 08:19:27.858, 1, 84 %, 21095 MiB
2026/08/22 08:19:32.859, 0, 43 %, 23299 MiB
2026/08/22 08:19:32.859, 1, 94 %, 21095 MiB
2026/08/22 08:19:37.860, 0, 39 %, 23299 MiB
2026/08/22 08:19:37.860, 1, 97 %, 21095 MiB
2026/08/22 08:19:42.861, 0, 38 %, 23299 MiB
2026/08/22 08:19:42.861, 1, 97 %, 21095 MiB
2026/08/22 08:19:47.862, 0, 39 %, 23299 MiB
2026/08/22 08:19:47.862, 1, 86 %, 21095 MiB
2026/08/22 08:19:52.862, 0, 37 %, 23299 MiB
2026/08/22 08:19:52.863, 1, 90 %, 21095 MiB
2026/08/22 08:19:57.863, 0, 35 %, 23299 MiB
2026/08/22 08:19:57.863, 1, 94 %, 21095 MiB
2026/08/22 08:20:02.864, 0, 37 %, 23299 MiB
2026/08/22 08:20:02.864, 1, 100 %, 21095 MiB
2026/08/22 08:20:07.865, 0, 40 %, 23299 MiB
2026/08/22 08:20:07.865, 1, 89 %, 21095 MiB
2026/08/22 08:20:12.866, 0, 39 %, 23299 MiB
2026/08/22 08:20:12.866, 1, 89 %, 21095 MiB
2026/08/22 08:20:17.867, 0, 36 %, 23299 MiB
2026/08/22 08:20:17.867, 1, 99 %, 21095 MiB
2026/08/22 08:20:22.868, 0, 38 %, 23299 MiB
2026/08/22 08:20:22.868, 1, 90 %, 21095 MiB
2026/08/22 08:20:27.868, 0, 43 %, 23299 MiB
2026/08/22 08:20:27.869, 1, 94 %, 21095 MiB
2026/08/22 08:20:32.869, 0, 42 %, 23299 MiB
2026/08/22 08:20:32.869, 1, 85 %, 21095 MiB
2026/08/22 08:20:37.870, 0, 43 %, 23299 MiB
2026/08/22 08:20:37.870, 1, 87 %, 21095 MiB
2026/08/22 08:20:42.871, 0, 40 %, 23299 MiB
2026/08/22 08:20:42.871, 1, 94 %, 21095 MiB
2026/08/22 08:20:47.872, 0, 44 %, 23299 MiB
2026/08/22 08:20:47.872, 1, 100 %, 21095 MiB
