2026/08/22 07:57:55.017, 0, 0 %, 217 MiB
2026/08/22 07:57:55.022, 1, 0 %, 16 MiB
2026/08/22 07:58:00.025, 0, 0 %, 481 MiB
2026/08/22 07:58:00.025, 1, 0 %, 347 MiB
2026/08/22 07:58:05.026, 0, 0 %, 567 MiB
2026/08/22 07:58:05.026, 1, 0 %, 347 MiB
2026/08/22 07:58:10.027, 0, 0 %, 633 MiB
2026/08/22 07:58:10.027, 1, 0 %, 389 MiB
2026/08/22 07:58:15.028, 0, 0 %, 633 MiB
2026/08/22 07:58:15.028, 1, 0 %, 431 MiB
2026/08/22 07:58:20.028, 0, 80 %, 1689 MiB
2026/08/22 07:58:20.034, 1, 82 %, 1521 MiB
2026/08/22 07:58:25.035, 0, 72 %, 2683 MiB
2026/08/22 07:58:25.035, 1, 56 %, 2289 MiB
2026/08/22 07:58:30.036, 0, 100 %, 3611 MiB
2026/08/22 07:58:30.036, 1, 100 %, 3601 MiB
2026/08/22 07:58:35.037, 0, 100 %, 4859 MiB
2026/08/22 07:58:35.039, 1, 100 %, 4305 MiB
2026/08/22 07:58:40.040, 0, 100 %, 5501 MiB
2026/08/22 07:58:40.041, 1, 88 %, 5287 MiB
2026/08/22 07:58:45.042, 0, 100 %, 6205 MiB
2026/08/22 07:58:45.042, 1, 100 %, 10887 MiB
2026/08/22 07:58:50.043, 0, 73 %, 6909 MiB
2026/08/22 07:58:50.044, 1, 13 %, 12403 MiB
2026/08/22 07:58:55.045, 0, 95 %, 7453 MiB
2026/08/22 07:58:55.048, 1, 91 %, 12917 MiB
2026/08/22 07:59:00.049, 0, 10 %, 8445 MiB
2026/08/22 07:59:00.131, 1, 100 %, 15009 MiB
2026/08/22 07:59:05.140, 0, 0 %, 9757 MiB
2026/08/22 07:59:05.140, 1, 81 %, 18253 MiB
2026/08/22 07:59:10.141, 0, 100 %, 9981 MiB
2026/08/22 07:59:10.143, 1, 100 %, 18863 MiB
2026/08/22 07:59:15.144, 0, 100 %, 10461 MiB
2026/08/22 07:59:15.147, 1, 56 %, 19407 MiB
2026/08/22 07:59:20.148, 0, 46 %, 11261 MiB
2026/08/22 07:59:20.150, 1, 68 %, 19823 MiB
2026/08/22 07:59:25.151, 0, 84 %, 11069 MiB
2026/08/22 07:59:25.151, 1, 100 %, 19695 MiB
2026/08/22 07:59:30.152, 0, 100 %, 11583 MiB
2026/08/22 07:59:30.153, 1, 100 %, 19793 MiB
2026/08/22 07:59:35.154, 0, 100 %, 11903 MiB
2026/08/22 07:59:35.204, 1, 62 %, 19921 MiB
2026/08/22 07:59:40.207, 0, 100 %, 13151 MiB
2026/08/22 07:59:40.208, 1, 100 %, 19953 MiB
2026/08/22 07:59:45.209, 0, 100 %, 13631 MiB
2026/08/22 07:59:45.210, 1, 100 %, 19729 MiB
2026/08/22 07:59:50.211, 0, 84 %, 14239 MiB
2026/08/22 07:59:50.212, 1, 100 %, 19857 MiB
2026/08/22 07:59:55.213, 0, 83 %, 14751 MiB
2026/08/22 07:59:55.214, 1, 100 %, 19857 MiB
2026/08/22 08:00:00.215, 0, 100 %, 16063 MiB
2026/08/22 08:00:00.216, 1, 100 %, 19825 MiB
2026/08/22 08:00:05.217, 0, 61 %, 15999 MiB
2026/08/22 08:00:05.218, 1, 100 %, 19569 MiB
2026/08/22 08:00:10.219, 0, 100 %, 17279 MiB
2026/08/22 08:00:10.220, 1, 91 %, 19409 MiB
2026/08/22 08:00:15.220, 0, 0 %, 17567 MiB
2026/08/22 08:00:15.221, 1, 77 %, 19185 MiB
2026/08/22 08:00:20.222, 0, 100 %, 18111 MiB
2026/08/22 08:00:20.222, 1, 100 %, 19185 MiB
2026/08/22 08:00:25.223, 0, 100 %, 18815 MiB
2026/08/22 08:00:25.223, 1, 100 %, 19217 MiB
2026/08/22 08:00:30.224, 0, 100 %, 19455 MiB
2026/08/22 08:00:30.225, 1, 100 %, 19089 MiB
2026/08/22 08:00:35.226, 0, 100 %, 19615 MiB
2026/08/22 08:00:35.226, 1, 98 %, 19185 MiB
2026/08/22 08:00:40.227, 0, 100 %, 20415 MiB
2026/08/22 08:00:40.228, 1, 100 %, 19057 MiB
2026/08/22 08:00:45.229, 0, 100 %, 20831 MiB
2026/08/22 08:00:45.230, 1, 100 %, 19217 MiB
2026/08/22 08:00:50.231, 0, 45 %, 21247 MiB
2026/08/22 08:00:50.232, 1, 100 %, 19089 MiB
2026/08/22 08:00:55.233, 0, 99 %, 21183 MiB
2026/08/22 08:00:55.234, 1, 100 %, 19345 MiB
2026/08/22 08:01:00.235, 0, 87 %, 21407 MiB
2026/08/22 08:01:00.235, 1, 100 %, 19121 MiB
2026/08/22 08:01:05.236, 0, 100 %, 21311 MiB
2026/08/22 08:01:05.238, 1, 100 %, 19089 MiB
2026/08/22 08:01:10.239, 0, 100 %, 21567 MiB
2026/08/22 08:01:10.240, 1, 91 %, 18993 MiB
2026/08/22 08:01:15.241, 0, 100 %, 22335 MiB
2026/08/22 08:01:15.241, 1, 100 %, 19473 MiB
2026/08/22 08:01:20.243, 0, 100 %, 21503 MiB
2026/08/22 08:01:20.244, 1, 99 %, 19409 MiB
2026/08/22 08:01:25.245, 0, 85 %, 21887 MiB
2026/08/22 08:01:25.246, 1, 100 %, 19505 MiB
2026/08/22 08:01:30.247, 0, 100 %, 21599 MiB
2026/08/22 08:01:30.248, 1, 68 %, 19729 MiB
2026/08/22 08:01:35.249, 0, 100 %, 21791 MiB
2026/08/22 08:01:35.249, 1, 100 %, 19665 MiB
2026/08/22 08:01:40.250, 0, 73 %, 21311 MiB
2026/08/22 08:01:40.250, 1, 100 %, 19985 MiB
2026/08/22 08:01:45.251, 0, 100 %, 21567 MiB
2026/08/22 08:01:45.253, 1, 100 %, 20433 MiB
2026/08/22 08:01:50.254, 0, 100 %, 21183 MiB
2026/08/22 08:01:50.254, 1, 88 %, 20593 MiB
2026/08/22 08:01:55.255, 0, 82 %, 20799 MiB
2026/08/22 08:01:55.350, 1, 100 %, 19985 MiB
2026/08/22 08:02:00.351, 0, 100 %, 21439 MiB
2026/08/22 08:02:00.352, 1, 100 %, 20657 MiB
2026/08/22 08:02:05.353, 0, 77 %, 21183 MiB
2026/08/22 08:02:05.354, 1, 100 %, 20945 MiB
2026/08/22 08:02:10.355, 0, 100 %, 21185 MiB
2026/08/22 08:02:10.356, 1, 100 %, 20851 MiB
2026/08/22 08:02:15.357, 0, 55 %, 21441 MiB
2026/08/22 08:02:15.358, 1, 100 %, 21491 MiB
2026/08/22 08:02:20.359, 0, 100 %, 21665 MiB
2026/08/22 08:02:20.359, 1, 98 %, 21555 MiB
2026/08/22 08:02:25.360, 0, 100 %, 21281 MiB
2026/08/22 08:02:25.362, 1, 100 %, 22131 MiB
2026/08/22 08:02:30.363, 0, 100 %, 21025 MiB
2026/08/22 08:02:30.363, 1, 100 %, 22227 MiB
2026/08/22 08:02:35.364, 0, 100 %, 20705 MiB
2026/08/22 08:02:35.365, 1, 100 %, 21971 MiB
2026/08/22 08:02:40.366, 0, 99 %, 20961 MiB
2026/08/22 08:02:40.367, 1, 100 %, 22323 MiB
2026/08/22 08:02:45.367, 0, 100 %, 21441 MiB
2026/08/22 08:02:45.369, 1, 100 %, 22291 MiB
2026/08/22 08:02:50.369, 0, 100 %, 21569 MiB
2026/08/22 08:02:50.370, 1, 100 %, 22131 MiB
2026/08/22 08:02:55.371, 0, 100 %, 20801 MiB
2026/08/22 08:02:55.371, 1, 100 %, 22739 MiB
2026/08/22 08:03:00.372, 0, 100 %, 22145 MiB
2026/08/22 08:03:00.372, 1, 100 %, 22547 MiB
2026/08/22 08:03:05.372, 0, 100 %, 21377 MiB
2026/08/22 08:03:05.373, 1, 100 %, 22163 MiB
2026/08/22 08:03:10.374, 0, 100 %, 21217 MiB
2026/08/22 08:03:10.374, 1, 100 %, 21811 MiB
2026/08/22 08:03:15.375, 0, 100 %, 20929 MiB
2026/08/22 08:03:15.377, 1, 98 %, 21299 MiB
2026/08/22 08:03:20.378, 0, 100 %, 20609 MiB
2026/08/22 08:03:20.378, 1, 100 %, 21683 MiB
2026/08/22 08:03:25.379, 0, 100 %, 21089 MiB
2026/08/22 08:03:25.379, 1, 100 %, 21939 MiB
2026/08/22 08:03:30.380, 0, 72 %, 20641 MiB
2026/08/22 08:03:30.381, 1, 100 %, 20787 MiB
2026/08/22 08:03:35.382, 0, 96 %, 20321 MiB
2026/08/22 08:03:35.383, 1, 100 %, 20787 MiB
2026/08/22 08:03:40.384, 0, 100 %, 19873 MiB
2026/08/22 08:03:40.384, 1, 100 %, 20787 MiB
2026/08/22 08:03:45.385, 0, 100 %, 20193 MiB
2026/08/22 08:03:45.386, 1, 100 %, 20627 MiB
2026/08/22 08:03:50.386, 0, 100 %, 20801 MiB
2026/08/22 08:03:50.388, 1, 98 %, 20467 MiB
2026/08/22 08:03:55.389, 0, 100 %, 20097 MiB
2026/08/22 08:03:55.390, 1, 100 %, 20499 MiB
2026/08/22 08:04:00.391, 0, 100 %, 20513 MiB
2026/08/22 08:04:00.391, 1, 100 %, 20403 MiB
2026/08/22 08:04:05.392, 0, 100 %, 20385 MiB
2026/08/22 08:04:05.393, 1, 96 %, 20659 MiB
2026/08/22 08:04:10.394, 0, 64 %, 19905 MiB
2026/08/22 08:04:10.396, 1, 97 %, 20243 MiB
2026/08/22 08:04:15.397, 0, 100 %, 19969 MiB
2026/08/22 08:04:15.397, 1, 99 %, 20467 MiB
2026/08/22 08:04:20.398, 0, 100 %, 19841 MiB
2026/08/22 08:04:20.399, 1, 100 %, 20627 MiB
2026/08/22 08:04:25.400, 0, 79 %, 19905 MiB
2026/08/22 08:04:25.401, 1, 100 %, 20245 MiB
2026/08/22 08:04:30.402, 0, 100 %, 20641 MiB
2026/08/22 08:04:30.403, 1, 100 %, 20597 MiB
2026/08/22 08:04:35.404, 0, 100 %, 20033 MiB
2026/08/22 08:04:35.404, 1, 100 %, 20757 MiB
2026/08/22 08:04:40.405, 0, 100 %, 20065 MiB
2026/08/22 08:04:40.406, 1, 100 %, 20885 MiB
2026/08/22 08:04:45.408, 0, 100 %, 20353 MiB
2026/08/22 08:04:45.408, 1, 100 %, 20309 MiB
2026/08/22 08:04:50.409, 0, 100 %, 19969 MiB
2026/08/22 08:04:50.410, 1, 100 %, 20309 MiB
2026/08/22 08:04:55.411, 0, 100 %, 20513 MiB
2026/08/22 08:04:55.412, 1, 100 %, 20341 MiB
2026/08/22 08:05:00.413, 0, 100 %, 20161 MiB
2026/08/22 08:05:00.414, 1, 100 %, 20661 MiB
2026/08/22 08:05:05.415, 0, 100 %, 20641 MiB
2026/08/22 08:05:05.416, 1, 100 %, 21141 MiB
2026/08/22 08:05:10.417, 0, 99 %, 21665 MiB
2026/08/22 08:05:10.418, 1, 100 %, 20981 MiB
2026/08/22 08:05:15.419, 0, 92 %, 21217 MiB
2026/08/22 08:05:15.419, 1, 100 %, 22293 MiB
2026/08/22 08:05:20.420, 0, 100 %, 20577 MiB
2026/08/22 08:05:20.420, 1, 100 %, 22069 MiB
2026/08/22 08:05:25.421, 0, 100 %, 20513 MiB
2026/08/22 08:05:25.423, 1, 100 %, 20437 MiB
2026/08/22 08:05:30.424, 0, 100 %, 20513 MiB
2026/08/22 08:05:30.425, 1, 100 %, 20405 MiB
2026/08/22 08:05:35.426, 0, 100 %, 20961 MiB
2026/08/22 08:05:35.428, 1, 100 %, 20565 MiB
2026/08/22 08:05:40.429, 0, 100 %, 21025 MiB
2026/08/22 08:05:40.430, 1, 100 %, 20949 MiB
2026/08/22 08:05:45.431, 0, 98 %, 20929 MiB
2026/08/22 08:05:45.431, 1, 100 %, 21077 MiB
2026/08/22 08:05:50.432, 0, 100 %, 21121 MiB
2026/08/22 08:05:50.432, 1, 100 %, 21877 MiB
2026/08/22 08:05:55.433, 0, 100 %, 20513 MiB
2026/08/22 08:05:55.433, 1, 100 %, 21845 MiB
2026/08/22 08:06:00.434, 0, 100 %, 20961 MiB
2026/08/22 08:06:00.434, 1, 100 %, 20373 MiB
2026/08/22 08:06:05.435, 0, 100 %, 21121 MiB
2026/08/22 08:06:05.436, 1, 100 %, 20373 MiB
2026/08/22 08:06:10.441, 0, 100 %, 21441 MiB
2026/08/22 08:06:10.442, 1, 99 %, 20309 MiB
2026/08/22 08:06:15.442, 0, 100 %, 21409 MiB
2026/08/22 08:06:15.443, 1, 100 %, 20597 MiB
2026/08/22 08:06:20.444, 0, 100 %, 21057 MiB
2026/08/22 08:06:20.444, 1, 100 %, 20469 MiB
2026/08/22 08:06:25.445, 0, 100 %, 21697 MiB
2026/08/22 08:06:25.445, 1, 100 %, 20533 MiB
2026/08/22 08:06:30.446, 0, 100 %, 21761 MiB
2026/08/22 08:06:30.446, 1, 100 %, 20533 MiB
2026/08/22 08:06:35.448, 0, 100 %, 22369 MiB
2026/08/22 08:06:35.448, 1, 95 %, 20629 MiB
2026/08/22 08:06:40.449, 0, 100 %, 21857 MiB
2026/08/22 08:06:40.449, 1, 100 %, 20565 MiB
2026/08/22 08:06:45.450, 0, 100 %, 21953 MiB
2026/08/22 08:06:45.452, 1, 100 %, 20437 MiB
2026/08/22 08:06:50.453, 0, 100 %, 21985 MiB
2026/08/22 08:06:50.453, 1, 100 %, 20533 MiB
2026/08/22 08:06:55.454, 0, 100 %, 21761 MiB
2026/08/22 08:06:55.454, 1, 100 %, 20693 MiB
2026/08/22 08:07:00.455, 0, 54 %, 21985 MiB
2026/08/22 08:07:00.455, 1, 100 %, 20437 MiB
2026/08/22 08:07:05.456, 0, 100 %, 21377 MiB
2026/08/22 08:07:05.457, 1, 100 %, 20437 MiB
2026/08/22 08:07:10.458, 0, 100 %, 21697 MiB
2026/08/22 08:07:10.458, 1, 100 %, 20309 MiB
2026/08/22 08:07:15.459, 0, 91 %, 21761 MiB
2026/08/22 08:07:15.460, 1, 100 %, 20437 MiB
2026/08/22 08:07:20.461, 0, 100 %, 22881 MiB
2026/08/22 08:07:20.462, 1, 100 %, 20437 MiB
2026/08/22 08:07:25.463, 0, 100 %, 21665 MiB
2026/08/22 08:07:25.463, 1, 100 %, 20661 MiB
2026/08/22 08:07:30.464, 0, 100 %, 22049 MiB
2026/08/22 08:07:30.465, 1, 100 %, 20405 MiB
2026/08/22 08:07:35.466, 0, 59 %, 22657 MiB
2026/08/22 08:07:35.466, 1, 80 %, 20469 MiB
2026/08/22 08:07:40.467, 0, 100 %, 22307 MiB
2026/08/22 08:07:40.468, 1, 98 %, 20535 MiB
2026/08/22 08:07:45.469, 0, 99 %, 21955 MiB
2026/08/22 08:07:45.470, 1, 100 %, 20663 MiB
2026/08/22 08:07:50.470, 0, 100 %, 22659 MiB
2026/08/22 08:07:50.471, 1, 100 %, 20791 MiB
2026/08/22 08:07:55.472, 0, 95 %, 21635 MiB
2026/08/22 08:07:55.472, 1, 100 %, 20375 MiB
2026/08/22 08:08:00.473, 0, 100 %, 22659 MiB
2026/08/22 08:08:00.473, 1, 19 %, 20407 MiB
2026/08/22 08:08:05.474, 0, 100 %, 21987 MiB
2026/08/22 08:08:05.475, 1, 100 %, 20439 MiB
2026/08/22 08:08:10.476, 0, 100 %, 21859 MiB
2026/08/22 08:08:10.476, 1, 100 %, 20535 MiB
2026/08/22 08:08:15.477, 0, 100 %, 22275 MiB
2026/08/22 08:08:15.478, 1, 98 %, 20439 MiB
2026/08/22 08:08:20.479, 0, 99 %, 21891 MiB
2026/08/22 08:08:20.480, 1, 100 %, 20567 MiB
2026/08/22 08:08:25.481, 0, 100 %, 22531 MiB
2026/08/22 08:08:25.482, 1, 100 %, 20407 MiB
2026/08/22 08:08:30.483, 0, 100 %, 21251 MiB
2026/08/22 08:08:30.483, 1, 100 %, 20631 MiB
2026/08/22 08:08:35.483, 0, 94 %, 22083 MiB
2026/08/22 08:08:35.484, 1, 100 %, 20535 MiB
2026/08/22 08:08:40.485, 0, 100 %, 21475 MiB
2026/08/22 08:08:40.485, 1, 100 %, 20375 MiB
2026/08/22 08:08:45.486, 0, 100 %, 21315 MiB
2026/08/22 08:08:45.487, 1, 100 %, 20439 MiB
2026/08/22 08:08:50.487, 0, 100 %, 21699 MiB
2026/08/22 08:08:50.488, 1, 100 %, 20407 MiB
2026/08/22 08:08:55.489, 0, 100 %, 21731 MiB
2026/08/22 08:08:55.489, 1, 78 %, 20599 MiB
2026/08/22 08:09:00.490, 0, 100 %, 22051 MiB
2026/08/22 08:09:00.491, 1, 100 %, 20407 MiB
2026/08/22 08:09:05.492, 0, 100 %, 22435 MiB
2026/08/22 08:09:05.496, 1, 100 %, 20503 MiB
2026/08/22 08:09:10.496, 0, 100 %, 21475 MiB
2026/08/22 08:09:10.497, 1, 84 %, 20439 MiB
2026/08/22 08:09:15.497, 0, 100 %, 22531 MiB
2026/08/22 08:09:15.498, 1, 97 %, 20439 MiB
2026/08/22 08:09:20.498, 0, 100 %, 21859 MiB
2026/08/22 08:09:20.499, 1, 100 %, 20439 MiB
2026/08/22 08:09:25.500, 0, 100 %, 21731 MiB
2026/08/22 08:09:25.501, 1, 100 %, 20343 MiB
2026/08/22 08:09:30.501, 0, 100 %, 21859 MiB
2026/08/22 08:09:30.502, 1, 100 %, 20375 MiB
2026/08/22 08:09:35.503, 0, 100 %, 21507 MiB
2026/08/22 08:09:35.507, 1, 100 %, 20407 MiB
2026/08/22 08:09:40.508, 0, 100 %, 22595 MiB
2026/08/22 08:09:40.508, 1, 100 %, 20345 MiB
2026/08/22 08:09:45.508, 0, 93 %, 22083 MiB
2026/08/22 08:09:45.509, 1, 100 %, 20345 MiB
2026/08/22 08:09:50.509, 0, 100 %, 22307 MiB
2026/08/22 08:09:50.510, 1, 100 %, 20441 MiB
2026/08/22 08:09:55.510, 0, 100 %, 22531 MiB
2026/08/22 08:09:55.511, 1, 88 %, 20377 MiB
2026/08/22 08:10:00.512, 0, 100 %, 22755 MiB
2026/08/22 08:10:00.512, 1, 100 %, 20409 MiB
2026/08/22 08:10:05.513, 0, 97 %, 22531 MiB
2026/08/22 08:10:05.513, 1, 0 %, 20409 MiB
2026/08/22 08:10:10.513, 0, 99 %, 22339 MiB
2026/08/22 08:10:10.514, 1, 0 %, 20409 MiB
