2026/08/09 19:04:53.533, 0, 93, 0, 50.38
2026/08/09 19:04:53.541, 1, 15, 0, 29.63
2026/08/09 19:04:54.548, 0, 93, 0, 50.33
2026/08/09 19:04:54.548, 1, 15, 0, 29.45
2026/08/09 19:04:55.548, 0, 95, 0, 50.34
2026/08/09 19:04:55.549, 1, 301, 0, 29.43
2026/08/09 19:04:56.549, 0, 110, 0, 50.27
2026/08/09 19:04:56.596, 1, 301, 0, 68.35
2026/08/09 19:04:57.597, 0, 385, 0, 127.00
2026/08/09 19:04:57.597, 1, 301, 0, 119.39
2026/08/09 19:04:58.597, 0, 417, 1, 139.91
2026/08/09 19:04:58.597, 1, 301, 0, 119.07
2026/08/09 19:04:59.597, 0, 417, 0, 140.15
2026/08/09 19:04:59.597, 1, 301, 0, 119.11
2026/08/09 19:05:00.597, 0, 417, 0, 140.18
2026/08/09 19:05:00.597, 1, 329, 0, 119.30
2026/08/09 19:05:01.598, 0, 417, 0, 140.38
2026/08/09 19:05:01.598, 1, 329, 0, 119.50
2026/08/09 19:05:02.598, 0, 417, 0, 140.36
2026/08/09 19:05:02.598, 1, 361, 0, 119.72
2026/08/09 19:05:03.598, 0, 417, 0, 140.41
2026/08/09 19:05:03.599, 1, 361, 0, 119.87
2026/08/09 19:05:04.599, 0, 417, 0, 140.54
2026/08/09 19:05:04.599, 1, 361, 0, 119.84
2026/08/09 19:05:05.599, 0, 417, 0, 140.69
2026/08/09 19:05:05.599, 1, 401, 0, 119.96
2026/08/09 19:05:06.599, 0, 417, 0, 140.76
2026/08/09 19:05:06.600, 1, 1013, 2, 121.10
2026/08/09 19:05:07.600, 0, 417, 0, 140.80
2026/08/09 19:05:07.600, 1, 1235, 35, 151.43
2026/08/09 19:05:08.600, 0, 417, 0, 140.98
2026/08/09 19:05:08.600, 1, 1609, 30, 149.12
2026/08/09 19:05:09.600, 0, 417, 0, 141.00
2026/08/09 19:05:09.601, 1, 1609, 28, 152.84
2026/08/09 19:05:10.601, 0, 417, 0, 141.05
2026/08/09 19:05:10.601, 1, 1609, 27, 149.41
2026/08/09 19:05:11.601, 0, 417, 0, 141.20
2026/08/09 19:05:11.601, 1, 1609, 24, 154.53
2026/08/09 19:05:12.601, 0, 417, 0, 142.06
2026/08/09 19:05:12.602, 1, 1609, 9, 149.46
2026/08/09 19:05:13.602, 0, 417, 0, 142.08
2026/08/09 19:05:13.602, 1, 1611, 23, 153.85
2026/08/09 19:05:14.602, 0, 417, 0, 142.28
2026/08/09 19:05:14.602, 1, 1611, 23, 147.94
2026/08/09 19:05:15.602, 0, 417, 0, 142.26
2026/08/09 19:05:15.603, 1, 1611, 20, 148.51
2026/08/09 19:05:16.603, 0, 417, 0, 142.24
2026/08/09 19:05:16.603, 1, 1611, 3, 146.49
2026/08/09 19:05:17.603, 0, 417, 0, 142.34
2026/08/09 19:05:17.603, 1, 1611, 20, 147.97
2026/08/09 19:05:18.603, 0, 417, 0, 115.43
2026/08/09 19:05:18.604, 1, 1611, 28, 146.41
2026/08/09 19:05:19.604, 0, 417, 0, 53.18
2026/08/09 19:05:19.604, 1, 1611, 23, 147.85
2026/08/09 19:05:20.604, 0, 417, 0, 51.76
2026/08/09 19:05:20.604, 1, 1611, 21, 145.43
2026/08/09 19:05:21.604, 0, 417, 0, 51.57
2026/08/09 19:05:21.605, 1, 1611, 21, 149.79
2026/08/09 19:05:22.605, 0, 417, 0, 51.67
2026/08/09 19:05:22.605, 1, 1611, 21, 145.37
2026/08/09 19:05:23.605, 0, 417, 0, 51.61
2026/08/09 19:05:23.605, 1, 1611, 24, 146.91
2026/08/09 19:05:24.605, 0, 417, 0, 51.52
2026/08/09 19:05:24.606, 1, 1611, 22, 148.22
2026/08/09 19:05:25.606, 0, 417, 0, 51.48
2026/08/09 19:05:25.606, 1, 1611, 24, 146.53
2026/08/09 19:05:26.606, 0, 417, 0, 51.47
2026/08/09 19:05:26.606, 1, 1611, 23, 147.61
2026/08/09 19:05:27.607, 0, 417, 0, 51.40
2026/08/09 19:05:27.607, 1, 1611, 26, 146.60
2026/08/09 19:05:28.607, 0, 417, 0, 51.49
2026/08/09 19:05:28.607, 1, 1611, 23, 148.72
2026/08/09 19:05:29.607, 0, 417, 0, 51.38
2026/08/09 19:05:29.607, 1, 1611, 0, 147.01
2026/08/09 19:05:30.608, 0, 417, 0, 51.40
2026/08/09 19:05:30.608, 1, 1611, 20, 148.93
2026/08/09 19:05:31.608, 0, 417, 0, 51.54
2026/08/09 19:05:31.608, 1, 1611, 24, 147.13
2026/08/09 19:05:32.608, 0, 417, 0, 51.57
2026/08/09 19:05:32.608, 1, 1611, 23, 149.56
2026/08/09 19:05:33.608, 0, 417, 0, 51.50
2026/08/09 19:05:33.609, 1, 1611, 25, 147.77
2026/08/09 19:05:34.609, 0, 417, 0, 51.44
2026/08/09 19:05:34.609, 1, 1611, 20, 149.88
2026/08/09 19:05:35.609, 0, 417, 0, 51.45
2026/08/09 19:05:35.610, 1, 1611, 19, 146.24
2026/08/09 19:05:36.610, 0, 417, 0, 51.49
2026/08/09 19:05:36.610, 1, 1611, 22, 151.10
2026/08/09 19:05:37.610, 0, 417, 0, 51.51
2026/08/09 19:05:37.610, 1, 1611, 21, 146.78
2026/08/09 19:05:38.611, 0, 417, 0, 51.51
2026/08/09 19:05:38.611, 1, 1611, 21, 147.62
2026/08/09 19:05:39.611, 0, 417, 0, 51.44
2026/08/09 19:05:39.611, 1, 1611, 22, 149.86
2026/08/09 19:05:40.611, 0, 417, 0, 51.37
2026/08/09 19:05:40.611, 1, 1611, 25, 147.45
2026/08/09 19:05:41.612, 0, 417, 0, 51.36
2026/08/09 19:05:41.612, 1, 1611, 23, 149.55
2026/08/09 19:05:42.612, 0, 417, 0, 51.43
2026/08/09 19:05:42.612, 1, 1611, 20, 147.77
2026/08/09 19:05:43.612, 0, 417, 0, 51.42
2026/08/09 19:05:43.613, 1, 1611, 20, 150.51
2026/08/09 19:05:44.613, 0, 417, 0, 51.40
2026/08/09 19:05:44.613, 1, 1611, 9, 151.48
2026/08/09 19:05:45.613, 0, 417, 0, 51.41
2026/08/09 19:05:45.613, 1, 1611, 23, 154.92
2026/08/09 19:05:46.613, 0, 417, 0, 51.51
2026/08/09 19:05:46.614, 1, 1611, 29, 152.16
2026/08/09 19:05:47.614, 0, 417, 0, 51.50
2026/08/09 19:05:47.614, 1, 1611, 25, 152.66
2026/08/09 19:05:48.614, 0, 417, 0, 51.48
2026/08/09 19:05:48.614, 1, 1611, 29, 153.10
2026/08/09 19:05:49.614, 0, 417, 0, 51.53
2026/08/09 19:05:49.615, 1, 1611, 25, 152.26
2026/08/09 19:05:50.615, 0, 417, 0, 51.50
2026/08/09 19:05:50.615, 1, 1611, 24, 154.88
2026/08/09 19:05:51.615, 0, 417, 0, 51.56
2026/08/09 19:05:51.615, 1, 1611, 21, 147.50
2026/08/09 19:05:52.615, 0, 417, 0, 51.53
2026/08/09 19:05:52.616, 1, 1611, 22, 150.85
2026/08/09 19:05:53.616, 0, 417, 0, 51.46
2026/08/09 19:05:53.616, 1, 1611, 21, 147.16
2026/08/09 19:05:54.616, 0, 417, 0, 51.48
2026/08/09 19:05:54.616, 1, 1611, 24, 150.09
2026/08/09 19:05:55.616, 0, 417, 0, 51.48
2026/08/09 19:05:55.617, 1, 1611, 23, 149.93
2026/08/09 19:05:56.617, 0, 417, 0, 51.43
2026/08/09 19:05:56.617, 1, 1611, 25, 148.41
2026/08/09 19:05:57.617, 0, 417, 0, 51.66
2026/08/09 19:05:57.617, 1, 1611, 23, 150.02
2026/08/09 19:05:58.617, 0, 417, 0, 51.57
2026/08/09 19:05:58.618, 1, 1611, 24, 148.69
2026/08/09 19:05:59.618, 0, 417, 0, 51.51
2026/08/09 19:05:59.618, 1, 1611, 19, 149.47
2026/08/09 19:06:00.618, 0, 417, 0, 51.40
2026/08/09 19:06:00.618, 1, 1611, 0, 147.80
2026/08/09 19:06:01.618, 0, 417, 0, 51.50
2026/08/09 19:06:01.619, 1, 1611, 19, 150.36
2026/08/09 19:06:02.619, 0, 417, 0, 51.39
2026/08/09 19:06:02.619, 1, 1611, 24, 148.51
2026/08/09 19:06:03.619, 0, 417, 0, 51.41
2026/08/09 19:06:03.619, 1, 1611, 20, 150.93
2026/08/09 19:06:04.619, 0, 417, 0, 51.63
2026/08/09 19:06:04.620, 1, 1611, 22, 146.82
2026/08/09 19:06:05.620, 0, 417, 0, 51.61
2026/08/09 19:06:05.620, 1, 1611, 21, 150.09
2026/08/09 19:06:06.620, 0, 417, 0, 51.63
2026/08/09 19:06:06.620, 1, 1611, 19, 150.30
2026/08/09 19:06:07.621, 0, 417, 0, 51.63
2026/08/09 19:06:07.621, 1, 1611, 25, 148.60
2026/08/09 19:06:08.621, 0, 417, 0, 51.63
2026/08/09 19:06:08.621, 1, 1611, 21, 150.61
2026/08/09 19:06:09.621, 0, 417, 0, 51.53
2026/08/09 19:06:09.621, 1, 1611, 25, 149.04
2026/08/09 19:06:10.622, 0, 417, 0, 51.48
2026/08/09 19:06:10.622, 1, 1611, 20, 151.45
2026/08/09 19:06:11.622, 0, 417, 0, 51.50
2026/08/09 19:06:11.622, 1, 1611, 10, 148.27
2026/08/09 19:06:12.622, 0, 417, 0, 51.55
2026/08/09 19:06:12.623, 1, 1611, 20, 150.79
2026/08/09 19:06:13.623, 0, 417, 0, 51.48
2026/08/09 19:06:13.623, 1, 1611, 23, 148.03
2026/08/09 19:06:14.623, 0, 417, 0, 51.41
2026/08/09 19:06:14.624, 1, 1611, 21, 151.20
2026/08/09 19:06:15.624, 0, 417, 0, 51.46
2026/08/09 19:06:15.624, 1, 1611, 22, 148.16
2026/08/09 19:06:16.624, 0, 417, 0, 51.49
2026/08/09 19:06:16.624, 1, 1611, 25, 149.91
2026/08/09 19:06:17.625, 0, 417, 0, 51.46
2026/08/09 19:06:17.625, 1, 1611, 25, 153.27
2026/08/09 19:06:18.625, 0, 417, 0, 51.51
2026/08/09 19:06:18.625, 1, 1611, 27, 153.61
2026/08/09 19:06:19.625, 0, 417, 0, 51.46
2026/08/09 19:06:19.625, 1, 1611, 25, 153.04
2026/08/09 19:06:20.625, 0, 417, 0, 51.46
2026/08/09 19:06:20.626, 1, 1611, 25, 155.01
2026/08/09 19:06:21.626, 0, 417, 0, 51.40
2026/08/09 19:06:21.626, 1, 1611, 25, 152.96
2026/08/09 19:06:22.626, 0, 417, 0, 51.35
2026/08/09 19:06:22.626, 1, 1611, 26, 156.66
2026/08/09 19:06:23.626, 0, 417, 0, 51.37
2026/08/09 19:06:23.627, 1, 1611, 27, 152.29
2026/08/09 19:06:24.627, 0, 417, 0, 51.35
2026/08/09 19:06:24.627, 1, 1611, 21, 151.42
2026/08/09 19:06:25.627, 0, 417, 0, 51.42
2026/08/09 19:06:25.627, 1, 1611, 21, 148.12
2026/08/09 19:06:26.627, 0, 417, 0, 51.46
2026/08/09 19:06:26.628, 1, 1611, 22, 151.78
2026/08/09 19:06:27.628, 0, 417, 0, 51.48
2026/08/09 19:06:27.628, 1, 1611, 22, 149.37
2026/08/09 19:06:28.628, 0, 417, 0, 51.47
2026/08/09 19:06:28.628, 1, 1611, 22, 149.39
2026/08/09 19:06:29.629, 0, 417, 0, 51.41
2026/08/09 19:06:29.629, 1, 1611, 23, 150.53
2026/08/09 19:06:30.629, 0, 417, 0, 51.40
2026/08/09 19:06:30.629, 1, 1611, 25, 149.42
2026/08/09 19:06:31.629, 0, 417, 0, 51.49
2026/08/09 19:06:31.629, 1, 1611, 19, 151.68
2026/08/09 19:06:32.629, 0, 417, 0, 51.50
2026/08/09 19:06:32.630, 1, 1611, 12, 149.59
2026/08/09 19:06:33.630, 0, 417, 0, 51.46
2026/08/09 19:06:33.630, 1, 1611, 22, 151.24
2026/08/09 19:06:34.630, 0, 417, 0, 51.49
2026/08/09 19:06:34.630, 1, 1611, 23, 149.08
2026/08/09 19:06:35.630, 0, 417, 0, 51.47
2026/08/09 19:06:35.630, 1, 1611, 20, 151.37
2026/08/09 19:06:36.631, 0, 417, 0, 51.47
2026/08/09 19:06:36.631, 1, 1611, 23, 147.87
2026/08/09 19:06:37.631, 0, 417, 0, 51.45
2026/08/09 19:06:37.631, 1, 1611, 25, 152.32
2026/08/09 19:06:38.631, 0, 417, 0, 51.49
2026/08/09 19:06:38.631, 1, 1611, 21, 150.51
2026/08/09 19:06:39.632, 0, 417, 0, 51.49
2026/08/09 19:06:39.632, 1, 1611, 22, 149.15
2026/08/09 19:06:40.632, 0, 417, 0, 51.53
2026/08/09 19:06:40.632, 1, 1611, 22, 150.03
2026/08/09 19:06:41.632, 0, 417, 0, 51.47
2026/08/09 19:06:41.632, 1, 1611, 29, 149.69
2026/08/09 19:06:42.633, 0, 417, 0, 51.46
2026/08/09 19:06:42.633, 1, 1611, 24, 150.83
2026/08/09 19:06:43.633, 0, 417, 0, 51.48
2026/08/09 19:06:43.633, 1, 1611, 4, 149.46
2026/08/09 19:06:44.633, 0, 417, 0, 51.50
2026/08/09 19:06:44.634, 1, 1611, 22, 151.29
2026/08/09 19:06:45.634, 0, 417, 0, 51.48
2026/08/09 19:06:45.634, 1, 1611, 23, 149.53
2026/08/09 19:06:46.634, 0, 417, 0, 51.40
2026/08/09 19:06:46.634, 1, 1611, 21, 151.74
2026/08/09 19:06:47.635, 0, 417, 0, 51.35
2026/08/09 19:06:47.635, 1, 1611, 22, 148.52
2026/08/09 19:06:48.635, 0, 417, 0, 51.33
2026/08/09 19:06:48.635, 1, 1611, 21, 152.43
2026/08/09 19:06:49.635, 0, 417, 0, 51.44
2026/08/09 19:06:49.635, 1, 1611, 21, 149.13
2026/08/09 19:06:50.636, 0, 417, 0, 51.61
2026/08/09 19:06:50.636, 1, 1611, 23, 149.57
2026/08/09 19:06:51.636, 0, 417, 0, 51.63
2026/08/09 19:06:51.636, 1, 1611, 18, 151.08
2026/08/09 19:06:52.636, 0, 417, 0, 51.66
2026/08/09 19:06:52.636, 1, 1611, 27, 149.65
2026/08/09 19:06:53.636, 0, 417, 0, 51.74
2026/08/09 19:06:53.637, 1, 1611, 19, 151.24
2026/08/09 19:06:54.637, 0, 417, 0, 51.54
2026/08/09 19:06:54.637, 1, 1611, 10, 149.76
2026/08/09 19:06:55.637, 0, 417, 0, 51.63
2026/08/09 19:06:55.637, 1, 1611, 23, 151.13
2026/08/09 19:06:56.638, 0, 417, 0, 51.69
2026/08/09 19:06:56.638, 1, 1611, 12, 149.67
2026/08/09 19:06:57.638, 0, 417, 0, 51.72
2026/08/09 19:06:57.638, 1, 1611, 17, 152.53
2026/08/09 19:06:58.638, 0, 417, 0, 51.79
2026/08/09 19:06:58.638, 1, 1611, 21, 148.56
2026/08/09 19:06:59.639, 0, 417, 0, 51.73
2026/08/09 19:06:59.639, 1, 1611, 21, 152.14
2026/08/09 19:07:00.639, 0, 417, 1, 51.68
2026/08/09 19:07:00.639, 1, 1611, 22, 148.99
2026/08/09 19:07:01.639, 0, 417, 0, 51.66
2026/08/09 19:07:01.639, 1, 1611, 20, 152.82
2026/08/09 19:07:02.640, 0, 417, 0, 51.73
2026/08/09 19:07:02.640, 1, 1611, 25, 152.08
2026/08/09 19:07:03.640, 0, 417, 0, 51.76
2026/08/09 19:07:03.640, 1, 1611, 28, 158.04
2026/08/09 19:07:04.640, 0, 417, 0, 51.68
2026/08/09 19:07:04.640, 1, 1611, 29, 153.87
2026/08/09 19:07:05.641, 0, 417, 0, 51.63
2026/08/09 19:07:05.641, 1, 1611, 27, 157.32
2026/08/09 19:07:06.641, 0, 417, 0, 51.67
2026/08/09 19:07:06.641, 1, 1611, 0, 153.40
2026/08/09 19:07:07.641, 0, 417, 0, 51.83
2026/08/09 19:07:07.641, 1, 1611, 28, 157.65
2026/08/09 19:07:08.642, 0, 417, 0, 51.77
2026/08/09 19:07:08.642, 1, 1611, 28, 154.36
2026/08/09 19:07:09.642, 0, 417, 0, 51.77
2026/08/09 19:07:09.642, 1, 1611, 26, 156.82
2026/08/09 19:07:10.642, 0, 417, 0, 51.81
2026/08/09 19:07:10.642, 1, 1611, 27, 153.96
2026/08/09 19:07:11.643, 0, 417, 0, 51.79
2026/08/09 19:07:11.643, 1, 1611, 25, 156.25
2026/08/09 19:07:12.643, 0, 417, 0, 51.73
2026/08/09 19:07:12.643, 1, 1611, 27, 153.69
2026/08/09 19:07:13.643, 0, 417, 0, 51.71
2026/08/09 19:07:13.644, 1, 1611, 23, 152.44
2026/08/09 19:07:14.644, 0, 417, 0, 51.69
2026/08/09 19:07:14.644, 1, 1611, 30, 151.44
2026/08/09 19:07:15.644, 0, 417, 0, 51.70
2026/08/09 19:07:15.644, 1, 1611, 22, 153.29
2026/08/09 19:07:16.645, 0, 417, 0, 51.67
2026/08/09 19:07:16.645, 1, 1611, 22, 150.07
2026/08/09 19:07:17.645, 0, 417, 0, 51.71
2026/08/09 19:07:17.645, 1, 1611, 23, 151.96
2026/08/09 19:07:18.645, 0, 417, 0, 51.72
2026/08/09 19:07:18.646, 1, 1611, 0, 150.39
2026/08/09 19:07:19.646, 0, 417, 0, 51.71
2026/08/09 19:07:19.646, 1, 1611, 20, 151.48
2026/08/09 19:07:20.646, 0, 417, 0, 51.71
2026/08/09 19:07:20.646, 1, 1611, 21, 148.89
2026/08/09 19:07:21.646, 0, 417, 0, 51.77
2026/08/09 19:07:21.647, 1, 1611, 20, 152.37
2026/08/09 19:07:22.647, 0, 417, 0, 51.82
2026/08/09 19:07:22.647, 1, 1611, 21, 148.29
2026/08/09 19:07:23.647, 0, 417, 0, 51.66
2026/08/09 19:07:23.647, 1, 1611, 21, 151.20
2026/08/09 19:07:24.647, 0, 417, 0, 51.76
2026/08/09 19:07:24.648, 1, 1611, 21, 150.49
2026/08/09 19:07:25.648, 0, 417, 0, 51.77
2026/08/09 19:07:25.648, 1, 1611, 21, 150.21
2026/08/09 19:07:26.648, 0, 417, 0, 51.68
2026/08/09 19:07:26.648, 1, 1611, 21, 151.41
2026/08/09 19:07:27.649, 0, 417, 0, 51.63
2026/08/09 19:07:27.649, 1, 1611, 22, 149.65
2026/08/09 19:07:28.649, 0, 417, 0, 51.77
2026/08/09 19:07:28.649, 1, 1611, 21, 150.79
2026/08/09 19:07:29.649, 0, 417, 0, 51.66
2026/08/09 19:07:29.650, 1, 1611, 0, 149.50
2026/08/09 19:07:30.650, 0, 417, 0, 51.64
2026/08/09 19:07:30.650, 1, 1611, 23, 152.03
2026/08/09 19:07:31.650, 0, 417, 0, 51.61
2026/08/09 19:07:31.650, 1, 1611, 18, 149.34
2026/08/09 19:07:32.651, 0, 417, 0, 51.61
2026/08/09 19:07:32.651, 1, 1611, 19, 151.70
2026/08/09 19:07:33.651, 0, 417, 0, 51.54
2026/08/09 19:07:33.651, 1, 1611, 17, 148.94
2026/08/09 19:07:34.651, 0, 417, 0, 51.50
2026/08/09 19:07:34.651, 1, 1611, 22, 152.76
2026/08/09 19:07:35.652, 0, 417, 0, 51.57
2026/08/09 19:07:35.652, 1, 1611, 25, 149.33
2026/08/09 19:07:36.652, 0, 417, 0, 51.60
2026/08/09 19:07:36.652, 1, 1611, 23, 150.12
2026/08/09 19:07:37.652, 0, 417, 0, 51.51
2026/08/09 19:07:37.653, 1, 1611, 19, 151.25
2026/08/09 19:07:38.653, 0, 417, 0, 51.54
2026/08/09 19:07:38.653, 1, 1611, 24, 149.95
2026/08/09 19:07:39.653, 0, 417, 0, 51.59
2026/08/09 19:07:39.653, 1, 1611, 20, 151.73
2026/08/09 19:07:40.654, 0, 417, 0, 51.56
2026/08/09 19:07:40.654, 1, 1611, 12, 150.52
2026/08/09 19:07:41.654, 0, 417, 0, 51.53
2026/08/09 19:07:41.654, 1, 1611, 22, 152.87
2026/08/09 19:07:42.654, 0, 417, 0, 51.51
2026/08/09 19:07:42.655, 1, 1611, 1, 150.14
2026/08/09 19:07:43.655, 0, 417, 0, 51.47
2026/08/09 19:07:43.655, 1, 1611, 22, 152.21
2026/08/09 19:07:44.655, 0, 417, 0, 51.56
2026/08/09 19:07:44.655, 1, 1611, 21, 149.40
2026/08/09 19:07:45.655, 0, 417, 0, 51.70
2026/08/09 19:07:45.656, 1, 1611, 26, 153.98
2026/08/09 19:07:46.656, 0, 417, 0, 51.78
2026/08/09 19:07:46.656, 1, 1611, 19, 148.81
2026/08/09 19:07:47.656, 0, 417, 0, 51.74
2026/08/09 19:07:47.656, 1, 1611, 24, 151.97
2026/08/09 19:07:48.657, 0, 417, 0, 51.74
2026/08/09 19:07:48.657, 1, 1611, 20, 152.20
2026/08/09 19:07:49.657, 0, 417, 0, 51.72
2026/08/09 19:07:49.657, 1, 1611, 23, 151.05
2026/08/09 19:07:50.657, 0, 417, 0, 51.72
2026/08/09 19:07:50.657, 1, 1611, 22, 151.77
2026/08/09 19:07:51.658, 0, 417, 0, 51.76
2026/08/09 19:07:51.658, 1, 1611, 24, 150.40
2026/08/09 19:07:52.658, 0, 417, 0, 51.75
2026/08/09 19:07:52.658, 1, 1611, 22, 152.16
2026/08/09 19:07:53.658, 0, 417, 0, 51.69
2026/08/09 19:07:53.658, 1, 1611, 18, 150.54
2026/08/09 19:07:54.659, 0, 417, 0, 51.68
2026/08/09 19:07:54.659, 1, 1611, 19, 152.26
2026/08/09 19:07:55.659, 0, 417, 0, 51.69
2026/08/09 19:07:55.659, 1, 1611, 18, 149.94
2026/08/09 19:07:56.659, 0, 417, 0, 51.70
2026/08/09 19:07:56.660, 1, 1611, 21, 152.62
2026/08/09 19:07:57.660, 0, 417, 0, 51.64
2026/08/09 19:07:57.660, 1, 1611, 19, 149.76
2026/08/09 19:07:58.660, 0, 417, 0, 51.56
2026/08/09 19:07:58.660, 1, 1611, 22, 152.61
2026/08/09 19:07:59.660, 0, 417, 0, 51.74
2026/08/09 19:07:59.661, 1, 1611, 20, 149.32
2026/08/09 19:08:00.661, 0, 417, 0, 51.55
2026/08/09 19:08:00.661, 1, 1611, 25, 153.38
2026/08/09 19:08:01.661, 0, 417, 0, 51.50
2026/08/09 19:08:01.661, 1, 1611, 22, 149.70
2026/08/09 19:08:02.662, 0, 417, 0, 51.50
2026/08/09 19:08:02.662, 1, 1611, 22, 153.12
2026/08/09 19:08:03.662, 0, 417, 0, 51.52
2026/08/09 19:08:03.662, 1, 1611, 20, 149.12
2026/08/09 19:08:04.662, 0, 417, 0, 51.65
2026/08/09 19:08:04.662, 1, 1611, 25, 152.84
2026/08/09 19:08:05.663, 0, 417, 0, 51.63
2026/08/09 19:08:05.663, 1, 1611, 23, 151.76
2026/08/09 19:08:06.663, 0, 417, 0, 51.52
2026/08/09 19:08:06.663, 1, 1611, 26, 150.36
2026/08/09 19:08:07.663, 0, 417, 0, 51.57
2026/08/09 19:08:07.664, 1, 1611, 21, 151.47
2026/08/09 19:08:08.664, 0, 417, 0, 51.60
2026/08/09 19:08:08.664, 1, 1611, 25, 149.90
2026/08/09 19:08:09.664, 0, 417, 0, 51.59
2026/08/09 19:08:09.664, 1, 1611, 22, 151.38
2026/08/09 19:08:10.664, 0, 417, 0, 51.53
2026/08/09 19:08:10.665, 1, 1611, 0, 150.09
2026/08/09 19:08:11.665, 0, 417, 0, 51.60
2026/08/09 19:08:11.665, 1, 1611, 23, 152.41
2026/08/09 19:08:12.665, 0, 417, 0, 51.61
2026/08/09 19:08:12.665, 1, 1611, 8, 149.62
2026/08/09 19:08:13.666, 0, 417, 0, 51.68
2026/08/09 19:08:13.666, 1, 1611, 23, 151.80
2026/08/09 19:08:14.666, 0, 417, 0, 51.62
2026/08/09 19:08:14.666, 1, 1611, 18, 149.39
2026/08/09 19:08:15.666, 0, 417, 0, 51.61
2026/08/09 19:08:15.666, 1, 1611, 24, 152.85
2026/08/09 19:08:16.667, 0, 417, 0, 51.54
2026/08/09 19:08:16.667, 1, 1611, 23, 148.77
2026/08/09 19:08:17.667, 0, 417, 0, 51.48
2026/08/09 19:08:17.667, 1, 1611, 23, 152.93
2026/08/09 19:08:18.667, 0, 417, 0, 51.56
2026/08/09 19:08:18.668, 1, 1611, 22, 149.31
2026/08/09 19:08:19.668, 0, 417, 0, 51.57
2026/08/09 19:08:19.668, 1, 1611, 23, 150.71
2026/08/09 19:08:20.668, 0, 417, 0, 51.67
2026/08/09 19:08:20.668, 1, 1611, 23, 151.58
2026/08/09 19:08:21.668, 0, 417, 0, 51.60
2026/08/09 19:08:21.669, 1, 1611, 29, 150.48
2026/08/09 19:08:22.669, 0, 417, 0, 51.54
2026/08/09 19:08:22.669, 1, 1611, 21, 150.78
2026/08/09 19:08:23.669, 0, 417, 0, 51.58
2026/08/09 19:08:23.669, 1, 1611, 0, 149.21
2026/08/09 19:08:24.669, 0, 417, 0, 51.60
2026/08/09 19:08:24.670, 1, 1611, 22, 151.59
2026/08/09 19:08:25.670, 0, 417, 0, 51.58
2026/08/09 19:08:25.671, 1, 1611, 25, 150.04
2026/08/09 19:08:26.671, 0, 417, 0, 51.69
2026/08/09 19:08:26.671, 1, 1611, 21, 151.32
2026/08/09 19:08:27.671, 0, 417, 0, 51.50
2026/08/09 19:08:27.671, 1, 1611, 18, 148.85
2026/08/09 19:08:28.672, 0, 417, 0, 51.56
2026/08/09 19:08:28.672, 1, 1611, 24, 152.64
2026/08/09 19:08:29.672, 0, 417, 0, 51.62
2026/08/09 19:08:29.672, 1, 1611, 18, 149.52
2026/08/09 19:08:30.672, 0, 417, 0, 51.69
2026/08/09 19:08:30.673, 1, 1611, 22, 150.29
2026/08/09 19:08:31.673, 0, 417, 0, 51.75
2026/08/09 19:08:31.673, 1, 1611, 23, 152.37
2026/08/09 19:08:32.673, 0, 417, 0, 51.66
2026/08/09 19:08:32.673, 1, 1611, 25, 150.15
2026/08/09 19:08:33.673, 0, 417, 0, 51.60
2026/08/09 19:08:33.674, 1, 1611, 24, 151.36
2026/08/09 19:08:34.674, 0, 417, 0, 51.62
2026/08/09 19:08:34.674, 1, 1611, 25, 150.31
2026/08/09 19:08:35.674, 0, 417, 0, 51.68
2026/08/09 19:08:35.674, 1, 1611, 18, 151.41
2026/08/09 19:08:36.675, 0, 417, 0, 51.72
2026/08/09 19:08:36.675, 1, 1611, 24, 150.08
2026/08/09 19:08:37.675, 0, 417, 0, 51.69
2026/08/09 19:08:37.675, 1, 1611, 21, 151.61
2026/08/09 19:08:38.675, 0, 417, 0, 51.71
2026/08/09 19:08:38.675, 1, 1611, 19, 150.21
2026/08/09 19:08:39.676, 0, 417, 0, 51.77
2026/08/09 19:08:39.676, 1, 1611, 24, 152.44
2026/08/09 19:08:40.676, 0, 417, 0, 51.74
2026/08/09 19:08:40.676, 1, 1611, 21, 149.29
2026/08/09 19:08:41.676, 0, 417, 0, 51.68
2026/08/09 19:08:41.676, 1, 1611, 22, 152.87
2026/08/09 19:08:42.676, 0, 417, 0, 51.77
2026/08/09 19:08:42.677, 1, 1611, 21, 148.83
2026/08/09 19:08:43.677, 0, 417, 0, 51.77
2026/08/09 19:08:43.677, 1, 1611, 21, 152.37
2026/08/09 19:08:44.677, 0, 417, 0, 51.78
2026/08/09 19:08:44.677, 1, 1611, 21, 149.20
2026/08/09 19:08:45.678, 0, 417, 0, 51.72
2026/08/09 19:08:45.678, 1, 1611, 24, 152.48
2026/08/09 19:08:46.678, 0, 417, 0, 51.60
2026/08/09 19:08:46.678, 1, 1611, 22, 149.14
2026/08/09 19:08:47.678, 0, 417, 0, 51.55
2026/08/09 19:08:47.678, 1, 1611, 24, 150.01
2026/08/09 19:08:48.679, 0, 417, 0, 51.65
2026/08/09 19:08:48.679, 1, 1611, 21, 151.63
2026/08/09 19:08:49.679, 0, 417, 0, 51.77
2026/08/09 19:08:49.679, 1, 1611, 27, 150.58
2026/08/09 19:08:50.679, 0, 417, 0, 51.86
2026/08/09 19:08:50.680, 1, 1611, 20, 152.12
2026/08/09 19:08:51.680, 0, 417, 0, 51.85
2026/08/09 19:08:51.680, 1, 1611, 26, 150.68
2026/08/09 19:08:52.680, 0, 417, 0, 51.81
2026/08/09 19:08:52.680, 1, 1611, 20, 151.98
2026/08/09 19:08:53.681, 0, 417, 0, 51.80
2026/08/09 19:08:53.681, 1, 1611, 0, 149.72
2026/08/09 19:08:54.681, 0, 417, 0, 51.87
2026/08/09 19:08:54.681, 1, 1611, 21, 151.70
2026/08/09 19:08:55.681, 0, 417, 0, 51.76
2026/08/09 19:08:55.682, 1, 1611, 23, 149.60
2026/08/09 19:08:56.682, 0, 417, 0, 51.76
2026/08/09 19:08:56.682, 1, 1611, 22, 152.02
2026/08/09 19:08:57.682, 0, 417, 0, 51.74
2026/08/09 19:08:57.682, 1, 1611, 22, 150.00
2026/08/09 19:08:58.683, 0, 417, 0, 51.71
2026/08/09 19:08:58.683, 1, 1611, 22, 152.30
2026/08/09 19:08:59.683, 0, 417, 0, 51.76
2026/08/09 19:08:59.683, 1, 1611, 20, 149.06
2026/08/09 19:09:00.683, 0, 417, 0, 51.67
2026/08/09 19:09:00.683, 1, 1611, 25, 152.24
2026/08/09 19:09:01.684, 0, 417, 0, 51.63
2026/08/09 19:09:01.684, 1, 1611, 22, 149.52
2026/08/09 19:09:02.684, 0, 417, 0, 51.56
2026/08/09 19:09:02.684, 1, 1611, 22, 152.08
2026/08/09 19:09:03.684, 0, 417, 0, 51.63
2026/08/09 19:09:03.685, 1, 1611, 22, 151.50
2026/08/09 19:09:04.685, 0, 417, 0, 51.59
2026/08/09 19:09:04.685, 1, 1611, 25, 150.40
2026/08/09 19:09:05.685, 0, 417, 0, 51.67
2026/08/09 19:09:05.685, 1, 1611, 17, 151.27
2026/08/09 19:09:06.685, 0, 417, 0, 51.72
2026/08/09 19:09:06.686, 1, 1611, 25, 150.16
2026/08/09 19:09:07.686, 0, 417, 0, 51.64
2026/08/09 19:09:07.686, 1, 1611, 23, 150.92
2026/08/09 19:09:08.686, 0, 417, 0, 51.74
2026/08/09 19:09:08.686, 1, 1611, 4, 149.70
2026/08/09 19:09:09.686, 0, 417, 0, 51.75
2026/08/09 19:09:09.687, 1, 1611, 21, 151.89
2026/08/09 19:09:10.687, 0, 417, 0, 51.64
2026/08/09 19:09:10.687, 1, 1611, 21, 149.16
2026/08/09 19:09:11.687, 0, 417, 0, 51.76
2026/08/09 19:09:11.687, 1, 1611, 21, 153.37
2026/08/09 19:09:12.687, 0, 417, 0, 51.77
2026/08/09 19:09:12.688, 1, 1611, 23, 149.13
2026/08/09 19:09:13.688, 0, 417, 0, 51.80
2026/08/09 19:09:13.688, 1, 1611, 23, 153.02
2026/08/09 19:09:14.688, 0, 417, 0, 51.85
2026/08/09 19:09:14.688, 1, 1611, 21, 149.84
2026/08/09 19:09:15.689, 0, 417, 0, 51.76
2026/08/09 19:09:15.689, 1, 1611, 24, 150.27
2026/08/09 19:09:16.689, 0, 417, 0, 51.63
2026/08/09 19:09:16.689, 1, 1611, 23, 152.03
2026/08/09 19:09:17.689, 0, 417, 0, 51.65
2026/08/09 19:09:17.689, 1, 1611, 22, 149.73
2026/08/09 19:09:18.690, 0, 417, 0, 51.65
2026/08/09 19:09:18.690, 1, 1611, 22, 151.89
2026/08/09 19:09:19.690, 0, 417, 0, 51.70
2026/08/09 19:09:19.690, 1, 1611, 24, 149.84
2026/08/09 19:09:20.690, 0, 417, 0, 51.80
2026/08/09 19:09:20.691, 1, 1611, 19, 151.66
2026/08/09 19:09:21.691, 0, 417, 0, 51.79
2026/08/09 19:09:21.691, 1, 1611, 10, 150.36
2026/08/09 19:09:22.691, 0, 417, 0, 51.76
2026/08/09 19:09:22.691, 1, 1611, 23, 152.68
2026/08/09 19:09:23.691, 0, 417, 0, 51.76
2026/08/09 19:09:23.692, 1, 1611, 20, 150.22
2026/08/09 19:09:24.692, 0, 417, 0, 51.75
2026/08/09 19:09:24.692, 1, 1611, 19, 152.58
2026/08/09 19:09:25.692, 0, 417, 0, 51.83
2026/08/09 19:09:25.692, 1, 1611, 20, 149.30
2026/08/09 19:09:26.693, 0, 417, 0, 51.75
2026/08/09 19:09:26.693, 1, 1611, 23, 151.82
2026/08/09 19:09:27.693, 0, 417, 0, 51.74
2026/08/09 19:09:27.693, 1, 1611, 17, 150.99
2026/08/09 19:09:28.693, 0, 417, 0, 51.74
2026/08/09 19:09:28.693, 1, 1611, 21, 149.86
2026/08/09 19:09:29.694, 0, 417, 0, 51.82
2026/08/09 19:09:29.694, 1, 1611, 24, 151.50
2026/08/09 19:09:30.694, 0, 417, 0, 51.79
2026/08/09 19:09:30.694, 1, 1611, 18, 149.39
2026/08/09 19:09:31.694, 0, 417, 0, 51.76
2026/08/09 19:09:31.694, 1, 1611, 20, 151.19
2026/08/09 19:09:32.695, 0, 417, 0, 51.78
2026/08/09 19:09:32.695, 1, 1611, 23, 149.26
2026/08/09 19:09:33.695, 0, 417, 0, 51.74
2026/08/09 19:09:33.695, 1, 1611, 25, 152.06
2026/08/09 19:09:34.695, 0, 417, 0, 51.69
2026/08/09 19:09:34.696, 1, 1611, 23, 148.73
2026/08/09 19:09:35.696, 0, 417, 0, 51.68
2026/08/09 19:09:35.696, 1, 1611, 19, 152.77
2026/08/09 19:09:36.696, 0, 417, 0, 51.68
2026/08/09 19:09:36.696, 1, 1611, 22, 151.14
2026/08/09 19:09:37.696, 0, 417, 0, 51.69
2026/08/09 19:09:37.697, 1, 1611, 22, 150.15
2026/08/09 19:09:38.697, 0, 417, 0, 51.65
2026/08/09 19:09:38.697, 1, 1611, 20, 151.56
2026/08/09 19:09:39.697, 0, 417, 0, 51.70
2026/08/09 19:09:39.698, 1, 1611, 23, 150.46
2026/08/09 19:09:40.698, 0, 417, 0, 51.69
2026/08/09 19:09:40.698, 1, 1611, 22, 151.23
2026/08/09 19:09:41.698, 0, 417, 0, 51.71
2026/08/09 19:09:41.698, 1, 1611, 6, 150.36
2026/08/09 19:09:42.699, 0, 417, 0, 51.84
2026/08/09 19:09:42.699, 1, 1611, 26, 155.71
2026/08/09 19:09:43.699, 0, 417, 0, 51.89
2026/08/09 19:09:43.699, 1, 1611, 16, 153.62
2026/08/09 19:09:44.699, 0, 417, 0, 51.83
2026/08/09 19:09:44.700, 1, 1611, 28, 156.15
2026/08/09 19:09:45.700, 0, 417, 0, 51.83
2026/08/09 19:09:45.700, 1, 1611, 25, 153.25
2026/08/09 19:09:46.700, 0, 417, 0, 51.77
2026/08/09 19:09:46.700, 1, 1611, 24, 154.71
2026/08/09 19:09:47.701, 0, 417, 0, 51.80
2026/08/09 19:09:47.701, 1, 1611, 27, 157.39
2026/08/09 19:09:48.701, 0, 417, 0, 51.79
2026/08/09 19:09:48.701, 1, 1611, 22, 152.81
2026/08/09 19:09:49.701, 0, 417, 0, 51.81
2026/08/09 19:09:49.701, 1, 1611, 22, 151.98
2026/08/09 19:09:50.702, 0, 417, 0, 51.79
2026/08/09 19:09:50.702, 1, 1611, 28, 150.45
2026/08/09 19:09:51.702, 0, 417, 0, 51.67
2026/08/09 19:09:51.702, 1, 1611, 25, 156.12
2026/08/09 19:09:52.702, 0, 417, 0, 51.67
2026/08/09 19:09:52.702, 1, 1611, 27, 152.74
2026/08/09 19:09:53.703, 0, 417, 0, 51.79
2026/08/09 19:09:53.703, 1, 1611, 26, 157.46
2026/08/09 19:09:54.703, 0, 417, 0, 51.74
2026/08/09 19:09:54.703, 1, 1611, 25, 152.86
2026/08/09 19:09:55.703, 0, 417, 0, 51.73
2026/08/09 19:09:55.704, 1, 1611, 10, 154.35
2026/08/09 19:09:56.704, 0, 417, 0, 51.74
2026/08/09 19:09:56.704, 1, 1611, 26, 152.92
2026/08/09 19:09:57.704, 0, 417, 0, 51.73
2026/08/09 19:09:57.704, 1, 1611, 0, 154.07
2026/08/09 19:09:58.705, 0, 417, 0, 51.72
2026/08/09 19:09:58.705, 1, 1611, 28, 153.01
2026/08/09 19:09:59.705, 0, 417, 0, 51.76
2026/08/09 19:09:59.705, 1, 1611, 13, 152.26
2026/08/09 19:10:00.705, 0, 417, 0, 51.64
2026/08/09 19:10:00.705, 1, 1611, 23, 154.79
2026/08/09 19:10:01.706, 0, 417, 0, 51.68
2026/08/09 19:10:01.706, 1, 1611, 23, 153.02
2026/08/09 19:10:02.706, 0, 417, 0, 51.76
2026/08/09 19:10:02.706, 1, 1611, 29, 157.45
2026/08/09 19:10:03.706, 0, 417, 0, 51.77
2026/08/09 19:10:03.707, 1, 1611, 29, 154.74
2026/08/09 19:10:04.707, 0, 417, 0, 51.72
2026/08/09 19:10:04.707, 1, 1611, 25, 157.54
2026/08/09 19:10:05.707, 0, 417, 0, 51.67
2026/08/09 19:10:05.707, 1, 1611, 29, 153.68
2026/08/09 19:10:06.708, 0, 417, 0, 51.56
2026/08/09 19:10:06.708, 1, 1611, 25, 157.92
2026/08/09 19:10:07.708, 0, 2113, 0, 113.49
2026/08/09 19:10:07.708, 1, 3051, 38, 202.73
2026/08/09 19:10:08.708, 0, 2113, 84, 249.76
2026/08/09 19:10:08.708, 1, 3307, 78, 260.98
2026/08/09 19:10:09.709, 0, 2113, 46, 261.13
2026/08/09 19:10:09.709, 1, 3307, 54, 270.15
2026/08/09 19:10:10.709, 0, 2113, 81, 276.04
2026/08/09 19:10:10.709, 1, 4427, 72, 306.95
2026/08/09 19:10:11.709, 0, 2657, 66, 261.89
2026/08/09 19:10:11.710, 1, 5451, 59, 290.99
2026/08/09 19:10:12.710, 0, 2689, 77, 261.91
2026/08/09 19:10:12.710, 1, 5515, 74, 300.45
2026/08/09 19:10:13.710, 0, 3905, 57, 276.58
2026/08/09 19:10:13.710, 1, 5515, 35, 294.19
2026/08/09 19:10:14.711, 0, 3905, 81, 252.12
2026/08/09 19:10:14.711, 1, 5579, 30, 290.90
2026/08/09 19:10:15.711, 0, 3905, 81, 258.15
2026/08/09 19:10:15.711, 1, 5579, 66, 289.26
2026/08/09 19:10:16.712, 0, 3905, 96, 260.10
2026/08/09 19:10:16.712, 1, 5579, 89, 299.30
2026/08/09 19:10:17.712, 0, 3905, 34, 256.73
2026/08/09 19:10:17.712, 1, 6123, 36, 284.35
2026/08/09 19:10:18.712, 0, 3905, 85, 266.52
2026/08/09 19:10:18.713, 1, 6123, 68, 292.87
2026/08/09 19:10:19.713, 0, 3905, 56, 259.49
2026/08/09 19:10:19.713, 1, 6123, 40, 308.08
2026/08/09 19:10:20.713, 0, 3905, 74, 263.80
2026/08/09 19:10:20.714, 1, 6157, 75, 294.05
2026/08/09 19:10:21.714, 0, 3905, 77, 262.12
2026/08/09 19:10:21.714, 1, 6157, 61, 298.39
2026/08/09 19:10:22.714, 0, 3905, 54, 255.84
2026/08/09 19:10:22.714, 1, 6157, 77, 311.29
2026/08/09 19:10:23.715, 0, 3905, 70, 266.90
2026/08/09 19:10:23.715, 1, 6157, 83, 307.98
2026/08/09 19:10:24.715, 0, 3905, 82, 282.15
2026/08/09 19:10:24.715, 1, 6157, 74, 309.45
2026/08/09 19:10:25.716, 0, 3905, 89, 283.25
2026/08/09 19:10:25.716, 1, 6157, 46, 313.73
2026/08/09 19:10:26.716, 0, 3905, 74, 279.01
2026/08/09 19:10:26.716, 1, 6157, 72, 315.42
2026/08/09 19:10:27.717, 0, 3905, 82, 281.68
2026/08/09 19:10:27.717, 1, 6157, 76, 314.34
2026/08/09 19:10:28.717, 0, 3905, 98, 276.49
2026/08/09 19:10:28.717, 1, 6157, 88, 331.84
2026/08/09 19:10:29.717, 0, 3905, 52, 283.63
2026/08/09 19:10:29.718, 1, 6157, 64, 327.10
2026/08/09 19:10:30.718, 0, 3905, 62, 268.92
2026/08/09 19:10:30.718, 1, 6157, 57, 308.86
2026/08/09 19:10:31.718, 0, 3905, 75, 263.36
2026/08/09 19:10:31.719, 1, 6157, 74, 308.56
2026/08/09 19:10:32.719, 0, 6017, 100, 320.55
2026/08/09 19:10:32.719, 1, 6157, 97, 330.59
2026/08/09 19:10:33.719, 0, 7041, 100, 325.63
2026/08/09 19:10:33.720, 1, 8237, 82, 339.64
2026/08/09 19:10:34.720, 0, 7041, 51, 325.17
2026/08/09 19:10:34.720, 1, 8269, 78, 347.32
2026/08/09 19:10:35.720, 0, 7041, 48, 314.17
2026/08/09 19:10:35.721, 1, 10317, 74, 320.53
2026/08/09 19:10:36.721, 0, 7041, 67, 344.80
2026/08/09 19:10:36.721, 1, 10317, 69, 319.84
2026/08/09 19:10:37.721, 0, 7041, 100, 315.95
2026/08/09 19:10:37.722, 1, 10317, 86, 333.00
2026/08/09 19:10:38.722, 0, 7041, 100, 335.04
2026/08/09 19:10:38.722, 1, 10253, 75, 343.52
2026/08/09 19:10:39.722, 0, 7041, 100, 355.58
2026/08/09 19:10:39.722, 1, 10253, 35, 336.40
2026/08/09 19:10:40.723, 0, 7041, 95, 345.54
2026/08/09 19:10:40.723, 1, 12333, 95, 328.73
2026/08/09 19:10:41.723, 0, 9089, 78, 347.47
2026/08/09 19:10:41.724, 1, 12333, 100, 331.95
2026/08/09 19:10:42.724, 0, 9089, 77, 294.07
2026/08/09 19:10:42.724, 1, 12333, 72, 328.86
2026/08/09 19:10:43.724, 0, 9089, 76, 303.84
2026/08/09 19:10:43.725, 1, 12333, 100, 320.01
2026/08/09 19:10:44.725, 0, 9089, 91, 291.23
2026/08/09 19:10:44.725, 1, 12333, 93, 315.16
2026/08/09 19:10:45.725, 0, 9089, 20, 299.98
2026/08/09 19:10:45.726, 1, 12333, 86, 310.71
2026/08/09 19:10:46.726, 0, 11137, 71, 321.66
2026/08/09 19:10:46.726, 1, 12333, 92, 333.55
2026/08/09 19:10:47.726, 0, 11137, 55, 293.52
2026/08/09 19:10:47.726, 1, 12333, 100, 318.99
2026/08/09 19:10:48.727, 0, 11137, 74, 309.31
2026/08/09 19:10:48.727, 1, 12333, 52, 317.62
2026/08/09 19:10:49.727, 0, 11265, 69, 350.53
2026/08/09 19:10:49.727, 1, 12333, 73, 332.56
2026/08/09 19:10:50.728, 0, 11265, 92, 315.62
2026/08/09 19:10:50.728, 1, 12333, 38, 319.41
2026/08/09 19:10:51.728, 0, 11265, 79, 324.15
2026/08/09 19:10:51.728, 1, 12333, 84, 315.59
2026/08/09 19:10:52.729, 0, 11201, 100, 335.75
2026/08/09 19:10:52.729, 1, 12333, 100, 342.63
2026/08/09 19:10:53.729, 0, 11361, 89, 324.90
2026/08/09 19:10:53.729, 1, 12333, 76, 318.60
2026/08/09 19:10:54.729, 0, 11489, 67, 328.93
2026/08/09 19:10:54.730, 1, 12333, 92, 344.96
2026/08/09 19:10:55.730, 0, 11489, 64, 303.42
2026/08/09 19:10:55.730, 1, 12333, 100, 330.85
2026/08/09 19:10:56.731, 0, 11489, 75, 318.92
2026/08/09 19:10:56.731, 1, 12333, 95, 344.95
2026/08/09 19:10:57.731, 0, 11489, 73, 318.07
2026/08/09 19:10:57.731, 1, 14317, 88, 338.28
2026/08/09 19:10:58.732, 0, 11489, 88, 312.59
2026/08/09 19:10:58.732, 1, 14349, 88, 325.18
2026/08/09 19:10:59.732, 0, 11489, 42, 305.55
2026/08/09 19:10:59.732, 1, 14349, 92, 319.50
2026/08/09 19:11:00.733, 0, 11489, 30, 301.82
2026/08/09 19:11:00.733, 1, 14349, 88, 313.80
2026/08/09 19:11:01.733, 0, 11489, 58, 334.22
2026/08/09 19:11:01.733, 1, 14349, 74, 329.36
2026/08/09 19:11:02.734, 0, 11489, 98, 348.06
2026/08/09 19:11:02.734, 1, 14349, 82, 322.25
2026/08/09 19:11:03.734, 0, 11489, 98, 345.44
2026/08/09 19:11:03.734, 1, 14285, 90, 335.45
2026/08/09 19:11:04.734, 0, 13537, 77, 361.52
2026/08/09 19:11:04.735, 1, 14381, 100, 355.85
2026/08/09 19:11:05.735, 0, 13537, 58, 330.72
2026/08/09 19:11:05.735, 1, 14381, 81, 343.58
2026/08/09 19:11:06.735, 0, 13377, 81, 376.53
2026/08/09 19:11:06.736, 1, 14381, 50, 325.28
2026/08/09 19:11:07.736, 0, 13377, 100, 358.02
2026/08/09 19:11:07.736, 1, 14381, 100, 341.66
2026/08/09 19:11:08.736, 0, 13377, 85, 360.68
2026/08/09 19:11:08.737, 1, 14381, 100, 343.04
2026/08/09 19:11:09.737, 0, 13377, 100, 377.18
2026/08/09 19:11:09.737, 1, 14381, 100, 354.98
2026/08/09 19:11:10.737, 0, 13249, 26, 362.53
2026/08/09 19:11:10.738, 1, 14381, 67, 340.39
2026/08/09 19:11:11.738, 0, 13249, 93, 355.80
2026/08/09 19:11:11.738, 1, 14381, 100, 334.56
2026/08/09 19:11:12.738, 0, 13057, 100, 367.14
2026/08/09 19:11:12.739, 1, 14381, 97, 312.18
2026/08/09 19:11:13.739, 0, 12993, 21, 341.29
2026/08/09 19:11:13.739, 1, 14381, 92, 340.69
2026/08/09 19:11:14.739, 0, 12993, 96, 348.19
2026/08/09 19:11:14.739, 1, 14445, 50, 311.42
2026/08/09 19:11:15.740, 0, 12993, 86, 339.84
2026/08/09 19:11:15.740, 1, 14477, 92, 324.60
2026/08/09 19:11:16.740, 0, 12993, 24, 321.96
2026/08/09 19:11:16.740, 1, 14477, 93, 330.47
2026/08/09 19:11:17.740, 0, 12993, 84, 347.89
2026/08/09 19:11:17.741, 1, 14477, 47, 318.70
2026/08/09 19:11:18.741, 0, 12993, 82, 350.75
2026/08/09 19:11:18.741, 1, 14477, 70, 308.39
2026/08/09 19:11:19.741, 0, 12993, 71, 347.08
2026/08/09 19:11:19.742, 1, 14477, 100, 339.23
2026/08/09 19:11:20.742, 0, 13185, 65, 334.73
2026/08/09 19:11:20.742, 1, 14477, 59, 332.62
2026/08/09 19:11:21.742, 0, 13217, 79, 354.78
2026/08/09 19:11:21.743, 1, 14477, 100, 337.61
2026/08/09 19:11:22.743, 0, 17441, 88, 357.50
2026/08/09 19:11:22.743, 1, 14573, 13, 291.39
2026/08/09 19:11:23.743, 0, 17441, 100, 348.91
2026/08/09 19:11:23.744, 1, 14573, 100, 332.73
2026/08/09 19:11:24.744, 0, 17825, 26, 356.70
2026/08/09 19:11:24.744, 1, 14573, 100, 326.67
2026/08/09 19:11:25.744, 0, 17825, 7, 329.56
2026/08/09 19:11:25.744, 1, 14477, 90, 334.78
2026/08/09 19:11:26.744, 0, 17825, 84, 357.88
2026/08/09 19:11:26.745, 1, 14477, 83, 346.08
2026/08/09 19:11:27.745, 0, 13729, 100, 315.96
2026/08/09 19:11:27.745, 1, 14477, 68, 332.01
2026/08/09 19:11:28.745, 0, 13729, 85, 353.05
2026/08/09 19:11:28.746, 1, 14477, 53, 341.70
2026/08/09 19:11:29.746, 0, 13281, 100, 364.00
2026/08/09 19:11:29.746, 1, 14317, 100, 332.47
2026/08/09 19:11:30.746, 0, 13185, 35, 350.21
2026/08/09 19:11:30.746, 1, 14413, 90, 329.09
2026/08/09 19:11:31.747, 0, 13185, 100, 354.85
2026/08/09 19:11:31.747, 1, 14413, 72, 330.94
2026/08/09 19:11:32.747, 0, 13185, 88, 353.97
2026/08/09 19:11:32.747, 1, 14573, 100, 308.53
2026/08/09 19:11:33.747, 0, 13217, 68, 354.50
2026/08/09 19:11:33.748, 1, 14541, 61, 322.71
2026/08/09 19:11:34.748, 0, 13217, 63, 321.08
2026/08/09 19:11:34.748, 1, 14541, 72, 320.08
2026/08/09 19:11:35.748, 0, 13217, 100, 336.60
2026/08/09 19:11:35.748, 1, 14541, 69, 324.02
2026/08/09 19:11:36.749, 0, 17281, 100, 346.26
2026/08/09 19:11:36.749, 1, 14413, 75, 330.76
2026/08/09 19:11:37.749, 0, 17281, 77, 339.66
2026/08/09 19:11:37.749, 1, 14477, 46, 322.50
2026/08/09 19:11:38.750, 0, 17281, 57, 347.01
2026/08/09 19:11:38.750, 1, 14637, 80, 336.95
2026/08/09 19:11:39.750, 0, 17281, 100, 365.80
2026/08/09 19:11:39.750, 1, 14637, 90, 320.26
2026/08/09 19:11:40.751, 0, 17345, 43, 348.36
2026/08/09 19:11:40.751, 1, 14637, 100, 334.95
2026/08/09 19:11:41.751, 0, 17377, 100, 373.67
2026/08/09 19:11:41.751, 1, 14573, 48, 324.90
2026/08/09 19:11:42.752, 0, 17377, 100, 356.37
2026/08/09 19:11:42.752, 1, 14509, 72, 321.79
2026/08/09 19:11:43.752, 0, 17377, 40, 378.66
2026/08/09 19:11:43.752, 1, 18573, 91, 321.85
2026/08/09 19:11:44.752, 0, 17377, 92, 357.20
2026/08/09 19:11:44.753, 1, 18605, 77, 349.06
2026/08/09 19:11:45.753, 0, 17377, 100, 368.95
2026/08/09 19:11:45.753, 1, 18605, 50, 315.52
2026/08/09 19:11:46.753, 0, 17345, 100, 392.76
2026/08/09 19:11:46.754, 1, 18605, 87, 303.53
2026/08/09 19:11:47.754, 0, 13153, 97, 367.39
2026/08/09 19:11:47.754, 1, 18573, 100, 344.07
2026/08/09 19:11:48.754, 0, 19393, 100, 376.23
2026/08/09 19:11:48.754, 1, 18509, 69, 330.26
2026/08/09 19:11:49.754, 0, 17249, 100, 345.95
2026/08/09 19:11:49.755, 1, 18509, 98, 313.18
2026/08/09 19:11:50.755, 0, 14593, 100, 331.89
2026/08/09 19:11:50.755, 1, 18509, 78, 328.51
2026/08/09 19:11:51.755, 0, 13185, 48, 298.28
2026/08/09 19:11:51.755, 1, 18509, 100, 338.36
2026/08/09 19:11:52.756, 0, 13185, 90, 326.45
2026/08/09 19:11:52.756, 1, 18605, 26, 315.36
2026/08/09 19:11:53.756, 0, 13121, 76, 346.96
2026/08/09 19:11:53.756, 1, 18605, 66, 324.35
2026/08/09 19:11:54.756, 0, 13089, 100, 355.89
2026/08/09 19:11:54.757, 1, 18573, 76, 298.27
2026/08/09 19:11:55.757, 0, 17249, 70, 349.26
2026/08/09 19:11:55.757, 1, 18573, 100, 317.63
2026/08/09 19:11:56.757, 0, 13089, 87, 336.17
2026/08/09 19:11:56.758, 1, 18573, 77, 316.09
2026/08/09 19:11:57.758, 0, 13089, 80, 319.01
2026/08/09 19:11:57.758, 1, 14349, 74, 304.34
2026/08/09 19:11:58.758, 0, 13121, 100, 348.57
2026/08/09 19:11:58.758, 1, 14477, 100, 347.02
2026/08/09 19:11:59.759, 0, 13121, 100, 372.14
2026/08/09 19:11:59.759, 1, 14477, 55, 318.24
2026/08/09 19:12:00.759, 0, 13121, 100, 366.61
2026/08/09 19:12:00.759, 1, 14605, 52, 314.42
2026/08/09 19:12:01.759, 0, 13121, 96, 343.72
2026/08/09 19:12:01.760, 1, 14445, 90, 343.27
2026/08/09 19:12:02.760, 0, 13217, 81, 373.46
2026/08/09 19:12:02.760, 1, 14413, 61, 320.86
2026/08/09 19:12:03.760, 0, 13217, 97, 351.80
2026/08/09 19:12:03.761, 1, 14413, 100, 312.65
2026/08/09 19:12:04.761, 0, 13217, 100, 375.15
2026/08/09 19:12:04.761, 1, 14381, 100, 339.45
2026/08/09 19:12:05.761, 0, 13217, 100, 349.68
2026/08/09 19:12:05.761, 1, 14317, 100, 341.42
2026/08/09 19:12:06.762, 0, 13217, 63, 355.11
2026/08/09 19:12:06.762, 1, 14317, 100, 318.68
2026/08/09 19:12:07.762, 0, 13249, 100, 335.28
2026/08/09 19:12:07.762, 1, 14317, 74, 327.95
2026/08/09 19:12:08.762, 0, 13249, 100, 312.14
2026/08/09 19:12:08.763, 1, 14349, 35, 308.44
2026/08/09 19:12:09.763, 0, 13153, 73, 359.96
2026/08/09 19:12:09.763, 1, 14285, 84, 323.57
2026/08/09 19:12:10.763, 0, 13153, 100, 365.92
2026/08/09 19:12:10.764, 1, 14285, 30, 295.70
2026/08/09 19:12:11.764, 0, 13313, 100, 327.42
2026/08/09 19:12:11.764, 1, 14317, 100, 324.39
2026/08/09 19:12:12.764, 0, 13313, 77, 315.47
2026/08/09 19:12:12.764, 1, 14317, 10, 293.05
2026/08/09 19:12:13.765, 0, 13345, 100, 315.35
2026/08/09 19:12:13.765, 1, 14317, 89, 324.86
2026/08/09 19:12:14.765, 0, 13345, 83, 333.70
2026/08/09 19:12:14.765, 1, 14317, 38, 307.03
2026/08/09 19:12:15.765, 0, 13345, 60, 340.95
2026/08/09 19:12:15.766, 1, 14381, 70, 313.63
2026/08/09 19:12:16.766, 0, 13345, 26, 373.67
2026/08/09 19:12:16.767, 1, 14413, 91, 323.90
2026/08/09 19:12:17.767, 0, 13281, 47, 350.97
2026/08/09 19:12:17.768, 1, 14413, 100, 340.77
2026/08/09 19:12:18.768, 0, 17633, 100, 322.36
2026/08/09 19:12:18.768, 1, 14413, 98, 293.38
2026/08/09 19:12:19.768, 0, 17793, 62, 294.83
2026/08/09 19:12:19.769, 1, 14509, 67, 344.23
2026/08/09 19:12:20.769, 0, 17793, 100, 325.58
2026/08/09 19:12:20.769, 1, 14509, 45, 293.67
2026/08/09 19:12:21.769, 0, 17793, 100, 319.69
2026/08/09 19:12:21.770, 1, 14605, 89, 349.51
2026/08/09 19:12:22.770, 0, 13249, 100, 308.54
2026/08/09 19:12:22.770, 1, 14573, 59, 297.74
2026/08/09 19:12:23.770, 0, 13409, 49, 327.13
2026/08/09 19:12:23.771, 1, 14573, 52, 302.41
2026/08/09 19:12:24.771, 0, 13409, 100, 365.96
2026/08/09 19:12:24.771, 1, 14381, 49, 336.33
2026/08/09 19:12:25.771, 0, 17345, 100, 360.69
2026/08/09 19:12:25.772, 1, 14381, 100, 306.97
2026/08/09 19:12:26.772, 0, 17345, 30, 313.71
2026/08/09 19:12:26.772, 1, 14381, 86, 313.12
2026/08/09 19:12:27.772, 0, 17345, 56, 324.99
2026/08/09 19:12:27.773, 1, 18669, 100, 339.16
2026/08/09 19:12:28.773, 0, 17345, 100, 346.71
2026/08/09 19:12:28.773, 1, 18669, 58, 276.18
2026/08/09 19:12:29.773, 0, 17217, 80, 335.29
2026/08/09 19:12:29.773, 1, 18605, 57, 294.51
2026/08/09 19:12:30.773, 0, 17217, 63, 319.63
2026/08/09 19:12:30.774, 1, 14509, 49, 332.38
2026/08/09 19:12:31.774, 0, 17217, 100, 323.12
2026/08/09 19:12:31.774, 1, 14541, 75, 284.47
2026/08/09 19:12:32.774, 0, 13121, 100, 315.43
2026/08/09 19:12:32.775, 1, 14477, 100, 343.59
2026/08/09 19:12:33.775, 0, 17281, 100, 354.85
2026/08/09 19:12:33.775, 1, 14285, 100, 344.45
2026/08/09 19:12:34.775, 0, 17313, 100, 359.80
2026/08/09 19:12:34.776, 1, 18477, 67, 314.49
2026/08/09 19:12:35.776, 0, 13217, 59, 362.23
2026/08/09 19:12:35.776, 1, 14381, 46, 293.62
2026/08/09 19:12:36.777, 0, 13313, 88, 336.46
2026/08/09 19:12:36.777, 1, 14413, 84, 328.91
2026/08/09 19:12:37.777, 0, 13313, 100, 308.24
2026/08/09 19:12:37.777, 1, 14381, 100, 353.28
2026/08/09 19:12:38.778, 0, 13249, 70, 357.02
2026/08/09 19:12:38.778, 1, 14477, 80, 303.65
2026/08/09 19:12:39.778, 0, 13089, 54, 346.45
2026/08/09 19:12:39.778, 1, 14477, 73, 306.33
2026/08/09 19:12:40.778, 0, 13089, 68, 329.96
2026/08/09 19:12:40.779, 1, 14797, 35, 320.40
2026/08/09 19:12:41.779, 0, 13025, 100, 375.73
2026/08/09 19:12:41.779, 1, 14797, 91, 284.69
2026/08/09 19:12:42.779, 0, 13025, 100, 354.44
2026/08/09 19:12:42.779, 1, 14829, 81, 316.60
2026/08/09 19:12:43.779, 0, 13025, 93, 358.94
2026/08/09 19:12:43.780, 1, 14765, 100, 320.55
2026/08/09 19:12:44.780, 0, 13217, 100, 369.18
2026/08/09 19:12:44.780, 1, 18477, 100, 344.32
2026/08/09 19:12:45.780, 0, 13345, 91, 314.75
2026/08/09 19:12:45.781, 1, 18413, 100, 326.36
2026/08/09 19:12:46.781, 0, 13377, 100, 375.22
2026/08/09 19:12:46.781, 1, 18413, 67, 315.95
2026/08/09 19:12:47.781, 0, 13473, 56, 366.13
2026/08/09 19:12:47.781, 1, 18413, 100, 335.59
2026/08/09 19:12:48.781, 0, 13473, 100, 348.81
2026/08/09 19:12:48.782, 1, 14285, 100, 326.43
2026/08/09 19:12:49.782, 0, 13473, 100, 353.89
2026/08/09 19:12:49.782, 1, 14285, 97, 328.58
2026/08/09 19:12:50.782, 0, 13473, 100, 326.17
2026/08/09 19:12:50.783, 1, 14221, 100, 326.98
2026/08/09 19:12:51.783, 0, 13217, 64, 330.61
2026/08/09 19:12:51.783, 1, 14253, 22, 309.14
2026/08/09 19:12:52.783, 0, 13217, 100, 346.54
2026/08/09 19:12:52.784, 1, 14317, 32, 305.23
2026/08/09 19:12:53.784, 0, 13217, 67, 316.83
2026/08/09 19:12:53.784, 1, 14317, 100, 315.98
2026/08/09 19:12:54.784, 0, 13281, 84, 370.64
2026/08/09 19:12:54.784, 1, 14285, 79, 342.41
2026/08/09 19:12:55.785, 0, 13025, 100, 372.54
2026/08/09 19:12:55.785, 1, 14285, 85, 318.45
2026/08/09 19:12:56.785, 0, 13025, 72, 340.66
2026/08/09 19:12:56.785, 1, 14381, 22, 314.70
2026/08/09 19:12:57.785, 0, 13025, 100, 373.39
2026/08/09 19:12:57.786, 1, 14317, 46, 319.43
2026/08/09 19:12:58.786, 0, 13057, 100, 373.91
2026/08/09 19:12:58.786, 1, 14381, 54, 340.74
2026/08/09 19:12:59.786, 0, 13121, 93, 349.90
2026/08/09 19:12:59.786, 1, 14381, 77, 345.31
2026/08/09 19:13:00.787, 0, 13153, 59, 343.10
2026/08/09 19:13:00.787, 1, 14381, 100, 306.70
2026/08/09 19:13:01.787, 0, 13089, 97, 387.92
2026/08/09 19:13:01.787, 1, 14317, 70, 318.11
2026/08/09 19:13:02.787, 0, 13281, 27, 351.47
2026/08/09 19:13:02.788, 1, 14317, 61, 304.01
2026/08/09 19:13:03.788, 0, 13281, 1, 292.01
2026/08/09 19:13:03.788, 1, 14317, 44, 302.35
2026/08/09 19:13:04.788, 0, 19521, 10, 338.47
2026/08/09 19:13:04.789, 1, 14253, 96, 318.26
2026/08/09 19:13:05.789, 0, 17153, 81, 346.65
2026/08/09 19:13:05.789, 1, 14253, 100, 324.14
2026/08/09 19:13:06.789, 0, 17217, 100, 317.78
2026/08/09 19:13:06.789, 1, 14317, 100, 328.99
2026/08/09 19:13:07.790, 0, 17217, 100, 310.66
2026/08/09 19:13:07.790, 1, 14317, 76, 308.37
2026/08/09 19:13:08.790, 0, 17217, 44, 322.29
2026/08/09 19:13:08.790, 1, 14317, 87, 297.33
2026/08/09 19:13:09.791, 0, 13121, 85, 338.94
2026/08/09 19:13:09.791, 1, 14317, 47, 323.21
2026/08/09 19:13:10.791, 0, 13057, 100, 342.15
2026/08/09 19:13:10.791, 1, 14253, 35, 293.49
2026/08/09 19:13:11.792, 0, 17281, 84, 338.38
2026/08/09 19:13:11.792, 1, 14189, 100, 315.22
2026/08/09 19:13:12.792, 0, 21473, 69, 309.43
2026/08/09 19:13:12.793, 1, 14253, 20, 324.16
2026/08/09 19:13:13.793, 0, 17249, 100, 329.81
2026/08/09 19:13:13.793, 1, 18541, 56, 304.83
2026/08/09 19:13:14.793, 0, 13153, 100, 340.73
2026/08/09 19:13:14.794, 1, 18541, 36, 287.29
2026/08/09 19:13:15.794, 0, 21345, 78, 325.27
2026/08/09 19:13:15.794, 1, 18541, 85, 313.29
2026/08/09 19:13:16.794, 0, 17185, 32, 323.01
2026/08/09 19:13:16.794, 1, 18541, 100, 322.07
2026/08/09 19:13:17.795, 0, 17185, 90, 338.96
2026/08/09 19:13:17.795, 1, 14317, 91, 302.33
2026/08/09 19:13:18.795, 0, 13089, 91, 368.23
2026/08/09 19:13:18.795, 1, 14317, 80, 309.92
2026/08/09 19:13:19.796, 0, 13153, 100, 384.69
2026/08/09 19:13:19.796, 1, 18509, 74, 333.01
2026/08/09 19:13:20.796, 0, 13025, 45, 352.52
2026/08/09 19:13:20.796, 1, 18509, 100, 316.95
2026/08/09 19:13:21.797, 0, 13025, 100, 357.09
2026/08/09 19:13:21.797, 1, 18509, 4, 310.61
2026/08/09 19:13:22.797, 0, 13025, 0, 334.23
2026/08/09 19:13:22.797, 1, 18509, 49, 314.85
2026/08/09 19:13:23.798, 0, 13025, 67, 369.83
2026/08/09 19:13:23.798, 1, 14349, 100, 308.39
2026/08/09 19:13:24.798, 0, 21153, 100, 372.37
2026/08/09 19:13:24.798, 1, 14253, 86, 343.62
2026/08/09 19:13:25.798, 0, 17217, 48, 349.81
2026/08/09 19:13:25.799, 1, 14285, 81, 304.85
2026/08/09 19:13:26.799, 0, 17217, 41, 359.27
2026/08/09 19:13:26.799, 1, 14285, 8, 298.36
2026/08/09 19:13:27.799, 0, 17217, 53, 350.98
2026/08/09 19:13:27.799, 1, 14477, 42, 282.12
2026/08/09 19:13:28.799, 0, 13025, 61, 360.68
2026/08/09 19:13:28.800, 1, 14573, 38, 323.48
2026/08/09 19:13:29.800, 0, 13025, 100, 358.14
2026/08/09 19:13:29.800, 1, 14445, 100, 334.54
2026/08/09 19:13:30.800, 0, 13025, 99, 351.84
2026/08/09 19:13:30.801, 1, 14381, 58, 315.05
2026/08/09 19:13:31.801, 0, 13025, 100, 332.46
2026/08/09 19:13:31.801, 1, 14477, 97, 309.85
2026/08/09 19:13:32.801, 0, 13089, 85, 336.67
2026/08/09 19:13:32.802, 1, 14477, 92, 333.48
2026/08/09 19:13:33.802, 0, 13025, 100, 355.88
2026/08/09 19:13:33.802, 1, 14445, 100, 320.86
2026/08/09 19:13:34.802, 0, 13025, 100, 368.39
2026/08/09 19:13:34.802, 1, 18445, 100, 301.12
2026/08/09 19:13:35.803, 0, 13025, 77, 351.56
2026/08/09 19:13:35.803, 1, 18445, 60, 292.22
2026/08/09 19:13:36.803, 0, 13025, 92, 369.68
2026/08/09 19:13:36.803, 1, 18605, 14, 321.02
2026/08/09 19:13:37.804, 0, 13025, 69, 355.49
2026/08/09 19:13:37.804, 1, 18605, 100, 325.85
2026/08/09 19:13:38.804, 0, 13153, 76, 364.81
2026/08/09 19:13:38.804, 1, 14413, 82, 314.82
2026/08/09 19:13:39.804, 0, 13153, 100, 372.00
2026/08/09 19:13:39.805, 1, 14445, 96, 314.66
2026/08/09 19:13:40.805, 0, 13217, 100, 361.46
2026/08/09 19:13:40.805, 1, 14445, 100, 322.41
2026/08/09 19:13:41.805, 0, 13153, 94, 365.33
2026/08/09 19:13:41.805, 1, 14445, 62, 319.33
2026/08/09 19:13:42.806, 0, 13153, 10, 350.20
2026/08/09 19:13:42.806, 1, 14317, 100, 321.90
2026/08/09 19:13:43.806, 0, 13153, 48, 326.01
2026/08/09 19:13:43.806, 1, 14317, 100, 299.22
2026/08/09 19:13:44.806, 0, 13569, 41, 299.44
2026/08/09 19:13:44.807, 1, 14253, 83, 325.21
2026/08/09 19:13:45.807, 0, 13569, 10, 253.84
2026/08/09 19:13:45.807, 1, 14285, 38, 326.59
2026/08/09 19:13:46.807, 0, 18593, 72, 203.71
2026/08/09 19:13:46.808, 1, 14285, 79, 311.06
2026/08/09 19:13:47.808, 0, 18593, 100, 297.55
2026/08/09 19:13:47.808, 1, 14285, 22, 315.81
2026/08/09 19:13:48.808, 0, 18593, 97, 251.99
2026/08/09 19:13:48.808, 1, 14317, 29, 312.11
2026/08/09 19:13:49.809, 0, 18529, 100, 341.90
2026/08/09 19:13:49.809, 1, 14445, 100, 315.82
2026/08/09 19:13:50.809, 0, 18529, 99, 371.29
2026/08/09 19:13:50.809, 1, 14509, 100, 322.59
2026/08/09 19:13:51.810, 0, 18113, 100, 363.95
2026/08/09 19:13:51.810, 1, 14445, 78, 326.79
2026/08/09 19:13:52.810, 0, 19297, 79, 342.20
2026/08/09 19:13:52.810, 1, 14317, 68, 317.80
2026/08/09 19:13:53.810, 0, 17249, 94, 348.35
2026/08/09 19:13:53.811, 1, 14317, 100, 315.70
2026/08/09 19:13:54.811, 0, 17217, 53, 362.40
2026/08/09 19:13:54.811, 1, 14381, 98, 333.18
2026/08/09 19:13:55.811, 0, 17217, 100, 382.07
2026/08/09 19:13:55.812, 1, 14381, 22, 311.20
2026/08/09 19:13:56.812, 0, 17249, 58, 322.89
2026/08/09 19:13:56.812, 1, 14445, 61, 298.57
2026/08/09 19:13:57.812, 0, 17185, 62, 354.33
2026/08/09 19:13:57.812, 1, 14445, 100, 328.94
2026/08/09 19:13:58.813, 0, 17185, 63, 365.84
2026/08/09 19:13:58.813, 1, 14445, 72, 314.15
2026/08/09 19:13:59.813, 0, 17185, 97, 329.77
2026/08/09 19:13:59.813, 1, 14381, 83, 291.39
2026/08/09 19:14:00.813, 0, 17345, 50, 317.23
2026/08/09 19:14:00.814, 1, 14381, 22, 323.23
2026/08/09 19:14:01.814, 0, 17345, 100, 354.62
2026/08/09 19:14:01.814, 1, 14381, 50, 325.09
2026/08/09 19:14:02.814, 0, 17377, 65, 334.18
2026/08/09 19:14:02.815, 1, 14349, 60, 315.43
2026/08/09 19:14:03.815, 0, 17377, 100, 337.26
2026/08/09 19:14:03.815, 1, 14509, 36, 284.56
2026/08/09 19:14:04.815, 0, 13153, 100, 356.06
2026/08/09 19:14:04.816, 1, 14317, 34, 317.82
2026/08/09 19:14:05.816, 0, 13281, 100, 373.62
2026/08/09 19:14:05.816, 1, 14317, 57, 321.20
2026/08/09 19:14:06.816, 0, 13217, 100, 368.49
2026/08/09 19:14:06.817, 1, 14349, 86, 325.75
2026/08/09 19:14:07.817, 0, 13057, 100, 381.09
2026/08/09 19:14:07.817, 1, 14285, 100, 310.73
2026/08/09 19:14:08.817, 0, 13057, 77, 378.84
2026/08/09 19:14:08.817, 1, 18349, 52, 320.00
2026/08/09 19:14:09.817, 0, 13025, 100, 370.85
2026/08/09 19:14:09.818, 1, 18413, 100, 330.21
2026/08/09 19:14:10.818, 0, 13025, 100, 321.51
2026/08/09 19:14:10.818, 1, 18413, 75, 305.70
2026/08/09 19:14:11.818, 0, 13153, 60, 341.86
2026/08/09 19:14:11.819, 1, 18413, 93, 303.22
2026/08/09 19:14:12.819, 0, 13313, 87, 366.27
2026/08/09 19:14:12.819, 1, 18573, 100, 331.02
2026/08/09 19:14:13.819, 0, 17217, 83, 324.73
2026/08/09 19:14:13.820, 1, 14445, 65, 316.56
2026/08/09 19:14:14.820, 0, 13857, 79, 364.50
2026/08/09 19:14:14.820, 1, 14445, 64, 309.20
2026/08/09 19:14:15.820, 0, 13089, 100, 352.49
2026/08/09 19:14:15.820, 1, 14381, 100, 329.40
2026/08/09 19:14:16.820, 0, 13089, 86, 334.88
2026/08/09 19:14:16.821, 1, 14317, 99, 297.12
2026/08/09 19:14:17.821, 0, 13089, 100, 332.40
2026/08/09 19:14:17.821, 1, 14317, 38, 304.42
2026/08/09 19:14:18.821, 0, 13217, 96, 375.10
2026/08/09 19:14:18.822, 1, 14381, 76, 321.07
2026/08/09 19:14:19.822, 0, 13217, 77, 332.47
2026/08/09 19:14:19.822, 1, 14509, 11, 318.64
2026/08/09 19:14:20.822, 0, 13185, 74, 382.85
2026/08/09 19:14:20.823, 1, 14509, 100, 296.83
2026/08/09 19:14:21.823, 0, 12961, 68, 356.97
2026/08/09 19:14:21.823, 1, 14317, 87, 305.27
2026/08/09 19:14:22.823, 0, 13025, 100, 365.73
2026/08/09 19:14:22.823, 1, 14317, 100, 327.98
2026/08/09 19:14:23.824, 0, 13025, 100, 374.89
2026/08/09 19:14:23.824, 1, 14125, 100, 306.98
2026/08/09 19:14:24.824, 0, 13121, 100, 335.46
2026/08/09 19:14:24.825, 1, 14125, 100, 315.54
2026/08/09 19:14:25.825, 0, 13345, 29, 333.79
2026/08/09 19:14:25.825, 1, 14125, 100, 336.00
2026/08/09 19:14:26.825, 0, 13089, 100, 367.95
2026/08/09 19:14:26.825, 1, 18317, 26, 298.85
2026/08/09 19:14:27.826, 0, 13153, 97, 329.32
2026/08/09 19:14:27.826, 1, 18317, 81, 300.99
2026/08/09 19:14:28.826, 0, 13153, 88, 333.34
2026/08/09 19:14:28.826, 1, 18381, 70, 318.55
2026/08/09 19:14:29.827, 0, 13153, 61, 315.17
2026/08/09 19:14:29.827, 1, 18381, 100, 310.12
2026/08/09 19:14:30.827, 0, 13089, 29, 344.60
2026/08/09 19:14:30.827, 1, 18381, 90, 314.96
2026/08/09 19:14:31.827, 0, 13153, 7, 334.97
2026/08/09 19:14:31.828, 1, 18381, 91, 302.21
2026/08/09 19:14:32.828, 0, 13153, 16, 309.14
2026/08/09 19:14:32.828, 1, 18285, 90, 332.57
2026/08/09 19:14:33.829, 0, 13185, 91, 352.72
2026/08/09 19:14:33.829, 1, 18381, 59, 307.84
2026/08/09 19:14:34.829, 0, 13185, 100, 334.99
2026/08/09 19:14:34.829, 1, 14189, 90, 314.42
2026/08/09 19:14:35.829, 0, 13121, 50, 364.36
2026/08/09 19:14:35.830, 1, 14189, 100, 319.52
2026/08/09 19:14:36.830, 0, 13121, 35, 326.57
2026/08/09 19:14:36.830, 1, 14253, 85, 324.42
2026/08/09 19:14:37.830, 0, 13121, 84, 335.96
2026/08/09 19:14:37.831, 1, 14317, 100, 321.02
2026/08/09 19:14:38.831, 0, 13121, 100, 333.22
2026/08/09 19:14:38.831, 1, 14253, 76, 296.45
2026/08/09 19:14:39.831, 0, 13089, 74, 354.85
2026/08/09 19:14:39.832, 1, 14189, 55, 326.17
2026/08/09 19:14:40.832, 0, 13089, 81, 347.09
2026/08/09 19:14:40.832, 1, 14285, 100, 317.02
2026/08/09 19:14:41.832, 0, 13153, 79, 360.95
2026/08/09 19:14:41.833, 1, 14285, 100, 312.58
2026/08/09 19:14:42.833, 0, 13153, 63, 313.55
2026/08/09 19:14:42.833, 1, 14285, 78, 309.69
2026/08/09 19:14:43.833, 0, 13089, 75, 328.26
2026/08/09 19:14:43.834, 1, 14253, 100, 326.95
2026/08/09 19:14:44.834, 0, 13089, 68, 344.36
2026/08/09 19:14:44.834, 1, 14189, 100, 321.96
2026/08/09 19:14:45.834, 0, 13089, 2, 321.46
2026/08/09 19:14:45.834, 1, 14221, 75, 316.32
2026/08/09 19:14:46.834, 0, 13185, 80, 323.63
2026/08/09 19:14:46.835, 1, 14221, 39, 291.84
2026/08/09 19:14:47.835, 0, 13185, 100, 342.10
2026/08/09 19:14:47.835, 1, 14669, 12, 273.98
2026/08/09 19:14:48.835, 0, 13185, 69, 269.14
2026/08/09 19:14:48.835, 1, 14669, 0, 157.84
2026/08/09 19:14:49.836, 0, 13185, 0, 185.58
2026/08/09 19:14:49.836, 1, 14669, 0, 158.14
2026/08/09 19:14:50.836, 0, 13185, 0, 160.19
2026/08/09 19:14:50.836, 1, 14669, 0, 147.39
2026/08/09 19:14:51.836, 0, 13185, 0, 159.79
2026/08/09 19:14:51.836, 1, 14669, 0, 141.43
2026/08/09 19:14:52.837, 0, 13185, 0, 159.22
2026/08/09 19:14:52.837, 1, 14669, 0, 136.58
2026/08/09 19:14:53.837, 0, 13185, 0, 158.88
2026/08/09 19:14:53.837, 1, 14669, 0, 135.23
2026/08/09 19:14:54.837, 0, 13185, 0, 158.31
2026/08/09 19:14:54.838, 1, 14669, 0, 133.79
2026/08/09 19:14:55.838, 0, 13185, 0, 158.09
2026/08/09 19:14:55.838, 1, 14669, 0, 133.14
2026/08/09 19:14:56.838, 0, 13185, 0, 157.53
2026/08/09 19:14:56.838, 1, 14669, 0, 132.21
2026/08/09 19:14:57.839, 0, 13185, 5, 156.86
2026/08/09 19:14:57.839, 1, 14669, 0, 132.48
2026/08/09 19:14:58.839, 0, 13185, 0, 156.84
2026/08/09 19:14:58.839, 1, 14669, 0, 132.69
2026/08/09 19:14:59.839, 0, 13185, 0, 156.33
2026/08/09 19:14:59.839, 1, 14669, 0, 130.82
2026/08/09 19:15:00.840, 0, 13185, 0, 156.24
2026/08/09 19:15:00.840, 1, 14669, 0, 131.59
2026/08/09 19:15:01.840, 0, 13185, 0, 156.20
2026/08/09 19:15:01.840, 1, 14669, 0, 131.50
2026/08/09 19:15:02.841, 0, 13185, 0, 156.06
2026/08/09 19:15:02.841, 1, 14669, 0, 130.44
2026/08/09 19:15:03.841, 0, 13185, 0, 155.70
2026/08/09 19:15:03.842, 1, 14669, 0, 130.36
2026/08/09 19:15:04.842, 0, 13185, 0, 155.46
2026/08/09 19:15:04.842, 1, 14669, 0, 130.25
2026/08/09 19:15:05.842, 0, 13185, 0, 155.34
2026/08/09 19:15:05.842, 1, 14669, 0, 130.16
2026/08/09 19:15:06.843, 0, 13185, 0, 154.73
2026/08/09 19:15:06.843, 1, 14669, 0, 130.22
